"Date","DayOfWeek","Symbol","UTCOffset","DataStatus","SetupStatus","SetupValid","OutcomeComplete","AsiaComplete","AsiaExpectedBars","AsiaBars","AsiaMissingBars","AsiaMaxGapMinutes","AsiaBadBars","AsiaHigh","AsiaLow","AsiaRange","AsiaRangePoints","AsiaRangePips","AsiaHighTime","AsiaLowTime","LondonComplete","LondonExpectedBars","LondonBars","LondonMissingBars","LondonMaxGapMinutes","LondonBadBars","LondonHigh","LondonLow","LondonRange","LondonRangePoints","LondonRangePips","LondonHighTime","LondonLowTime","CompressionRatio","LondonMid","LondonMidPosition","Price0800Time","Price0800","Price0800Position","Distance0800ToAsiaHighPoints","Distance0800ToAsiaHighPips","Distance0800ToAsiaHighPctAsia","Distance0800ToAsiaLowPoints","Distance0800ToAsiaLowPips","Distance0800ToAsiaLowPctAsia","BreakoutClass","FirstBreakDirection","FirstBreakTime","FirstBreakMinutesFrom0800","FirstBreakPrice","NYComplete","NYExpectedBars","NYBars","NYMissingBars","NYMaxGapMinutes","NYBadBars","NYHigh","NYLow","NYRange","NYRangePoints","NYRangePips","NYHighTime","NYLowTime","NYRangeToAsiaRange","HighBreakOccurred","HighBreakTime","HighBreakPrice","HighBreakBarOpen","HighBreakGap","HighBreakMFE_Points","HighBreakMFE_Pips","HighBreakMFE_PctAsia","HighBreakMAE_Points","HighBreakMAE_Pips","HighBreakMAE_PctAsia","HighBreakMAELower_Points","HighBreakMAELower_Pips","HighBreakMAELower_PctAsia","HighBreakMAERatio","HighNormalizedExpansion","HighBreakMAEAmbiguous","HighBreakMFETime","HighBreakMinutesToMFE","HighBreakReturnedInsideAsia","HighBreakTimeReturnedInsideAsia","HighBreakEarliestPossibleReturnTime","HighBreakOppositeAfter","HighBreakOppositeAfterTime","HighBreakEarliestPossibleOppositeTime","High_A_SL_Points","High_A_SL_Pips","High_A_0_5R_Status","High_A_0_5R_HitBeforeSL","High_A_1R_Status","High_A_1R_HitBeforeSL","High_A_1_5R_Status","High_A_1_5R_HitBeforeSL","High_A_2R_Status","High_A_2R_HitBeforeSL","High_A_2_5R_Status","High_A_2_5R_HitBeforeSL","High_A_3R_Status","High_A_3R_HitBeforeSL","High_A_4R_Status","High_A_4R_HitBeforeSL","High_B_SL_Points","High_B_SL_Pips","High_B_0_5R_Status","High_B_0_5R_HitBeforeSL","High_B_1R_Status","High_B_1R_HitBeforeSL","High_B_1_5R_Status","High_B_1_5R_HitBeforeSL","High_B_2R_Status","High_B_2R_HitBeforeSL","High_B_2_5R_Status","High_B_2_5R_HitBeforeSL","High_B_3R_Status","High_B_3R_HitBeforeSL","High_B_4R_Status","High_B_4R_HitBeforeSL","High_C_SL_Points","High_C_SL_Pips","High_C_0_5R_Status","High_C_0_5R_HitBeforeSL","High_C_1R_Status","High_C_1R_HitBeforeSL","High_C_1_5R_Status","High_C_1_5R_HitBeforeSL","High_C_2R_Status","High_C_2R_HitBeforeSL","High_C_2_5R_Status","High_C_2_5R_HitBeforeSL","High_C_3R_Status","High_C_3R_HitBeforeSL","High_C_4R_Status","High_C_4R_HitBeforeSL","LowBreakOccurred","LowBreakTime","LowBreakPrice","LowBreakBarOpen","LowBreakGap","LowBreakMFE_Points","LowBreakMFE_Pips","LowBreakMFE_PctAsia","LowBreakMAE_Points","LowBreakMAE_Pips","LowBreakMAE_PctAsia","LowBreakMAELower_Points","LowBreakMAELower_Pips","LowBreakMAELower_PctAsia","LowBreakMAERatio","LowNormalizedExpansion","LowBreakMAEAmbiguous","LowBreakMFETime","LowBreakMinutesToMFE","LowBreakReturnedInsideAsia","LowBreakTimeReturnedInsideAsia","LowBreakEarliestPossibleReturnTime","LowBreakOppositeAfter","LowBreakOppositeAfterTime","LowBreakEarliestPossibleOppositeTime","Low_A_SL_Points","Low_A_SL_Pips","Low_A_0_5R_Status","Low_A_0_5R_HitBeforeSL","Low_A_1R_Status","Low_A_1R_HitBeforeSL","Low_A_1_5R_Status","Low_A_1_5R_HitBeforeSL","Low_A_2R_Status","Low_A_2R_HitBeforeSL","Low_A_2_5R_Status","Low_A_2_5R_HitBeforeSL","Low_A_3R_Status","Low_A_3R_HitBeforeSL","Low_A_4R_Status","Low_A_4R_HitBeforeSL","Low_B_SL_Points","Low_B_SL_Pips","Low_B_0_5R_Status","Low_B_0_5R_HitBeforeSL","Low_B_1R_Status","Low_B_1R_HitBeforeSL","Low_B_1_5R_Status","Low_B_1_5R_HitBeforeSL","Low_B_2R_Status","Low_B_2R_HitBeforeSL","Low_B_2_5R_Status","Low_B_2_5R_HitBeforeSL","Low_B_3R_Status","Low_B_3R_HitBeforeSL","Low_B_4R_Status","Low_B_4R_HitBeforeSL","Low_C_SL_Points","Low_C_SL_Pips","Low_C_0_5R_Status","Low_C_0_5R_HitBeforeSL","Low_C_1R_Status","Low_C_1R_HitBeforeSL","Low_C_1_5R_Status","Low_C_1_5R_HitBeforeSL","Low_C_2R_Status","Low_C_2R_HitBeforeSL","Low_C_2_5R_Status","Low_C_2_5R_HitBeforeSL","Low_C_3R_Status","Low_C_3R_HitBeforeSL","Low_C_4R_Status","Low_C_4R_HitBeforeSL","ReturnedInsideAsia","TimeReturnedInsideAsia","BreakBothSides","FirstBreakMFE_Points","FirstBreakMFE_Pips","FirstBreakMFE_PctAsia","FirstBreakMAE_Points","FirstBreakMAE_Pips","FirstBreakMAE_PctAsia","FirstBreakMAELower_Points","FirstBreakMAELower_Pips","FirstBreakMAELower_PctAsia","MFETime","MinutesToMFE","PreviousDayDate","PreviousDayRange","PreviousDayRangePoints","PreviousDayRangePips","PreviousDayOpen","PreviousDayClose","PreviousDayDirection","ATR14","ATR14Points","ATR14Pips","ADR20","ADR20Points","ADR20Pips","PreviousDayCoveragePct","Context20MinCoveragePct","ContextConsecutiveDays","ContextQuality"
"2026.01.01","Thursday","EURUSD","-3","INCOMPLETE_SETUP_M1","UNKNOWN","","false","false","480","0","480","480","0","","","","","","","","false","240","0","240","240","0","","","","","","","","","","","2026.01.01 08:00:00","","","","","","","","","UNAVAILABLE","","","","","false","360","0","360","360","0","","","","","","","","","","","","","","","","","","","","","","","","","","","","","","","","","","","","UNAVAILABLE","","UNAVAILABLE","","UNAVAILABLE","","UNAVAILABLE","","UNAVAILABLE","","UNAVAILABLE","","UNAVAILABLE","","","","UNAVAILABLE","","UNAVAILABLE","","UNAVAILABLE","","UNAVAILABLE","","UNAVAILABLE","","UNAVAILABLE","","UNAVAILABLE","","","","UNAVAILABLE","","UNAVAILABLE","","UNAVAILABLE","","UNAVAILABLE","","UNAVAILABLE","","UNAVAILABLE","","UNAVAILABLE","","","","","","","","","","","","","","","","","","","","","","","","","","","","","UNAVAILABLE","","UNAVAILABLE","","UNAVAILABLE","","UNAVAILABLE","","UNAVAILABLE","","UNAVAILABLE","","UNAVAILABLE","","","","UNAVAILABLE","","UNAVAILABLE","","UNAVAILABLE","","UNAVAILABLE","","UNAVAILABLE","","UNAVAILABLE","","UNAVAILABLE","","","","UNAVAILABLE","","UNAVAILABLE","","UNAVAILABLE","","UNAVAILABLE","","UNAVAILABLE","","UNAVAILABLE","","UNAVAILABLE","","","","","","","","","","","","","","","","2025.12.31 00:00:00","","","","","","","","","","","","","","","0","PREVIOUS_WEEKDAY_MISSING"
"2026.01.02","Friday","EURUSD","-3","INCOMPLETE_SETUP_M1","UNKNOWN","","false","false","480","0","480","480","0","","","","","","","","false","240","0","240","240","0","","","","","","","","","","","2026.01.02 08:00:00","","","","","","","","","UNAVAILABLE","","","","","false","360","0","360","360","0","","","","","","","","","","","","","","","","","","","","","","","","","","","","","","","","","","","","UNAVAILABLE","","UNAVAILABLE","","UNAVAILABLE","","UNAVAILABLE","","UNAVAILABLE","","UNAVAILABLE","","UNAVAILABLE","","","","UNAVAILABLE","","UNAVAILABLE","","UNAVAILABLE","","UNAVAILABLE","","UNAVAILABLE","","UNAVAILABLE","","UNAVAILABLE","","","","UNAVAILABLE","","UNAVAILABLE","","UNAVAILABLE","","UNAVAILABLE","","UNAVAILABLE","","UNAVAILABLE","","UNAVAILABLE","","","","","","","","","","","","","","","","","","","","","","","","","","","","","UNAVAILABLE","","UNAVAILABLE","","UNAVAILABLE","","UNAVAILABLE","","UNAVAILABLE","","UNAVAILABLE","","UNAVAILABLE","","","","UNAVAILABLE","","UNAVAILABLE","","UNAVAILABLE","","UNAVAILABLE","","UNAVAILABLE","","UNAVAILABLE","","UNAVAILABLE","","","","UNAVAILABLE","","UNAVAILABLE","","UNAVAILABLE","","UNAVAILABLE","","UNAVAILABLE","","UNAVAILABLE","","UNAVAILABLE","","","","","","","","","","","","","","","","2026.01.01 00:00:00","","","","","","","","","","","","","","","0","PREVIOUS_WEEKDAY_MISSING"
"2026.01.03","Saturday","EURUSD","-3","WEEKEND","UNKNOWN","","false","false","0","0","0","0","0","","","","","","","","false","0","0","0","0","0","","","","","","","","","","","","","","","","","","","","UNAVAILABLE","","","","","false","0","0","0","0","0","","","","","","","","","","","","","","","","","","","","","","","","","","","","","","","","","","","","UNAVAILABLE","","UNAVAILABLE","","UNAVAILABLE","","UNAVAILABLE","","UNAVAILABLE","","UNAVAILABLE","","UNAVAILABLE","","","","UNAVAILABLE","","UNAVAILABLE","","UNAVAILABLE","","UNAVAILABLE","","UNAVAILABLE","","UNAVAILABLE","","UNAVAILABLE","","","","UNAVAILABLE","","UNAVAILABLE","","UNAVAILABLE","","UNAVAILABLE","","UNAVAILABLE","","UNAVAILABLE","","UNAVAILABLE","","","","","","","","","","","","","","","","","","","","","","","","","","","","","UNAVAILABLE","","UNAVAILABLE","","UNAVAILABLE","","UNAVAILABLE","","UNAVAILABLE","","UNAVAILABLE","","UNAVAILABLE","","","","UNAVAILABLE","","UNAVAILABLE","","UNAVAILABLE","","UNAVAILABLE","","UNAVAILABLE","","UNAVAILABLE","","UNAVAILABLE","","","","UNAVAILABLE","","UNAVAILABLE","","UNAVAILABLE","","UNAVAILABLE","","UNAVAILABLE","","UNAVAILABLE","","UNAVAILABLE","","","","","","","","","","","","","","","","2026.01.02 00:00:00","","","","","","","","","","","","","","","0","PREVIOUS_WEEKDAY_MISSING"
"2026.01.04","Sunday","EURUSD","-3","WEEKEND","UNKNOWN","","false","false","0","0","0","0","0","","","","","","","","false","0","0","0","0","0","","","","","","","","","","","","","","","","","","","","UNAVAILABLE","","","","","false","0","0","0","0","0","","","","","","","","","","","","","","","","","","","","","","","","","","","","","","","","","","","","UNAVAILABLE","","UNAVAILABLE","","UNAVAILABLE","","UNAVAILABLE","","UNAVAILABLE","","UNAVAILABLE","","UNAVAILABLE","","","","UNAVAILABLE","","UNAVAILABLE","","UNAVAILABLE","","UNAVAILABLE","","UNAVAILABLE","","UNAVAILABLE","","UNAVAILABLE","","","","UNAVAILABLE","","UNAVAILABLE","","UNAVAILABLE","","UNAVAILABLE","","UNAVAILABLE","","UNAVAILABLE","","UNAVAILABLE","","","","","","","","","","","","","","","","","","","","","","","","","","","","","UNAVAILABLE","","UNAVAILABLE","","UNAVAILABLE","","UNAVAILABLE","","UNAVAILABLE","","UNAVAILABLE","","UNAVAILABLE","","","","UNAVAILABLE","","UNAVAILABLE","","UNAVAILABLE","","UNAVAILABLE","","UNAVAILABLE","","UNAVAILABLE","","UNAVAILABLE","","","","UNAVAILABLE","","UNAVAILABLE","","UNAVAILABLE","","UNAVAILABLE","","UNAVAILABLE","","UNAVAILABLE","","UNAVAILABLE","","","","","","","","","","","","","","","","2026.01.02 00:00:00","","","","","","","","","","","","","","","0","PREVIOUS_WEEKDAY_MISSING"
"2026.01.05","Monday","EURUSD","-3","INCOMPLETE_SETUP_M1","UNKNOWN","","false","false","480","0","480","480","0","","","","","","","","false","240","0","240","240","0","","","","","","","","","","","2026.01.05 08:00:00","","","","","","","","","UNAVAILABLE","","","","","false","360","0","360","360","0","","","","","","","","","","","","","","","","","","","","","","","","","","","","","","","","","","","","UNAVAILABLE","","UNAVAILABLE","","UNAVAILABLE","","UNAVAILABLE","","UNAVAILABLE","","UNAVAILABLE","","UNAVAILABLE","","","","UNAVAILABLE","","UNAVAILABLE","","UNAVAILABLE","","UNAVAILABLE","","UNAVAILABLE","","UNAVAILABLE","","UNAVAILABLE","","","","UNAVAILABLE","","UNAVAILABLE","","UNAVAILABLE","","UNAVAILABLE","","UNAVAILABLE","","UNAVAILABLE","","UNAVAILABLE","","","","","","","","","","","","","","","","","","","","","","","","","","","","","UNAVAILABLE","","UNAVAILABLE","","UNAVAILABLE","","UNAVAILABLE","","UNAVAILABLE","","UNAVAILABLE","","UNAVAILABLE","","","","UNAVAILABLE","","UNAVAILABLE","","UNAVAILABLE","","UNAVAILABLE","","UNAVAILABLE","","UNAVAILABLE","","UNAVAILABLE","","","","UNAVAILABLE","","UNAVAILABLE","","UNAVAILABLE","","UNAVAILABLE","","UNAVAILABLE","","UNAVAILABLE","","UNAVAILABLE","","","","","","","","","","","","","","","","2026.01.02 00:00:00","","","","","","","","","","","","","","","0","PREVIOUS_WEEKDAY_MISSING"
"2026.01.06","Tuesday","EURUSD","-3","INCOMPLETE_SETUP_M1","UNKNOWN","","false","false","480","0","480","480","0","","","","","","","","false","240","0","240","240","0","","","","","","","","","","","2026.01.06 08:00:00","","","","","","","","","UNAVAILABLE","","","","","false","360","0","360","360","0","","","","","","","","","","","","","","","","","","","","","","","","","","","","","","","","","","","","UNAVAILABLE","","UNAVAILABLE","","UNAVAILABLE","","UNAVAILABLE","","UNAVAILABLE","","UNAVAILABLE","","UNAVAILABLE","","","","UNAVAILABLE","","UNAVAILABLE","","UNAVAILABLE","","UNAVAILABLE","","UNAVAILABLE","","UNAVAILABLE","","UNAVAILABLE","","","","UNAVAILABLE","","UNAVAILABLE","","UNAVAILABLE","","UNAVAILABLE","","UNAVAILABLE","","UNAVAILABLE","","UNAVAILABLE","","","","","","","","","","","","","","","","","","","","","","","","","","","","","UNAVAILABLE","","UNAVAILABLE","","UNAVAILABLE","","UNAVAILABLE","","UNAVAILABLE","","UNAVAILABLE","","UNAVAILABLE","","","","UNAVAILABLE","","UNAVAILABLE","","UNAVAILABLE","","UNAVAILABLE","","UNAVAILABLE","","UNAVAILABLE","","UNAVAILABLE","","","","UNAVAILABLE","","UNAVAILABLE","","UNAVAILABLE","","UNAVAILABLE","","UNAVAILABLE","","UNAVAILABLE","","UNAVAILABLE","","","","","","","","","","","","","","","","2026.01.05 00:00:00","","","","","","","","","","","","","","","0","PREVIOUS_WEEKDAY_MISSING"
"2026.01.07","Wednesday","EURUSD","-3","INCOMPLETE_SETUP_M1","UNKNOWN","","false","false","480","0","480","480","0","","","","","","","","false","240","0","240","240","0","","","","","","","","","","","2026.01.07 08:00:00","","","","","","","","","UNAVAILABLE","","","","","false","360","0","360","360","0","","","","","","","","","","","","","","","","","","","","","","","","","","","","","","","","","","","","UNAVAILABLE","","UNAVAILABLE","","UNAVAILABLE","","UNAVAILABLE","","UNAVAILABLE","","UNAVAILABLE","","UNAVAILABLE","","","","UNAVAILABLE","","UNAVAILABLE","","UNAVAILABLE","","UNAVAILABLE","","UNAVAILABLE","","UNAVAILABLE","","UNAVAILABLE","","","","UNAVAILABLE","","UNAVAILABLE","","UNAVAILABLE","","UNAVAILABLE","","UNAVAILABLE","","UNAVAILABLE","","UNAVAILABLE","","","","","","","","","","","","","","","","","","","","","","","","","","","","","UNAVAILABLE","","UNAVAILABLE","","UNAVAILABLE","","UNAVAILABLE","","UNAVAILABLE","","UNAVAILABLE","","UNAVAILABLE","","","","UNAVAILABLE","","UNAVAILABLE","","UNAVAILABLE","","UNAVAILABLE","","UNAVAILABLE","","UNAVAILABLE","","UNAVAILABLE","","","","UNAVAILABLE","","UNAVAILABLE","","UNAVAILABLE","","UNAVAILABLE","","UNAVAILABLE","","UNAVAILABLE","","UNAVAILABLE","","","","","","","","","","","","","","","","2026.01.06 00:00:00","","","","","","","","","","","","","","","0","PREVIOUS_WEEKDAY_MISSING"
"2026.01.08","Thursday","EURUSD","-3","INCOMPLETE_SETUP_M1","UNKNOWN","","false","false","480","0","480","480","0","","","","","","","","false","240","0","240","240","0","","","","","","","","","","","2026.01.08 08:00:00","","","","","","","","","UNAVAILABLE","","","","","false","360","0","360","360","0","","","","","","","","","","","","","","","","","","","","","","","","","","","","","","","","","","","","UNAVAILABLE","","UNAVAILABLE","","UNAVAILABLE","","UNAVAILABLE","","UNAVAILABLE","","UNAVAILABLE","","UNAVAILABLE","","","","UNAVAILABLE","","UNAVAILABLE","","UNAVAILABLE","","UNAVAILABLE","","UNAVAILABLE","","UNAVAILABLE","","UNAVAILABLE","","","","UNAVAILABLE","","UNAVAILABLE","","UNAVAILABLE","","UNAVAILABLE","","UNAVAILABLE","","UNAVAILABLE","","UNAVAILABLE","","","","","","","","","","","","","","","","","","","","","","","","","","","","","UNAVAILABLE","","UNAVAILABLE","","UNAVAILABLE","","UNAVAILABLE","","UNAVAILABLE","","UNAVAILABLE","","UNAVAILABLE","","","","UNAVAILABLE","","UNAVAILABLE","","UNAVAILABLE","","UNAVAILABLE","","UNAVAILABLE","","UNAVAILABLE","","UNAVAILABLE","","","","UNAVAILABLE","","UNAVAILABLE","","UNAVAILABLE","","UNAVAILABLE","","UNAVAILABLE","","UNAVAILABLE","","UNAVAILABLE","","","","","","","","","","","","","","","","2026.01.07 00:00:00","","","","","","","","","","","","","","","0","PREVIOUS_WEEKDAY_MISSING"
"2026.01.09","Friday","EURUSD","-3","INCOMPLETE_SETUP_M1","UNKNOWN","","false","false","480","0","480","480","0","","","","","","","","false","240","0","240","240","0","","","","","","","","","","","2026.01.09 08:00:00","","","","","","","","","UNAVAILABLE","","","","","false","360","0","360","360","0","","","","","","","","","","","","","","","","","","","","","","","","","","","","","","","","","","","","UNAVAILABLE","","UNAVAILABLE","","UNAVAILABLE","","UNAVAILABLE","","UNAVAILABLE","","UNAVAILABLE","","UNAVAILABLE","","","","UNAVAILABLE","","UNAVAILABLE","","UNAVAILABLE","","UNAVAILABLE","","UNAVAILABLE","","UNAVAILABLE","","UNAVAILABLE","","","","UNAVAILABLE","","UNAVAILABLE","","UNAVAILABLE","","UNAVAILABLE","","UNAVAILABLE","","UNAVAILABLE","","UNAVAILABLE","","","","","","","","","","","","","","","","","","","","","","","","","","","","","UNAVAILABLE","","UNAVAILABLE","","UNAVAILABLE","","UNAVAILABLE","","UNAVAILABLE","","UNAVAILABLE","","UNAVAILABLE","","","","UNAVAILABLE","","UNAVAILABLE","","UNAVAILABLE","","UNAVAILABLE","","UNAVAILABLE","","UNAVAILABLE","","UNAVAILABLE","","","","UNAVAILABLE","","UNAVAILABLE","","UNAVAILABLE","","UNAVAILABLE","","UNAVAILABLE","","UNAVAILABLE","","UNAVAILABLE","","","","","","","","","","","","","","","","2026.01.08 00:00:00","","","","","","","","","","","","","","","0","PREVIOUS_WEEKDAY_MISSING"
"2026.01.10","Saturday","EURUSD","-3","WEEKEND","UNKNOWN","","false","false","0","0","0","0","0","","","","","","","","false","0","0","0","0","0","","","","","","","","","","","","","","","","","","","","UNAVAILABLE","","","","","false","0","0","0","0","0","","","","","","","","","","","","","","","","","","","","","","","","","","","","","","","","","","","","UNAVAILABLE","","UNAVAILABLE","","UNAVAILABLE","","UNAVAILABLE","","UNAVAILABLE","","UNAVAILABLE","","UNAVAILABLE","","","","UNAVAILABLE","","UNAVAILABLE","","UNAVAILABLE","","UNAVAILABLE","","UNAVAILABLE","","UNAVAILABLE","","UNAVAILABLE","","","","UNAVAILABLE","","UNAVAILABLE","","UNAVAILABLE","","UNAVAILABLE","","UNAVAILABLE","","UNAVAILABLE","","UNAVAILABLE","","","","","","","","","","","","","","","","","","","","","","","","","","","","","UNAVAILABLE","","UNAVAILABLE","","UNAVAILABLE","","UNAVAILABLE","","UNAVAILABLE","","UNAVAILABLE","","UNAVAILABLE","","","","UNAVAILABLE","","UNAVAILABLE","","UNAVAILABLE","","UNAVAILABLE","","UNAVAILABLE","","UNAVAILABLE","","UNAVAILABLE","","","","UNAVAILABLE","","UNAVAILABLE","","UNAVAILABLE","","UNAVAILABLE","","UNAVAILABLE","","UNAVAILABLE","","UNAVAILABLE","","","","","","","","","","","","","","","","2026.01.09 00:00:00","","","","","","","","","","","","","","","0","PREVIOUS_WEEKDAY_MISSING"
"2026.01.11","Sunday","EURUSD","-3","WEEKEND","UNKNOWN","","false","false","0","0","0","0","0","","","","","","","","false","0","0","0","0","0","","","","","","","","","","","","","","","","","","","","UNAVAILABLE","","","","","false","0","0","0","0","0","","","","","","","","","","","","","","","","","","","","","","","","","","","","","","","","","","","","UNAVAILABLE","","UNAVAILABLE","","UNAVAILABLE","","UNAVAILABLE","","UNAVAILABLE","","UNAVAILABLE","","UNAVAILABLE","","","","UNAVAILABLE","","UNAVAILABLE","","UNAVAILABLE","","UNAVAILABLE","","UNAVAILABLE","","UNAVAILABLE","","UNAVAILABLE","","","","UNAVAILABLE","","UNAVAILABLE","","UNAVAILABLE","","UNAVAILABLE","","UNAVAILABLE","","UNAVAILABLE","","UNAVAILABLE","","","","","","","","","","","","","","","","","","","","","","","","","","","","","UNAVAILABLE","","UNAVAILABLE","","UNAVAILABLE","","UNAVAILABLE","","UNAVAILABLE","","UNAVAILABLE","","UNAVAILABLE","","","","UNAVAILABLE","","UNAVAILABLE","","UNAVAILABLE","","UNAVAILABLE","","UNAVAILABLE","","UNAVAILABLE","","UNAVAILABLE","","","","UNAVAILABLE","","UNAVAILABLE","","UNAVAILABLE","","UNAVAILABLE","","UNAVAILABLE","","UNAVAILABLE","","UNAVAILABLE","","","","","","","","","","","","","","","","2026.01.09 00:00:00","","","","","","","","","","","","","","","0","PREVIOUS_WEEKDAY_MISSING"
"2026.01.12","Monday","EURUSD","-3","INCOMPLETE_SETUP_M1","UNKNOWN","","false","false","480","0","480","480","0","","","","","","","","false","240","0","240","240","0","","","","","","","","","","","2026.01.12 08:00:00","","","","","","","","","UNAVAILABLE","","","","","false","360","0","360","360","0","","","","","","","","","","","","","","","","","","","","","","","","","","","","","","","","","","","","UNAVAILABLE","","UNAVAILABLE","","UNAVAILABLE","","UNAVAILABLE","","UNAVAILABLE","","UNAVAILABLE","","UNAVAILABLE","","","","UNAVAILABLE","","UNAVAILABLE","","UNAVAILABLE","","UNAVAILABLE","","UNAVAILABLE","","UNAVAILABLE","","UNAVAILABLE","","","","UNAVAILABLE","","UNAVAILABLE","","UNAVAILABLE","","UNAVAILABLE","","UNAVAILABLE","","UNAVAILABLE","","UNAVAILABLE","","","","","","","","","","","","","","","","","","","","","","","","","","","","","UNAVAILABLE","","UNAVAILABLE","","UNAVAILABLE","","UNAVAILABLE","","UNAVAILABLE","","UNAVAILABLE","","UNAVAILABLE","","","","UNAVAILABLE","","UNAVAILABLE","","UNAVAILABLE","","UNAVAILABLE","","UNAVAILABLE","","UNAVAILABLE","","UNAVAILABLE","","","","UNAVAILABLE","","UNAVAILABLE","","UNAVAILABLE","","UNAVAILABLE","","UNAVAILABLE","","UNAVAILABLE","","UNAVAILABLE","","","","","","","","","","","","","","","","2026.01.09 00:00:00","","","","","","","","","","","","","","","0","PREVIOUS_WEEKDAY_MISSING"
"2026.01.13","Tuesday","EURUSD","-3","INCOMPLETE_SETUP_M1","UNKNOWN","","false","false","480","0","480","480","0","","","","","","","","false","240","0","240","240","0","","","","","","","","","","","2026.01.13 08:00:00","","","","","","","","","UNAVAILABLE","","","","","false","360","0","360","360","0","","","","","","","","","","","","","","","","","","","","","","","","","","","","","","","","","","","","UNAVAILABLE","","UNAVAILABLE","","UNAVAILABLE","","UNAVAILABLE","","UNAVAILABLE","","UNAVAILABLE","","UNAVAILABLE","","","","UNAVAILABLE","","UNAVAILABLE","","UNAVAILABLE","","UNAVAILABLE","","UNAVAILABLE","","UNAVAILABLE","","UNAVAILABLE","","","","UNAVAILABLE","","UNAVAILABLE","","UNAVAILABLE","","UNAVAILABLE","","UNAVAILABLE","","UNAVAILABLE","","UNAVAILABLE","","","","","","","","","","","","","","","","","","","","","","","","","","","","","UNAVAILABLE","","UNAVAILABLE","","UNAVAILABLE","","UNAVAILABLE","","UNAVAILABLE","","UNAVAILABLE","","UNAVAILABLE","","","","UNAVAILABLE","","UNAVAILABLE","","UNAVAILABLE","","UNAVAILABLE","","UNAVAILABLE","","UNAVAILABLE","","UNAVAILABLE","","","","UNAVAILABLE","","UNAVAILABLE","","UNAVAILABLE","","UNAVAILABLE","","UNAVAILABLE","","UNAVAILABLE","","UNAVAILABLE","","","","","","","","","","","","","","","","2026.01.12 00:00:00","","","","","","","","","","","","","","","0","PREVIOUS_WEEKDAY_MISSING"
"2026.01.14","Wednesday","EURUSD","-3","INCOMPLETE_SETUP_M1","UNKNOWN","","false","false","480","0","480","480","0","","","","","","","","false","240","0","240","240","0","","","","","","","","","","","2026.01.14 08:00:00","","","","","","","","","UNAVAILABLE","","","","","false","360","0","360","360","0","","","","","","","","","","","","","","","","","","","","","","","","","","","","","","","","","","","","UNAVAILABLE","","UNAVAILABLE","","UNAVAILABLE","","UNAVAILABLE","","UNAVAILABLE","","UNAVAILABLE","","UNAVAILABLE","","","","UNAVAILABLE","","UNAVAILABLE","","UNAVAILABLE","","UNAVAILABLE","","UNAVAILABLE","","UNAVAILABLE","","UNAVAILABLE","","","","UNAVAILABLE","","UNAVAILABLE","","UNAVAILABLE","","UNAVAILABLE","","UNAVAILABLE","","UNAVAILABLE","","UNAVAILABLE","","","","","","","","","","","","","","","","","","","","","","","","","","","","","UNAVAILABLE","","UNAVAILABLE","","UNAVAILABLE","","UNAVAILABLE","","UNAVAILABLE","","UNAVAILABLE","","UNAVAILABLE","","","","UNAVAILABLE","","UNAVAILABLE","","UNAVAILABLE","","UNAVAILABLE","","UNAVAILABLE","","UNAVAILABLE","","UNAVAILABLE","","","","UNAVAILABLE","","UNAVAILABLE","","UNAVAILABLE","","UNAVAILABLE","","UNAVAILABLE","","UNAVAILABLE","","UNAVAILABLE","","","","","","","","","","","","","","","","2026.01.13 00:00:00","","","","","","","","","","","","","","","0","PREVIOUS_WEEKDAY_MISSING"
"2026.01.15","Thursday","EURUSD","-3","INCOMPLETE_SETUP_M1","UNKNOWN","","false","false","480","0","480","480","0","","","","","","","","false","240","0","240","240","0","","","","","","","","","","","2026.01.15 08:00:00","","","","","","","","","UNAVAILABLE","","","","","false","360","0","360","360","0","","","","","","","","","","","","","","","","","","","","","","","","","","","","","","","","","","","","UNAVAILABLE","","UNAVAILABLE","","UNAVAILABLE","","UNAVAILABLE","","UNAVAILABLE","","UNAVAILABLE","","UNAVAILABLE","","","","UNAVAILABLE","","UNAVAILABLE","","UNAVAILABLE","","UNAVAILABLE","","UNAVAILABLE","","UNAVAILABLE","","UNAVAILABLE","","","","UNAVAILABLE","","UNAVAILABLE","","UNAVAILABLE","","UNAVAILABLE","","UNAVAILABLE","","UNAVAILABLE","","UNAVAILABLE","","","","","","","","","","","","","","","","","","","","","","","","","","","","","UNAVAILABLE","","UNAVAILABLE","","UNAVAILABLE","","UNAVAILABLE","","UNAVAILABLE","","UNAVAILABLE","","UNAVAILABLE","","","","UNAVAILABLE","","UNAVAILABLE","","UNAVAILABLE","","UNAVAILABLE","","UNAVAILABLE","","UNAVAILABLE","","UNAVAILABLE","","","","UNAVAILABLE","","UNAVAILABLE","","UNAVAILABLE","","UNAVAILABLE","","UNAVAILABLE","","UNAVAILABLE","","UNAVAILABLE","","","","","","","","","","","","","","","","2026.01.14 00:00:00","","","","","","","","","","","","","","","0","PREVIOUS_WEEKDAY_MISSING"
"2026.01.16","Friday","EURUSD","-3","INCOMPLETE_SETUP_M1","UNKNOWN","","false","false","480","0","480","480","0","","","","","","","","false","240","0","240","240","0","","","","","","","","","","","2026.01.16 08:00:00","","","","","","","","","UNAVAILABLE","","","","","false","360","0","360","360","0","","","","","","","","","","","","","","","","","","","","","","","","","","","","","","","","","","","","UNAVAILABLE","","UNAVAILABLE","","UNAVAILABLE","","UNAVAILABLE","","UNAVAILABLE","","UNAVAILABLE","","UNAVAILABLE","","","","UNAVAILABLE","","UNAVAILABLE","","UNAVAILABLE","","UNAVAILABLE","","UNAVAILABLE","","UNAVAILABLE","","UNAVAILABLE","","","","UNAVAILABLE","","UNAVAILABLE","","UNAVAILABLE","","UNAVAILABLE","","UNAVAILABLE","","UNAVAILABLE","","UNAVAILABLE","","","","","","","","","","","","","","","","","","","","","","","","","","","","","UNAVAILABLE","","UNAVAILABLE","","UNAVAILABLE","","UNAVAILABLE","","UNAVAILABLE","","UNAVAILABLE","","UNAVAILABLE","","","","UNAVAILABLE","","UNAVAILABLE","","UNAVAILABLE","","UNAVAILABLE","","UNAVAILABLE","","UNAVAILABLE","","UNAVAILABLE","","","","UNAVAILABLE","","UNAVAILABLE","","UNAVAILABLE","","UNAVAILABLE","","UNAVAILABLE","","UNAVAILABLE","","UNAVAILABLE","","","","","","","","","","","","","","","","2026.01.15 00:00:00","","","","","","","","","","","","","","","0","PREVIOUS_WEEKDAY_MISSING"
"2026.01.17","Saturday","EURUSD","-3","WEEKEND","UNKNOWN","","false","false","0","0","0","0","0","","","","","","","","false","0","0","0","0","0","","","","","","","","","","","","","","","","","","","","UNAVAILABLE","","","","","false","0","0","0","0","0","","","","","","","","","","","","","","","","","","","","","","","","","","","","","","","","","","","","UNAVAILABLE","","UNAVAILABLE","","UNAVAILABLE","","UNAVAILABLE","","UNAVAILABLE","","UNAVAILABLE","","UNAVAILABLE","","","","UNAVAILABLE","","UNAVAILABLE","","UNAVAILABLE","","UNAVAILABLE","","UNAVAILABLE","","UNAVAILABLE","","UNAVAILABLE","","","","UNAVAILABLE","","UNAVAILABLE","","UNAVAILABLE","","UNAVAILABLE","","UNAVAILABLE","","UNAVAILABLE","","UNAVAILABLE","","","","","","","","","","","","","","","","","","","","","","","","","","","","","UNAVAILABLE","","UNAVAILABLE","","UNAVAILABLE","","UNAVAILABLE","","UNAVAILABLE","","UNAVAILABLE","","UNAVAILABLE","","","","UNAVAILABLE","","UNAVAILABLE","","UNAVAILABLE","","UNAVAILABLE","","UNAVAILABLE","","UNAVAILABLE","","UNAVAILABLE","","","","UNAVAILABLE","","UNAVAILABLE","","UNAVAILABLE","","UNAVAILABLE","","UNAVAILABLE","","UNAVAILABLE","","UNAVAILABLE","","","","","","","","","","","","","","","","2026.01.16 00:00:00","","","","","","","","","","","","","","","0","PREVIOUS_WEEKDAY_MISSING"
"2026.01.18","Sunday","EURUSD","-3","WEEKEND","UNKNOWN","","false","false","0","0","0","0","0","","","","","","","","false","0","0","0","0","0","","","","","","","","","","","","","","","","","","","","UNAVAILABLE","","","","","false","0","0","0","0","0","","","","","","","","","","","","","","","","","","","","","","","","","","","","","","","","","","","","UNAVAILABLE","","UNAVAILABLE","","UNAVAILABLE","","UNAVAILABLE","","UNAVAILABLE","","UNAVAILABLE","","UNAVAILABLE","","","","UNAVAILABLE","","UNAVAILABLE","","UNAVAILABLE","","UNAVAILABLE","","UNAVAILABLE","","UNAVAILABLE","","UNAVAILABLE","","","","UNAVAILABLE","","UNAVAILABLE","","UNAVAILABLE","","UNAVAILABLE","","UNAVAILABLE","","UNAVAILABLE","","UNAVAILABLE","","","","","","","","","","","","","","","","","","","","","","","","","","","","","UNAVAILABLE","","UNAVAILABLE","","UNAVAILABLE","","UNAVAILABLE","","UNAVAILABLE","","UNAVAILABLE","","UNAVAILABLE","","","","UNAVAILABLE","","UNAVAILABLE","","UNAVAILABLE","","UNAVAILABLE","","UNAVAILABLE","","UNAVAILABLE","","UNAVAILABLE","","","","UNAVAILABLE","","UNAVAILABLE","","UNAVAILABLE","","UNAVAILABLE","","UNAVAILABLE","","UNAVAILABLE","","UNAVAILABLE","","","","","","","","","","","","","","","","2026.01.16 00:00:00","","","","","","","","","","","","","","","0","PREVIOUS_WEEKDAY_MISSING"
"2026.01.19","Monday","EURUSD","-3","INCOMPLETE_SETUP_M1","UNKNOWN","","false","false","480","0","480","480","0","","","","","","","","false","240","0","240","240","0","","","","","","","","","","","2026.01.19 08:00:00","","","","","","","","","UNAVAILABLE","","","","","false","360","0","360","360","0","","","","","","","","","","","","","","","","","","","","","","","","","","","","","","","","","","","","UNAVAILABLE","","UNAVAILABLE","","UNAVAILABLE","","UNAVAILABLE","","UNAVAILABLE","","UNAVAILABLE","","UNAVAILABLE","","","","UNAVAILABLE","","UNAVAILABLE","","UNAVAILABLE","","UNAVAILABLE","","UNAVAILABLE","","UNAVAILABLE","","UNAVAILABLE","","","","UNAVAILABLE","","UNAVAILABLE","","UNAVAILABLE","","UNAVAILABLE","","UNAVAILABLE","","UNAVAILABLE","","UNAVAILABLE","","","","","","","","","","","","","","","","","","","","","","","","","","","","","UNAVAILABLE","","UNAVAILABLE","","UNAVAILABLE","","UNAVAILABLE","","UNAVAILABLE","","UNAVAILABLE","","UNAVAILABLE","","","","UNAVAILABLE","","UNAVAILABLE","","UNAVAILABLE","","UNAVAILABLE","","UNAVAILABLE","","UNAVAILABLE","","UNAVAILABLE","","","","UNAVAILABLE","","UNAVAILABLE","","UNAVAILABLE","","UNAVAILABLE","","UNAVAILABLE","","UNAVAILABLE","","UNAVAILABLE","","","","","","","","","","","","","","","","2026.01.16 00:00:00","","","","","","","","","","","","","","","0","PREVIOUS_WEEKDAY_MISSING"
"2026.01.20","Tuesday","EURUSD","-3","INCOMPLETE_SETUP_M1","UNKNOWN","","false","false","480","0","480","480","0","","","","","","","","false","240","0","240","240","0","","","","","","","","","","","2026.01.20 08:00:00","","","","","","","","","UNAVAILABLE","","","","","false","360","0","360","360","0","","","","","","","","","","","","","","","","","","","","","","","","","","","","","","","","","","","","UNAVAILABLE","","UNAVAILABLE","","UNAVAILABLE","","UNAVAILABLE","","UNAVAILABLE","","UNAVAILABLE","","UNAVAILABLE","","","","UNAVAILABLE","","UNAVAILABLE","","UNAVAILABLE","","UNAVAILABLE","","UNAVAILABLE","","UNAVAILABLE","","UNAVAILABLE","","","","UNAVAILABLE","","UNAVAILABLE","","UNAVAILABLE","","UNAVAILABLE","","UNAVAILABLE","","UNAVAILABLE","","UNAVAILABLE","","","","","","","","","","","","","","","","","","","","","","","","","","","","","UNAVAILABLE","","UNAVAILABLE","","UNAVAILABLE","","UNAVAILABLE","","UNAVAILABLE","","UNAVAILABLE","","UNAVAILABLE","","","","UNAVAILABLE","","UNAVAILABLE","","UNAVAILABLE","","UNAVAILABLE","","UNAVAILABLE","","UNAVAILABLE","","UNAVAILABLE","","","","UNAVAILABLE","","UNAVAILABLE","","UNAVAILABLE","","UNAVAILABLE","","UNAVAILABLE","","UNAVAILABLE","","UNAVAILABLE","","","","","","","","","","","","","","","","2026.01.19 00:00:00","","","","","","","","","","","","","","","0","PREVIOUS_WEEKDAY_MISSING"
"2026.01.21","Wednesday","EURUSD","-3","INCOMPLETE_SETUP_M1","UNKNOWN","","false","false","480","0","480","480","0","","","","","","","","false","240","0","240","240","0","","","","","","","","","","","2026.01.21 08:00:00","","","","","","","","","UNAVAILABLE","","","","","false","360","0","360","360","0","","","","","","","","","","","","","","","","","","","","","","","","","","","","","","","","","","","","UNAVAILABLE","","UNAVAILABLE","","UNAVAILABLE","","UNAVAILABLE","","UNAVAILABLE","","UNAVAILABLE","","UNAVAILABLE","","","","UNAVAILABLE","","UNAVAILABLE","","UNAVAILABLE","","UNAVAILABLE","","UNAVAILABLE","","UNAVAILABLE","","UNAVAILABLE","","","","UNAVAILABLE","","UNAVAILABLE","","UNAVAILABLE","","UNAVAILABLE","","UNAVAILABLE","","UNAVAILABLE","","UNAVAILABLE","","","","","","","","","","","","","","","","","","","","","","","","","","","","","UNAVAILABLE","","UNAVAILABLE","","UNAVAILABLE","","UNAVAILABLE","","UNAVAILABLE","","UNAVAILABLE","","UNAVAILABLE","","","","UNAVAILABLE","","UNAVAILABLE","","UNAVAILABLE","","UNAVAILABLE","","UNAVAILABLE","","UNAVAILABLE","","UNAVAILABLE","","","","UNAVAILABLE","","UNAVAILABLE","","UNAVAILABLE","","UNAVAILABLE","","UNAVAILABLE","","UNAVAILABLE","","UNAVAILABLE","","","","","","","","","","","","","","","","2026.01.20 00:00:00","","","","","","","","","","","","","","","0","PREVIOUS_WEEKDAY_MISSING"
"2026.01.22","Thursday","EURUSD","-3","INCOMPLETE_SETUP_M1","UNKNOWN","","false","false","480","0","480","480","0","","","","","","","","false","240","0","240","240","0","","","","","","","","","","","2026.01.22 08:00:00","","","","","","","","","UNAVAILABLE","","","","","false","360","0","360","360","0","","","","","","","","","","","","","","","","","","","","","","","","","","","","","","","","","","","","UNAVAILABLE","","UNAVAILABLE","","UNAVAILABLE","","UNAVAILABLE","","UNAVAILABLE","","UNAVAILABLE","","UNAVAILABLE","","","","UNAVAILABLE","","UNAVAILABLE","","UNAVAILABLE","","UNAVAILABLE","","UNAVAILABLE","","UNAVAILABLE","","UNAVAILABLE","","","","UNAVAILABLE","","UNAVAILABLE","","UNAVAILABLE","","UNAVAILABLE","","UNAVAILABLE","","UNAVAILABLE","","UNAVAILABLE","","","","","","","","","","","","","","","","","","","","","","","","","","","","","UNAVAILABLE","","UNAVAILABLE","","UNAVAILABLE","","UNAVAILABLE","","UNAVAILABLE","","UNAVAILABLE","","UNAVAILABLE","","","","UNAVAILABLE","","UNAVAILABLE","","UNAVAILABLE","","UNAVAILABLE","","UNAVAILABLE","","UNAVAILABLE","","UNAVAILABLE","","","","UNAVAILABLE","","UNAVAILABLE","","UNAVAILABLE","","UNAVAILABLE","","UNAVAILABLE","","UNAVAILABLE","","UNAVAILABLE","","","","","","","","","","","","","","","","2026.01.21 00:00:00","","","","","","","","","","","","","","","0","PREVIOUS_WEEKDAY_MISSING"
"2026.01.23","Friday","EURUSD","-3","INCOMPLETE_SETUP_M1","UNKNOWN","","false","false","480","0","480","480","0","","","","","","","","false","240","0","240","240","0","","","","","","","","","","","2026.01.23 08:00:00","","","","","","","","","UNAVAILABLE","","","","","false","360","0","360","360","0","","","","","","","","","","","","","","","","","","","","","","","","","","","","","","","","","","","","UNAVAILABLE","","UNAVAILABLE","","UNAVAILABLE","","UNAVAILABLE","","UNAVAILABLE","","UNAVAILABLE","","UNAVAILABLE","","","","UNAVAILABLE","","UNAVAILABLE","","UNAVAILABLE","","UNAVAILABLE","","UNAVAILABLE","","UNAVAILABLE","","UNAVAILABLE","","","","UNAVAILABLE","","UNAVAILABLE","","UNAVAILABLE","","UNAVAILABLE","","UNAVAILABLE","","UNAVAILABLE","","UNAVAILABLE","","","","","","","","","","","","","","","","","","","","","","","","","","","","","UNAVAILABLE","","UNAVAILABLE","","UNAVAILABLE","","UNAVAILABLE","","UNAVAILABLE","","UNAVAILABLE","","UNAVAILABLE","","","","UNAVAILABLE","","UNAVAILABLE","","UNAVAILABLE","","UNAVAILABLE","","UNAVAILABLE","","UNAVAILABLE","","UNAVAILABLE","","","","UNAVAILABLE","","UNAVAILABLE","","UNAVAILABLE","","UNAVAILABLE","","UNAVAILABLE","","UNAVAILABLE","","UNAVAILABLE","","","","","","","","","","","","","","","","2026.01.22 00:00:00","","","","","","","","","","","","","","","0","PREVIOUS_WEEKDAY_MISSING"
"2026.01.24","Saturday","EURUSD","-3","WEEKEND","UNKNOWN","","false","false","0","0","0","0","0","","","","","","","","false","0","0","0","0","0","","","","","","","","","","","","","","","","","","","","UNAVAILABLE","","","","","false","0","0","0","0","0","","","","","","","","","","","","","","","","","","","","","","","","","","","","","","","","","","","","UNAVAILABLE","","UNAVAILABLE","","UNAVAILABLE","","UNAVAILABLE","","UNAVAILABLE","","UNAVAILABLE","","UNAVAILABLE","","","","UNAVAILABLE","","UNAVAILABLE","","UNAVAILABLE","","UNAVAILABLE","","UNAVAILABLE","","UNAVAILABLE","","UNAVAILABLE","","","","UNAVAILABLE","","UNAVAILABLE","","UNAVAILABLE","","UNAVAILABLE","","UNAVAILABLE","","UNAVAILABLE","","UNAVAILABLE","","","","","","","","","","","","","","","","","","","","","","","","","","","","","UNAVAILABLE","","UNAVAILABLE","","UNAVAILABLE","","UNAVAILABLE","","UNAVAILABLE","","UNAVAILABLE","","UNAVAILABLE","","","","UNAVAILABLE","","UNAVAILABLE","","UNAVAILABLE","","UNAVAILABLE","","UNAVAILABLE","","UNAVAILABLE","","UNAVAILABLE","","","","UNAVAILABLE","","UNAVAILABLE","","UNAVAILABLE","","UNAVAILABLE","","UNAVAILABLE","","UNAVAILABLE","","UNAVAILABLE","","","","","","","","","","","","","","","","2026.01.23 00:00:00","","","","","","","","","","","","","","","0","PREVIOUS_WEEKDAY_MISSING"
"2026.01.25","Sunday","EURUSD","-3","WEEKEND","UNKNOWN","","false","false","0","0","0","0","0","","","","","","","","false","0","0","0","0","0","","","","","","","","","","","","","","","","","","","","UNAVAILABLE","","","","","false","0","0","0","0","0","","","","","","","","","","","","","","","","","","","","","","","","","","","","","","","","","","","","UNAVAILABLE","","UNAVAILABLE","","UNAVAILABLE","","UNAVAILABLE","","UNAVAILABLE","","UNAVAILABLE","","UNAVAILABLE","","","","UNAVAILABLE","","UNAVAILABLE","","UNAVAILABLE","","UNAVAILABLE","","UNAVAILABLE","","UNAVAILABLE","","UNAVAILABLE","","","","UNAVAILABLE","","UNAVAILABLE","","UNAVAILABLE","","UNAVAILABLE","","UNAVAILABLE","","UNAVAILABLE","","UNAVAILABLE","","","","","","","","","","","","","","","","","","","","","","","","","","","","","UNAVAILABLE","","UNAVAILABLE","","UNAVAILABLE","","UNAVAILABLE","","UNAVAILABLE","","UNAVAILABLE","","UNAVAILABLE","","","","UNAVAILABLE","","UNAVAILABLE","","UNAVAILABLE","","UNAVAILABLE","","UNAVAILABLE","","UNAVAILABLE","","UNAVAILABLE","","","","UNAVAILABLE","","UNAVAILABLE","","UNAVAILABLE","","UNAVAILABLE","","UNAVAILABLE","","UNAVAILABLE","","UNAVAILABLE","","","","","","","","","","","","","","","","2026.01.23 00:00:00","","","","","","","","","","","","","","","0","PREVIOUS_WEEKDAY_MISSING"
"2026.01.26","Monday","EURUSD","-3","INCOMPLETE_SETUP_M1","UNKNOWN","","false","false","480","0","480","480","0","","","","","","","","false","240","0","240","240","0","","","","","","","","","","","2026.01.26 08:00:00","","","","","","","","","UNAVAILABLE","","","","","false","360","0","360","360","0","","","","","","","","","","","","","","","","","","","","","","","","","","","","","","","","","","","","UNAVAILABLE","","UNAVAILABLE","","UNAVAILABLE","","UNAVAILABLE","","UNAVAILABLE","","UNAVAILABLE","","UNAVAILABLE","","","","UNAVAILABLE","","UNAVAILABLE","","UNAVAILABLE","","UNAVAILABLE","","UNAVAILABLE","","UNAVAILABLE","","UNAVAILABLE","","","","UNAVAILABLE","","UNAVAILABLE","","UNAVAILABLE","","UNAVAILABLE","","UNAVAILABLE","","UNAVAILABLE","","UNAVAILABLE","","","","","","","","","","","","","","","","","","","","","","","","","","","","","UNAVAILABLE","","UNAVAILABLE","","UNAVAILABLE","","UNAVAILABLE","","UNAVAILABLE","","UNAVAILABLE","","UNAVAILABLE","","","","UNAVAILABLE","","UNAVAILABLE","","UNAVAILABLE","","UNAVAILABLE","","UNAVAILABLE","","UNAVAILABLE","","UNAVAILABLE","","","","UNAVAILABLE","","UNAVAILABLE","","UNAVAILABLE","","UNAVAILABLE","","UNAVAILABLE","","UNAVAILABLE","","UNAVAILABLE","","","","","","","","","","","","","","","","2026.01.23 00:00:00","","","","","","","","","","","","","","","0","PREVIOUS_WEEKDAY_MISSING"
"2026.01.27","Tuesday","EURUSD","-3","INCOMPLETE_SETUP_M1","UNKNOWN","","false","false","480","0","480","480","0","","","","","","","","false","240","0","240","240","0","","","","","","","","","","","2026.01.27 08:00:00","","","","","","","","","UNAVAILABLE","","","","","false","360","0","360","360","0","","","","","","","","","","","","","","","","","","","","","","","","","","","","","","","","","","","","UNAVAILABLE","","UNAVAILABLE","","UNAVAILABLE","","UNAVAILABLE","","UNAVAILABLE","","UNAVAILABLE","","UNAVAILABLE","","","","UNAVAILABLE","","UNAVAILABLE","","UNAVAILABLE","","UNAVAILABLE","","UNAVAILABLE","","UNAVAILABLE","","UNAVAILABLE","","","","UNAVAILABLE","","UNAVAILABLE","","UNAVAILABLE","","UNAVAILABLE","","UNAVAILABLE","","UNAVAILABLE","","UNAVAILABLE","","","","","","","","","","","","","","","","","","","","","","","","","","","","","UNAVAILABLE","","UNAVAILABLE","","UNAVAILABLE","","UNAVAILABLE","","UNAVAILABLE","","UNAVAILABLE","","UNAVAILABLE","","","","UNAVAILABLE","","UNAVAILABLE","","UNAVAILABLE","","UNAVAILABLE","","UNAVAILABLE","","UNAVAILABLE","","UNAVAILABLE","","","","UNAVAILABLE","","UNAVAILABLE","","UNAVAILABLE","","UNAVAILABLE","","UNAVAILABLE","","UNAVAILABLE","","UNAVAILABLE","","","","","","","","","","","","","","","","2026.01.26 00:00:00","","","","","","","","","","","","","","","0","PREVIOUS_WEEKDAY_MISSING"
"2026.01.28","Wednesday","EURUSD","-3","INCOMPLETE_SETUP_M1","UNKNOWN","","false","false","480","0","480","480","0","","","","","","","","false","240","0","240","240","0","","","","","","","","","","","2026.01.28 08:00:00","","","","","","","","","UNAVAILABLE","","","","","false","360","0","360","360","0","","","","","","","","","","","","","","","","","","","","","","","","","","","","","","","","","","","","UNAVAILABLE","","UNAVAILABLE","","UNAVAILABLE","","UNAVAILABLE","","UNAVAILABLE","","UNAVAILABLE","","UNAVAILABLE","","","","UNAVAILABLE","","UNAVAILABLE","","UNAVAILABLE","","UNAVAILABLE","","UNAVAILABLE","","UNAVAILABLE","","UNAVAILABLE","","","","UNAVAILABLE","","UNAVAILABLE","","UNAVAILABLE","","UNAVAILABLE","","UNAVAILABLE","","UNAVAILABLE","","UNAVAILABLE","","","","","","","","","","","","","","","","","","","","","","","","","","","","","UNAVAILABLE","","UNAVAILABLE","","UNAVAILABLE","","UNAVAILABLE","","UNAVAILABLE","","UNAVAILABLE","","UNAVAILABLE","","","","UNAVAILABLE","","UNAVAILABLE","","UNAVAILABLE","","UNAVAILABLE","","UNAVAILABLE","","UNAVAILABLE","","UNAVAILABLE","","","","UNAVAILABLE","","UNAVAILABLE","","UNAVAILABLE","","UNAVAILABLE","","UNAVAILABLE","","UNAVAILABLE","","UNAVAILABLE","","","","","","","","","","","","","","","","2026.01.27 00:00:00","","","","","","","","","","","","","","","0","PREVIOUS_WEEKDAY_MISSING"
"2026.01.29","Thursday","EURUSD","-3","INCOMPLETE_SETUP_M1","UNKNOWN","","false","false","480","0","480","480","0","","","","","","","","false","240","0","240","240","0","","","","","","","","","","","2026.01.29 08:00:00","","","","","","","","","UNAVAILABLE","","","","","false","360","0","360","360","0","","","","","","","","","","","","","","","","","","","","","","","","","","","","","","","","","","","","UNAVAILABLE","","UNAVAILABLE","","UNAVAILABLE","","UNAVAILABLE","","UNAVAILABLE","","UNAVAILABLE","","UNAVAILABLE","","","","UNAVAILABLE","","UNAVAILABLE","","UNAVAILABLE","","UNAVAILABLE","","UNAVAILABLE","","UNAVAILABLE","","UNAVAILABLE","","","","UNAVAILABLE","","UNAVAILABLE","","UNAVAILABLE","","UNAVAILABLE","","UNAVAILABLE","","UNAVAILABLE","","UNAVAILABLE","","","","","","","","","","","","","","","","","","","","","","","","","","","","","UNAVAILABLE","","UNAVAILABLE","","UNAVAILABLE","","UNAVAILABLE","","UNAVAILABLE","","UNAVAILABLE","","UNAVAILABLE","","","","UNAVAILABLE","","UNAVAILABLE","","UNAVAILABLE","","UNAVAILABLE","","UNAVAILABLE","","UNAVAILABLE","","UNAVAILABLE","","","","UNAVAILABLE","","UNAVAILABLE","","UNAVAILABLE","","UNAVAILABLE","","UNAVAILABLE","","UNAVAILABLE","","UNAVAILABLE","","","","","","","","","","","","","","","","2026.01.28 00:00:00","","","","","","","","","","","","","","","0","PREVIOUS_WEEKDAY_MISSING"
"2026.01.30","Friday","EURUSD","-3","INCOMPLETE_SETUP_M1","UNKNOWN","","false","false","480","0","480","480","0","","","","","","","","false","240","0","240","240","0","","","","","","","","","","","2026.01.30 08:00:00","","","","","","","","","UNAVAILABLE","","","","","false","360","0","360","360","0","","","","","","","","","","","","","","","","","","","","","","","","","","","","","","","","","","","","UNAVAILABLE","","UNAVAILABLE","","UNAVAILABLE","","UNAVAILABLE","","UNAVAILABLE","","UNAVAILABLE","","UNAVAILABLE","","","","UNAVAILABLE","","UNAVAILABLE","","UNAVAILABLE","","UNAVAILABLE","","UNAVAILABLE","","UNAVAILABLE","","UNAVAILABLE","","","","UNAVAILABLE","","UNAVAILABLE","","UNAVAILABLE","","UNAVAILABLE","","UNAVAILABLE","","UNAVAILABLE","","UNAVAILABLE","","","","","","","","","","","","","","","","","","","","","","","","","","","","","UNAVAILABLE","","UNAVAILABLE","","UNAVAILABLE","","UNAVAILABLE","","UNAVAILABLE","","UNAVAILABLE","","UNAVAILABLE","","","","UNAVAILABLE","","UNAVAILABLE","","UNAVAILABLE","","UNAVAILABLE","","UNAVAILABLE","","UNAVAILABLE","","UNAVAILABLE","","","","UNAVAILABLE","","UNAVAILABLE","","UNAVAILABLE","","UNAVAILABLE","","UNAVAILABLE","","UNAVAILABLE","","UNAVAILABLE","","","","","","","","","","","","","","","","2026.01.29 00:00:00","","","","","","","","","","","","","","","0","PREVIOUS_WEEKDAY_MISSING"
"2026.01.31","Saturday","EURUSD","-3","WEEKEND","UNKNOWN","","false","false","0","0","0","0","0","","","","","","","","false","0","0","0","0","0","","","","","","","","","","","","","","","","","","","","UNAVAILABLE","","","","","false","0","0","0","0","0","","","","","","","","","","","","","","","","","","","","","","","","","","","","","","","","","","","","UNAVAILABLE","","UNAVAILABLE","","UNAVAILABLE","","UNAVAILABLE","","UNAVAILABLE","","UNAVAILABLE","","UNAVAILABLE","","","","UNAVAILABLE","","UNAVAILABLE","","UNAVAILABLE","","UNAVAILABLE","","UNAVAILABLE","","UNAVAILABLE","","UNAVAILABLE","","","","UNAVAILABLE","","UNAVAILABLE","","UNAVAILABLE","","UNAVAILABLE","","UNAVAILABLE","","UNAVAILABLE","","UNAVAILABLE","","","","","","","","","","","","","","","","","","","","","","","","","","","","","UNAVAILABLE","","UNAVAILABLE","","UNAVAILABLE","","UNAVAILABLE","","UNAVAILABLE","","UNAVAILABLE","","UNAVAILABLE","","","","UNAVAILABLE","","UNAVAILABLE","","UNAVAILABLE","","UNAVAILABLE","","UNAVAILABLE","","UNAVAILABLE","","UNAVAILABLE","","","","UNAVAILABLE","","UNAVAILABLE","","UNAVAILABLE","","UNAVAILABLE","","UNAVAILABLE","","UNAVAILABLE","","UNAVAILABLE","","","","","","","","","","","","","","","","2026.01.30 00:00:00","","","","","","","","","","","","","","","0","PREVIOUS_WEEKDAY_MISSING"
"2026.02.01","Sunday","EURUSD","-3","WEEKEND","UNKNOWN","","false","false","0","0","0","0","0","","","","","","","","false","0","0","0","0","0","","","","","","","","","","","","","","","","","","","","UNAVAILABLE","","","","","false","0","0","0","0","0","","","","","","","","","","","","","","","","","","","","","","","","","","","","","","","","","","","","UNAVAILABLE","","UNAVAILABLE","","UNAVAILABLE","","UNAVAILABLE","","UNAVAILABLE","","UNAVAILABLE","","UNAVAILABLE","","","","UNAVAILABLE","","UNAVAILABLE","","UNAVAILABLE","","UNAVAILABLE","","UNAVAILABLE","","UNAVAILABLE","","UNAVAILABLE","","","","UNAVAILABLE","","UNAVAILABLE","","UNAVAILABLE","","UNAVAILABLE","","UNAVAILABLE","","UNAVAILABLE","","UNAVAILABLE","","","","","","","","","","","","","","","","","","","","","","","","","","","","","UNAVAILABLE","","UNAVAILABLE","","UNAVAILABLE","","UNAVAILABLE","","UNAVAILABLE","","UNAVAILABLE","","UNAVAILABLE","","","","UNAVAILABLE","","UNAVAILABLE","","UNAVAILABLE","","UNAVAILABLE","","UNAVAILABLE","","UNAVAILABLE","","UNAVAILABLE","","","","UNAVAILABLE","","UNAVAILABLE","","UNAVAILABLE","","UNAVAILABLE","","UNAVAILABLE","","UNAVAILABLE","","UNAVAILABLE","","","","","","","","","","","","","","","","2026.01.30 00:00:00","","","","","","","","","","","","","","","0","PREVIOUS_WEEKDAY_MISSING"
"2026.02.02","Monday","EURUSD","-3","INCOMPLETE_SETUP_M1","UNKNOWN","","false","false","480","0","480","480","0","","","","","","","","false","240","0","240","240","0","","","","","","","","","","","2026.02.02 08:00:00","","","","","","","","","UNAVAILABLE","","","","","false","360","0","360","360","0","","","","","","","","","","","","","","","","","","","","","","","","","","","","","","","","","","","","UNAVAILABLE","","UNAVAILABLE","","UNAVAILABLE","","UNAVAILABLE","","UNAVAILABLE","","UNAVAILABLE","","UNAVAILABLE","","","","UNAVAILABLE","","UNAVAILABLE","","UNAVAILABLE","","UNAVAILABLE","","UNAVAILABLE","","UNAVAILABLE","","UNAVAILABLE","","","","UNAVAILABLE","","UNAVAILABLE","","UNAVAILABLE","","UNAVAILABLE","","UNAVAILABLE","","UNAVAILABLE","","UNAVAILABLE","","","","","","","","","","","","","","","","","","","","","","","","","","","","","UNAVAILABLE","","UNAVAILABLE","","UNAVAILABLE","","UNAVAILABLE","","UNAVAILABLE","","UNAVAILABLE","","UNAVAILABLE","","","","UNAVAILABLE","","UNAVAILABLE","","UNAVAILABLE","","UNAVAILABLE","","UNAVAILABLE","","UNAVAILABLE","","UNAVAILABLE","","","","UNAVAILABLE","","UNAVAILABLE","","UNAVAILABLE","","UNAVAILABLE","","UNAVAILABLE","","UNAVAILABLE","","UNAVAILABLE","","","","","","","","","","","","","","","","2026.01.30 00:00:00","","","","","","","","","","","","","","","0","PREVIOUS_WEEKDAY_MISSING"
"2026.02.03","Tuesday","EURUSD","-3","INCOMPLETE_SETUP_M1","UNKNOWN","","false","false","480","0","480","480","0","","","","","","","","false","240","0","240","240","0","","","","","","","","","","","2026.02.03 08:00:00","","","","","","","","","UNAVAILABLE","","","","","false","360","0","360","360","0","","","","","","","","","","","","","","","","","","","","","","","","","","","","","","","","","","","","UNAVAILABLE","","UNAVAILABLE","","UNAVAILABLE","","UNAVAILABLE","","UNAVAILABLE","","UNAVAILABLE","","UNAVAILABLE","","","","UNAVAILABLE","","UNAVAILABLE","","UNAVAILABLE","","UNAVAILABLE","","UNAVAILABLE","","UNAVAILABLE","","UNAVAILABLE","","","","UNAVAILABLE","","UNAVAILABLE","","UNAVAILABLE","","UNAVAILABLE","","UNAVAILABLE","","UNAVAILABLE","","UNAVAILABLE","","","","","","","","","","","","","","","","","","","","","","","","","","","","","UNAVAILABLE","","UNAVAILABLE","","UNAVAILABLE","","UNAVAILABLE","","UNAVAILABLE","","UNAVAILABLE","","UNAVAILABLE","","","","UNAVAILABLE","","UNAVAILABLE","","UNAVAILABLE","","UNAVAILABLE","","UNAVAILABLE","","UNAVAILABLE","","UNAVAILABLE","","","","UNAVAILABLE","","UNAVAILABLE","","UNAVAILABLE","","UNAVAILABLE","","UNAVAILABLE","","UNAVAILABLE","","UNAVAILABLE","","","","","","","","","","","","","","","","2026.02.02 00:00:00","","","","","","","","","","","","","","","0","PREVIOUS_WEEKDAY_MISSING"
"2026.02.04","Wednesday","EURUSD","-3","INCOMPLETE_SETUP_M1","UNKNOWN","","false","false","480","0","480","480","0","","","","","","","","false","240","0","240","240","0","","","","","","","","","","","2026.02.04 08:00:00","","","","","","","","","UNAVAILABLE","","","","","false","360","0","360","360","0","","","","","","","","","","","","","","","","","","","","","","","","","","","","","","","","","","","","UNAVAILABLE","","UNAVAILABLE","","UNAVAILABLE","","UNAVAILABLE","","UNAVAILABLE","","UNAVAILABLE","","UNAVAILABLE","","","","UNAVAILABLE","","UNAVAILABLE","","UNAVAILABLE","","UNAVAILABLE","","UNAVAILABLE","","UNAVAILABLE","","UNAVAILABLE","","","","UNAVAILABLE","","UNAVAILABLE","","UNAVAILABLE","","UNAVAILABLE","","UNAVAILABLE","","UNAVAILABLE","","UNAVAILABLE","","","","","","","","","","","","","","","","","","","","","","","","","","","","","UNAVAILABLE","","UNAVAILABLE","","UNAVAILABLE","","UNAVAILABLE","","UNAVAILABLE","","UNAVAILABLE","","UNAVAILABLE","","","","UNAVAILABLE","","UNAVAILABLE","","UNAVAILABLE","","UNAVAILABLE","","UNAVAILABLE","","UNAVAILABLE","","UNAVAILABLE","","","","UNAVAILABLE","","UNAVAILABLE","","UNAVAILABLE","","UNAVAILABLE","","UNAVAILABLE","","UNAVAILABLE","","UNAVAILABLE","","","","","","","","","","","","","","","","2026.02.03 00:00:00","","","","","","","","","","","","","","","0","PREVIOUS_WEEKDAY_MISSING"
"2026.02.05","Thursday","EURUSD","-3","INCOMPLETE_SETUP_M1","UNKNOWN","","false","false","480","0","480","480","0","","","","","","","","false","240","0","240","240","0","","","","","","","","","","","2026.02.05 08:00:00","","","","","","","","","UNAVAILABLE","","","","","false","360","0","360","360","0","","","","","","","","","","","","","","","","","","","","","","","","","","","","","","","","","","","","UNAVAILABLE","","UNAVAILABLE","","UNAVAILABLE","","UNAVAILABLE","","UNAVAILABLE","","UNAVAILABLE","","UNAVAILABLE","","","","UNAVAILABLE","","UNAVAILABLE","","UNAVAILABLE","","UNAVAILABLE","","UNAVAILABLE","","UNAVAILABLE","","UNAVAILABLE","","","","UNAVAILABLE","","UNAVAILABLE","","UNAVAILABLE","","UNAVAILABLE","","UNAVAILABLE","","UNAVAILABLE","","UNAVAILABLE","","","","","","","","","","","","","","","","","","","","","","","","","","","","","UNAVAILABLE","","UNAVAILABLE","","UNAVAILABLE","","UNAVAILABLE","","UNAVAILABLE","","UNAVAILABLE","","UNAVAILABLE","","","","UNAVAILABLE","","UNAVAILABLE","","UNAVAILABLE","","UNAVAILABLE","","UNAVAILABLE","","UNAVAILABLE","","UNAVAILABLE","","","","UNAVAILABLE","","UNAVAILABLE","","UNAVAILABLE","","UNAVAILABLE","","UNAVAILABLE","","UNAVAILABLE","","UNAVAILABLE","","","","","","","","","","","","","","","","2026.02.04 00:00:00","","","","","","","","","","","","","","","0","PREVIOUS_WEEKDAY_MISSING"
"2026.02.06","Friday","EURUSD","-3","INCOMPLETE_SETUP_M1","UNKNOWN","","false","false","480","0","480","480","0","","","","","","","","false","240","0","240","240","0","","","","","","","","","","","2026.02.06 08:00:00","","","","","","","","","UNAVAILABLE","","","","","false","360","0","360","360","0","","","","","","","","","","","","","","","","","","","","","","","","","","","","","","","","","","","","UNAVAILABLE","","UNAVAILABLE","","UNAVAILABLE","","UNAVAILABLE","","UNAVAILABLE","","UNAVAILABLE","","UNAVAILABLE","","","","UNAVAILABLE","","UNAVAILABLE","","UNAVAILABLE","","UNAVAILABLE","","UNAVAILABLE","","UNAVAILABLE","","UNAVAILABLE","","","","UNAVAILABLE","","UNAVAILABLE","","UNAVAILABLE","","UNAVAILABLE","","UNAVAILABLE","","UNAVAILABLE","","UNAVAILABLE","","","","","","","","","","","","","","","","","","","","","","","","","","","","","UNAVAILABLE","","UNAVAILABLE","","UNAVAILABLE","","UNAVAILABLE","","UNAVAILABLE","","UNAVAILABLE","","UNAVAILABLE","","","","UNAVAILABLE","","UNAVAILABLE","","UNAVAILABLE","","UNAVAILABLE","","UNAVAILABLE","","UNAVAILABLE","","UNAVAILABLE","","","","UNAVAILABLE","","UNAVAILABLE","","UNAVAILABLE","","UNAVAILABLE","","UNAVAILABLE","","UNAVAILABLE","","UNAVAILABLE","","","","","","","","","","","","","","","","2026.02.05 00:00:00","","","","","","","","","","","","","","","0","PREVIOUS_WEEKDAY_MISSING"
"2026.02.07","Saturday","EURUSD","-3","WEEKEND","UNKNOWN","","false","false","0","0","0","0","0","","","","","","","","false","0","0","0","0","0","","","","","","","","","","","","","","","","","","","","UNAVAILABLE","","","","","false","0","0","0","0","0","","","","","","","","","","","","","","","","","","","","","","","","","","","","","","","","","","","","UNAVAILABLE","","UNAVAILABLE","","UNAVAILABLE","","UNAVAILABLE","","UNAVAILABLE","","UNAVAILABLE","","UNAVAILABLE","","","","UNAVAILABLE","","UNAVAILABLE","","UNAVAILABLE","","UNAVAILABLE","","UNAVAILABLE","","UNAVAILABLE","","UNAVAILABLE","","","","UNAVAILABLE","","UNAVAILABLE","","UNAVAILABLE","","UNAVAILABLE","","UNAVAILABLE","","UNAVAILABLE","","UNAVAILABLE","","","","","","","","","","","","","","","","","","","","","","","","","","","","","UNAVAILABLE","","UNAVAILABLE","","UNAVAILABLE","","UNAVAILABLE","","UNAVAILABLE","","UNAVAILABLE","","UNAVAILABLE","","","","UNAVAILABLE","","UNAVAILABLE","","UNAVAILABLE","","UNAVAILABLE","","UNAVAILABLE","","UNAVAILABLE","","UNAVAILABLE","","","","UNAVAILABLE","","UNAVAILABLE","","UNAVAILABLE","","UNAVAILABLE","","UNAVAILABLE","","UNAVAILABLE","","UNAVAILABLE","","","","","","","","","","","","","","","","2026.02.06 00:00:00","","","","","","","","","","","","","","","0","PREVIOUS_WEEKDAY_MISSING"
"2026.02.08","Sunday","EURUSD","-3","WEEKEND","UNKNOWN","","false","false","0","0","0","0","0","","","","","","","","false","0","0","0","0","0","","","","","","","","","","","","","","","","","","","","UNAVAILABLE","","","","","false","0","0","0","0","0","","","","","","","","","","","","","","","","","","","","","","","","","","","","","","","","","","","","UNAVAILABLE","","UNAVAILABLE","","UNAVAILABLE","","UNAVAILABLE","","UNAVAILABLE","","UNAVAILABLE","","UNAVAILABLE","","","","UNAVAILABLE","","UNAVAILABLE","","UNAVAILABLE","","UNAVAILABLE","","UNAVAILABLE","","UNAVAILABLE","","UNAVAILABLE","","","","UNAVAILABLE","","UNAVAILABLE","","UNAVAILABLE","","UNAVAILABLE","","UNAVAILABLE","","UNAVAILABLE","","UNAVAILABLE","","","","","","","","","","","","","","","","","","","","","","","","","","","","","UNAVAILABLE","","UNAVAILABLE","","UNAVAILABLE","","UNAVAILABLE","","UNAVAILABLE","","UNAVAILABLE","","UNAVAILABLE","","","","UNAVAILABLE","","UNAVAILABLE","","UNAVAILABLE","","UNAVAILABLE","","UNAVAILABLE","","UNAVAILABLE","","UNAVAILABLE","","","","UNAVAILABLE","","UNAVAILABLE","","UNAVAILABLE","","UNAVAILABLE","","UNAVAILABLE","","UNAVAILABLE","","UNAVAILABLE","","","","","","","","","","","","","","","","2026.02.06 00:00:00","","","","","","","","","","","","","","","0","PREVIOUS_WEEKDAY_MISSING"
"2026.02.09","Monday","EURUSD","-3","INCOMPLETE_SETUP_M1","UNKNOWN","","false","false","480","0","480","480","0","","","","","","","","false","240","0","240","240","0","","","","","","","","","","","2026.02.09 08:00:00","","","","","","","","","UNAVAILABLE","","","","","false","360","0","360","360","0","","","","","","","","","","","","","","","","","","","","","","","","","","","","","","","","","","","","UNAVAILABLE","","UNAVAILABLE","","UNAVAILABLE","","UNAVAILABLE","","UNAVAILABLE","","UNAVAILABLE","","UNAVAILABLE","","","","UNAVAILABLE","","UNAVAILABLE","","UNAVAILABLE","","UNAVAILABLE","","UNAVAILABLE","","UNAVAILABLE","","UNAVAILABLE","","","","UNAVAILABLE","","UNAVAILABLE","","UNAVAILABLE","","UNAVAILABLE","","UNAVAILABLE","","UNAVAILABLE","","UNAVAILABLE","","","","","","","","","","","","","","","","","","","","","","","","","","","","","UNAVAILABLE","","UNAVAILABLE","","UNAVAILABLE","","UNAVAILABLE","","UNAVAILABLE","","UNAVAILABLE","","UNAVAILABLE","","","","UNAVAILABLE","","UNAVAILABLE","","UNAVAILABLE","","UNAVAILABLE","","UNAVAILABLE","","UNAVAILABLE","","UNAVAILABLE","","","","UNAVAILABLE","","UNAVAILABLE","","UNAVAILABLE","","UNAVAILABLE","","UNAVAILABLE","","UNAVAILABLE","","UNAVAILABLE","","","","","","","","","","","","","","","","2026.02.06 00:00:00","","","","","","","","","","","","","","","0","PREVIOUS_WEEKDAY_MISSING"
"2026.02.10","Tuesday","EURUSD","-3","INCOMPLETE_SETUP_M1","UNKNOWN","","false","false","480","0","480","480","0","","","","","","","","false","240","0","240","240","0","","","","","","","","","","","2026.02.10 08:00:00","","","","","","","","","UNAVAILABLE","","","","","false","360","0","360","360","0","","","","","","","","","","","","","","","","","","","","","","","","","","","","","","","","","","","","UNAVAILABLE","","UNAVAILABLE","","UNAVAILABLE","","UNAVAILABLE","","UNAVAILABLE","","UNAVAILABLE","","UNAVAILABLE","","","","UNAVAILABLE","","UNAVAILABLE","","UNAVAILABLE","","UNAVAILABLE","","UNAVAILABLE","","UNAVAILABLE","","UNAVAILABLE","","","","UNAVAILABLE","","UNAVAILABLE","","UNAVAILABLE","","UNAVAILABLE","","UNAVAILABLE","","UNAVAILABLE","","UNAVAILABLE","","","","","","","","","","","","","","","","","","","","","","","","","","","","","UNAVAILABLE","","UNAVAILABLE","","UNAVAILABLE","","UNAVAILABLE","","UNAVAILABLE","","UNAVAILABLE","","UNAVAILABLE","","","","UNAVAILABLE","","UNAVAILABLE","","UNAVAILABLE","","UNAVAILABLE","","UNAVAILABLE","","UNAVAILABLE","","UNAVAILABLE","","","","UNAVAILABLE","","UNAVAILABLE","","UNAVAILABLE","","UNAVAILABLE","","UNAVAILABLE","","UNAVAILABLE","","UNAVAILABLE","","","","","","","","","","","","","","","","2026.02.09 00:00:00","","","","","","","","","","","","","","","0","PREVIOUS_WEEKDAY_MISSING"
"2026.02.11","Wednesday","EURUSD","-3","INCOMPLETE_SETUP_M1","UNKNOWN","","false","false","480","0","480","480","0","","","","","","","","false","240","0","240","240","0","","","","","","","","","","","2026.02.11 08:00:00","","","","","","","","","UNAVAILABLE","","","","","false","360","0","360","360","0","","","","","","","","","","","","","","","","","","","","","","","","","","","","","","","","","","","","UNAVAILABLE","","UNAVAILABLE","","UNAVAILABLE","","UNAVAILABLE","","UNAVAILABLE","","UNAVAILABLE","","UNAVAILABLE","","","","UNAVAILABLE","","UNAVAILABLE","","UNAVAILABLE","","UNAVAILABLE","","UNAVAILABLE","","UNAVAILABLE","","UNAVAILABLE","","","","UNAVAILABLE","","UNAVAILABLE","","UNAVAILABLE","","UNAVAILABLE","","UNAVAILABLE","","UNAVAILABLE","","UNAVAILABLE","","","","","","","","","","","","","","","","","","","","","","","","","","","","","UNAVAILABLE","","UNAVAILABLE","","UNAVAILABLE","","UNAVAILABLE","","UNAVAILABLE","","UNAVAILABLE","","UNAVAILABLE","","","","UNAVAILABLE","","UNAVAILABLE","","UNAVAILABLE","","UNAVAILABLE","","UNAVAILABLE","","UNAVAILABLE","","UNAVAILABLE","","","","UNAVAILABLE","","UNAVAILABLE","","UNAVAILABLE","","UNAVAILABLE","","UNAVAILABLE","","UNAVAILABLE","","UNAVAILABLE","","","","","","","","","","","","","","","","2026.02.10 00:00:00","","","","","","","","","","","","","","","0","PREVIOUS_WEEKDAY_MISSING"
"2026.02.12","Thursday","EURUSD","-3","INCOMPLETE_SETUP_M1","UNKNOWN","","false","false","480","0","480","480","0","","","","","","","","false","240","0","240","240","0","","","","","","","","","","","2026.02.12 08:00:00","","","","","","","","","UNAVAILABLE","","","","","false","360","0","360","360","0","","","","","","","","","","","","","","","","","","","","","","","","","","","","","","","","","","","","UNAVAILABLE","","UNAVAILABLE","","UNAVAILABLE","","UNAVAILABLE","","UNAVAILABLE","","UNAVAILABLE","","UNAVAILABLE","","","","UNAVAILABLE","","UNAVAILABLE","","UNAVAILABLE","","UNAVAILABLE","","UNAVAILABLE","","UNAVAILABLE","","UNAVAILABLE","","","","UNAVAILABLE","","UNAVAILABLE","","UNAVAILABLE","","UNAVAILABLE","","UNAVAILABLE","","UNAVAILABLE","","UNAVAILABLE","","","","","","","","","","","","","","","","","","","","","","","","","","","","","UNAVAILABLE","","UNAVAILABLE","","UNAVAILABLE","","UNAVAILABLE","","UNAVAILABLE","","UNAVAILABLE","","UNAVAILABLE","","","","UNAVAILABLE","","UNAVAILABLE","","UNAVAILABLE","","UNAVAILABLE","","UNAVAILABLE","","UNAVAILABLE","","UNAVAILABLE","","","","UNAVAILABLE","","UNAVAILABLE","","UNAVAILABLE","","UNAVAILABLE","","UNAVAILABLE","","UNAVAILABLE","","UNAVAILABLE","","","","","","","","","","","","","","","","2026.02.11 00:00:00","","","","","","","","","","","","","","","0","PREVIOUS_WEEKDAY_MISSING"
"2026.02.13","Friday","EURUSD","-3","INCOMPLETE_SETUP_M1","UNKNOWN","","false","false","480","0","480","480","0","","","","","","","","false","240","0","240","240","0","","","","","","","","","","","2026.02.13 08:00:00","","","","","","","","","UNAVAILABLE","","","","","false","360","0","360","360","0","","","","","","","","","","","","","","","","","","","","","","","","","","","","","","","","","","","","UNAVAILABLE","","UNAVAILABLE","","UNAVAILABLE","","UNAVAILABLE","","UNAVAILABLE","","UNAVAILABLE","","UNAVAILABLE","","","","UNAVAILABLE","","UNAVAILABLE","","UNAVAILABLE","","UNAVAILABLE","","UNAVAILABLE","","UNAVAILABLE","","UNAVAILABLE","","","","UNAVAILABLE","","UNAVAILABLE","","UNAVAILABLE","","UNAVAILABLE","","UNAVAILABLE","","UNAVAILABLE","","UNAVAILABLE","","","","","","","","","","","","","","","","","","","","","","","","","","","","","UNAVAILABLE","","UNAVAILABLE","","UNAVAILABLE","","UNAVAILABLE","","UNAVAILABLE","","UNAVAILABLE","","UNAVAILABLE","","","","UNAVAILABLE","","UNAVAILABLE","","UNAVAILABLE","","UNAVAILABLE","","UNAVAILABLE","","UNAVAILABLE","","UNAVAILABLE","","","","UNAVAILABLE","","UNAVAILABLE","","UNAVAILABLE","","UNAVAILABLE","","UNAVAILABLE","","UNAVAILABLE","","UNAVAILABLE","","","","","","","","","","","","","","","","2026.02.12 00:00:00","","","","","","","","","","","","","","","0","PREVIOUS_WEEKDAY_MISSING"
"2026.02.14","Saturday","EURUSD","-3","WEEKEND","UNKNOWN","","false","false","0","0","0","0","0","","","","","","","","false","0","0","0","0","0","","","","","","","","","","","","","","","","","","","","UNAVAILABLE","","","","","false","0","0","0","0","0","","","","","","","","","","","","","","","","","","","","","","","","","","","","","","","","","","","","UNAVAILABLE","","UNAVAILABLE","","UNAVAILABLE","","UNAVAILABLE","","UNAVAILABLE","","UNAVAILABLE","","UNAVAILABLE","","","","UNAVAILABLE","","UNAVAILABLE","","UNAVAILABLE","","UNAVAILABLE","","UNAVAILABLE","","UNAVAILABLE","","UNAVAILABLE","","","","UNAVAILABLE","","UNAVAILABLE","","UNAVAILABLE","","UNAVAILABLE","","UNAVAILABLE","","UNAVAILABLE","","UNAVAILABLE","","","","","","","","","","","","","","","","","","","","","","","","","","","","","UNAVAILABLE","","UNAVAILABLE","","UNAVAILABLE","","UNAVAILABLE","","UNAVAILABLE","","UNAVAILABLE","","UNAVAILABLE","","","","UNAVAILABLE","","UNAVAILABLE","","UNAVAILABLE","","UNAVAILABLE","","UNAVAILABLE","","UNAVAILABLE","","UNAVAILABLE","","","","UNAVAILABLE","","UNAVAILABLE","","UNAVAILABLE","","UNAVAILABLE","","UNAVAILABLE","","UNAVAILABLE","","UNAVAILABLE","","","","","","","","","","","","","","","","2026.02.13 00:00:00","","","","","","","","","","","","","","","0","PREVIOUS_WEEKDAY_MISSING"
"2026.02.15","Sunday","EURUSD","-3","WEEKEND","UNKNOWN","","false","false","0","0","0","0","0","","","","","","","","false","0","0","0","0","0","","","","","","","","","","","","","","","","","","","","UNAVAILABLE","","","","","false","0","0","0","0","0","","","","","","","","","","","","","","","","","","","","","","","","","","","","","","","","","","","","UNAVAILABLE","","UNAVAILABLE","","UNAVAILABLE","","UNAVAILABLE","","UNAVAILABLE","","UNAVAILABLE","","UNAVAILABLE","","","","UNAVAILABLE","","UNAVAILABLE","","UNAVAILABLE","","UNAVAILABLE","","UNAVAILABLE","","UNAVAILABLE","","UNAVAILABLE","","","","UNAVAILABLE","","UNAVAILABLE","","UNAVAILABLE","","UNAVAILABLE","","UNAVAILABLE","","UNAVAILABLE","","UNAVAILABLE","","","","","","","","","","","","","","","","","","","","","","","","","","","","","UNAVAILABLE","","UNAVAILABLE","","UNAVAILABLE","","UNAVAILABLE","","UNAVAILABLE","","UNAVAILABLE","","UNAVAILABLE","","","","UNAVAILABLE","","UNAVAILABLE","","UNAVAILABLE","","UNAVAILABLE","","UNAVAILABLE","","UNAVAILABLE","","UNAVAILABLE","","","","UNAVAILABLE","","UNAVAILABLE","","UNAVAILABLE","","UNAVAILABLE","","UNAVAILABLE","","UNAVAILABLE","","UNAVAILABLE","","","","","","","","","","","","","","","","2026.02.13 00:00:00","","","","","","","","","","","","","","","0","PREVIOUS_WEEKDAY_MISSING"
"2026.02.16","Monday","EURUSD","-3","INCOMPLETE_SETUP_M1","UNKNOWN","","false","false","480","0","480","480","0","","","","","","","","false","240","0","240","240","0","","","","","","","","","","","2026.02.16 08:00:00","","","","","","","","","UNAVAILABLE","","","","","false","360","0","360","360","0","","","","","","","","","","","","","","","","","","","","","","","","","","","","","","","","","","","","UNAVAILABLE","","UNAVAILABLE","","UNAVAILABLE","","UNAVAILABLE","","UNAVAILABLE","","UNAVAILABLE","","UNAVAILABLE","","","","UNAVAILABLE","","UNAVAILABLE","","UNAVAILABLE","","UNAVAILABLE","","UNAVAILABLE","","UNAVAILABLE","","UNAVAILABLE","","","","UNAVAILABLE","","UNAVAILABLE","","UNAVAILABLE","","UNAVAILABLE","","UNAVAILABLE","","UNAVAILABLE","","UNAVAILABLE","","","","","","","","","","","","","","","","","","","","","","","","","","","","","UNAVAILABLE","","UNAVAILABLE","","UNAVAILABLE","","UNAVAILABLE","","UNAVAILABLE","","UNAVAILABLE","","UNAVAILABLE","","","","UNAVAILABLE","","UNAVAILABLE","","UNAVAILABLE","","UNAVAILABLE","","UNAVAILABLE","","UNAVAILABLE","","UNAVAILABLE","","","","UNAVAILABLE","","UNAVAILABLE","","UNAVAILABLE","","UNAVAILABLE","","UNAVAILABLE","","UNAVAILABLE","","UNAVAILABLE","","","","","","","","","","","","","","","","2026.02.13 00:00:00","","","","","","","","","","","","","","","0","PREVIOUS_WEEKDAY_MISSING"
"2026.02.17","Tuesday","EURUSD","-3","INCOMPLETE_SETUP_M1","UNKNOWN","","false","false","480","0","480","480","0","","","","","","","","false","240","0","240","240","0","","","","","","","","","","","2026.02.17 08:00:00","","","","","","","","","UNAVAILABLE","","","","","false","360","0","360","360","0","","","","","","","","","","","","","","","","","","","","","","","","","","","","","","","","","","","","UNAVAILABLE","","UNAVAILABLE","","UNAVAILABLE","","UNAVAILABLE","","UNAVAILABLE","","UNAVAILABLE","","UNAVAILABLE","","","","UNAVAILABLE","","UNAVAILABLE","","UNAVAILABLE","","UNAVAILABLE","","UNAVAILABLE","","UNAVAILABLE","","UNAVAILABLE","","","","UNAVAILABLE","","UNAVAILABLE","","UNAVAILABLE","","UNAVAILABLE","","UNAVAILABLE","","UNAVAILABLE","","UNAVAILABLE","","","","","","","","","","","","","","","","","","","","","","","","","","","","","UNAVAILABLE","","UNAVAILABLE","","UNAVAILABLE","","UNAVAILABLE","","UNAVAILABLE","","UNAVAILABLE","","UNAVAILABLE","","","","UNAVAILABLE","","UNAVAILABLE","","UNAVAILABLE","","UNAVAILABLE","","UNAVAILABLE","","UNAVAILABLE","","UNAVAILABLE","","","","UNAVAILABLE","","UNAVAILABLE","","UNAVAILABLE","","UNAVAILABLE","","UNAVAILABLE","","UNAVAILABLE","","UNAVAILABLE","","","","","","","","","","","","","","","","2026.02.16 00:00:00","","","","","","","","","","","","","","","0","PREVIOUS_WEEKDAY_MISSING"
"2026.02.18","Wednesday","EURUSD","-3","INCOMPLETE_SETUP_M1","UNKNOWN","","false","false","480","0","480","480","0","","","","","","","","false","240","0","240","240","0","","","","","","","","","","","2026.02.18 08:00:00","","","","","","","","","UNAVAILABLE","","","","","false","360","0","360","360","0","","","","","","","","","","","","","","","","","","","","","","","","","","","","","","","","","","","","UNAVAILABLE","","UNAVAILABLE","","UNAVAILABLE","","UNAVAILABLE","","UNAVAILABLE","","UNAVAILABLE","","UNAVAILABLE","","","","UNAVAILABLE","","UNAVAILABLE","","UNAVAILABLE","","UNAVAILABLE","","UNAVAILABLE","","UNAVAILABLE","","UNAVAILABLE","","","","UNAVAILABLE","","UNAVAILABLE","","UNAVAILABLE","","UNAVAILABLE","","UNAVAILABLE","","UNAVAILABLE","","UNAVAILABLE","","","","","","","","","","","","","","","","","","","","","","","","","","","","","UNAVAILABLE","","UNAVAILABLE","","UNAVAILABLE","","UNAVAILABLE","","UNAVAILABLE","","UNAVAILABLE","","UNAVAILABLE","","","","UNAVAILABLE","","UNAVAILABLE","","UNAVAILABLE","","UNAVAILABLE","","UNAVAILABLE","","UNAVAILABLE","","UNAVAILABLE","","","","UNAVAILABLE","","UNAVAILABLE","","UNAVAILABLE","","UNAVAILABLE","","UNAVAILABLE","","UNAVAILABLE","","UNAVAILABLE","","","","","","","","","","","","","","","","2026.02.17 00:00:00","","","","","","","","","","","","","","","0","PREVIOUS_WEEKDAY_MISSING"
"2026.02.19","Thursday","EURUSD","-3","INCOMPLETE_SETUP_M1","UNKNOWN","","false","false","480","0","480","480","0","","","","","","","","false","240","0","240","240","0","","","","","","","","","","","2026.02.19 08:00:00","","","","","","","","","UNAVAILABLE","","","","","false","360","0","360","360","0","","","","","","","","","","","","","","","","","","","","","","","","","","","","","","","","","","","","UNAVAILABLE","","UNAVAILABLE","","UNAVAILABLE","","UNAVAILABLE","","UNAVAILABLE","","UNAVAILABLE","","UNAVAILABLE","","","","UNAVAILABLE","","UNAVAILABLE","","UNAVAILABLE","","UNAVAILABLE","","UNAVAILABLE","","UNAVAILABLE","","UNAVAILABLE","","","","UNAVAILABLE","","UNAVAILABLE","","UNAVAILABLE","","UNAVAILABLE","","UNAVAILABLE","","UNAVAILABLE","","UNAVAILABLE","","","","","","","","","","","","","","","","","","","","","","","","","","","","","UNAVAILABLE","","UNAVAILABLE","","UNAVAILABLE","","UNAVAILABLE","","UNAVAILABLE","","UNAVAILABLE","","UNAVAILABLE","","","","UNAVAILABLE","","UNAVAILABLE","","UNAVAILABLE","","UNAVAILABLE","","UNAVAILABLE","","UNAVAILABLE","","UNAVAILABLE","","","","UNAVAILABLE","","UNAVAILABLE","","UNAVAILABLE","","UNAVAILABLE","","UNAVAILABLE","","UNAVAILABLE","","UNAVAILABLE","","","","","","","","","","","","","","","","2026.02.18 00:00:00","","","","","","","","","","","","","","","0","PREVIOUS_WEEKDAY_MISSING"
"2026.02.20","Friday","EURUSD","-3","INCOMPLETE_SETUP_M1","UNKNOWN","","false","false","480","0","480","480","0","","","","","","","","false","240","0","240","240","0","","","","","","","","","","","2026.02.20 08:00:00","","","","","","","","","UNAVAILABLE","","","","","false","360","0","360","360","0","","","","","","","","","","","","","","","","","","","","","","","","","","","","","","","","","","","","UNAVAILABLE","","UNAVAILABLE","","UNAVAILABLE","","UNAVAILABLE","","UNAVAILABLE","","UNAVAILABLE","","UNAVAILABLE","","","","UNAVAILABLE","","UNAVAILABLE","","UNAVAILABLE","","UNAVAILABLE","","UNAVAILABLE","","UNAVAILABLE","","UNAVAILABLE","","","","UNAVAILABLE","","UNAVAILABLE","","UNAVAILABLE","","UNAVAILABLE","","UNAVAILABLE","","UNAVAILABLE","","UNAVAILABLE","","","","","","","","","","","","","","","","","","","","","","","","","","","","","UNAVAILABLE","","UNAVAILABLE","","UNAVAILABLE","","UNAVAILABLE","","UNAVAILABLE","","UNAVAILABLE","","UNAVAILABLE","","","","UNAVAILABLE","","UNAVAILABLE","","UNAVAILABLE","","UNAVAILABLE","","UNAVAILABLE","","UNAVAILABLE","","UNAVAILABLE","","","","UNAVAILABLE","","UNAVAILABLE","","UNAVAILABLE","","UNAVAILABLE","","UNAVAILABLE","","UNAVAILABLE","","UNAVAILABLE","","","","","","","","","","","","","","","","2026.02.19 00:00:00","","","","","","","","","","","","","","","0","PREVIOUS_WEEKDAY_MISSING"
"2026.02.21","Saturday","EURUSD","-3","WEEKEND","UNKNOWN","","false","false","0","0","0","0","0","","","","","","","","false","0","0","0","0","0","","","","","","","","","","","","","","","","","","","","UNAVAILABLE","","","","","false","0","0","0","0","0","","","","","","","","","","","","","","","","","","","","","","","","","","","","","","","","","","","","UNAVAILABLE","","UNAVAILABLE","","UNAVAILABLE","","UNAVAILABLE","","UNAVAILABLE","","UNAVAILABLE","","UNAVAILABLE","","","","UNAVAILABLE","","UNAVAILABLE","","UNAVAILABLE","","UNAVAILABLE","","UNAVAILABLE","","UNAVAILABLE","","UNAVAILABLE","","","","UNAVAILABLE","","UNAVAILABLE","","UNAVAILABLE","","UNAVAILABLE","","UNAVAILABLE","","UNAVAILABLE","","UNAVAILABLE","","","","","","","","","","","","","","","","","","","","","","","","","","","","","UNAVAILABLE","","UNAVAILABLE","","UNAVAILABLE","","UNAVAILABLE","","UNAVAILABLE","","UNAVAILABLE","","UNAVAILABLE","","","","UNAVAILABLE","","UNAVAILABLE","","UNAVAILABLE","","UNAVAILABLE","","UNAVAILABLE","","UNAVAILABLE","","UNAVAILABLE","","","","UNAVAILABLE","","UNAVAILABLE","","UNAVAILABLE","","UNAVAILABLE","","UNAVAILABLE","","UNAVAILABLE","","UNAVAILABLE","","","","","","","","","","","","","","","","2026.02.20 00:00:00","","","","","","","","","","","","","","","0","PREVIOUS_WEEKDAY_MISSING"
"2026.02.22","Sunday","EURUSD","-3","WEEKEND","UNKNOWN","","false","false","0","0","0","0","0","","","","","","","","false","0","0","0","0","0","","","","","","","","","","","","","","","","","","","","UNAVAILABLE","","","","","false","0","0","0","0","0","","","","","","","","","","","","","","","","","","","","","","","","","","","","","","","","","","","","UNAVAILABLE","","UNAVAILABLE","","UNAVAILABLE","","UNAVAILABLE","","UNAVAILABLE","","UNAVAILABLE","","UNAVAILABLE","","","","UNAVAILABLE","","UNAVAILABLE","","UNAVAILABLE","","UNAVAILABLE","","UNAVAILABLE","","UNAVAILABLE","","UNAVAILABLE","","","","UNAVAILABLE","","UNAVAILABLE","","UNAVAILABLE","","UNAVAILABLE","","UNAVAILABLE","","UNAVAILABLE","","UNAVAILABLE","","","","","","","","","","","","","","","","","","","","","","","","","","","","","UNAVAILABLE","","UNAVAILABLE","","UNAVAILABLE","","UNAVAILABLE","","UNAVAILABLE","","UNAVAILABLE","","UNAVAILABLE","","","","UNAVAILABLE","","UNAVAILABLE","","UNAVAILABLE","","UNAVAILABLE","","UNAVAILABLE","","UNAVAILABLE","","UNAVAILABLE","","","","UNAVAILABLE","","UNAVAILABLE","","UNAVAILABLE","","UNAVAILABLE","","UNAVAILABLE","","UNAVAILABLE","","UNAVAILABLE","","","","","","","","","","","","","","","","2026.02.20 00:00:00","","","","","","","","","","","","","","","0","PREVIOUS_WEEKDAY_MISSING"
"2026.02.23","Monday","EURUSD","-3","INCOMPLETE_SETUP_M1","UNKNOWN","","false","false","480","0","480","480","0","","","","","","","","false","240","0","240","240","0","","","","","","","","","","","2026.02.23 08:00:00","","","","","","","","","UNAVAILABLE","","","","","false","360","0","360","360","0","","","","","","","","","","","","","","","","","","","","","","","","","","","","","","","","","","","","UNAVAILABLE","","UNAVAILABLE","","UNAVAILABLE","","UNAVAILABLE","","UNAVAILABLE","","UNAVAILABLE","","UNAVAILABLE","","","","UNAVAILABLE","","UNAVAILABLE","","UNAVAILABLE","","UNAVAILABLE","","UNAVAILABLE","","UNAVAILABLE","","UNAVAILABLE","","","","UNAVAILABLE","","UNAVAILABLE","","UNAVAILABLE","","UNAVAILABLE","","UNAVAILABLE","","UNAVAILABLE","","UNAVAILABLE","","","","","","","","","","","","","","","","","","","","","","","","","","","","","UNAVAILABLE","","UNAVAILABLE","","UNAVAILABLE","","UNAVAILABLE","","UNAVAILABLE","","UNAVAILABLE","","UNAVAILABLE","","","","UNAVAILABLE","","UNAVAILABLE","","UNAVAILABLE","","UNAVAILABLE","","UNAVAILABLE","","UNAVAILABLE","","UNAVAILABLE","","","","UNAVAILABLE","","UNAVAILABLE","","UNAVAILABLE","","UNAVAILABLE","","UNAVAILABLE","","UNAVAILABLE","","UNAVAILABLE","","","","","","","","","","","","","","","","2026.02.20 00:00:00","","","","","","","","","","","","","","","0","PREVIOUS_WEEKDAY_MISSING"
"2026.02.24","Tuesday","EURUSD","-3","INCOMPLETE_SETUP_M1","UNKNOWN","","false","false","480","0","480","480","0","","","","","","","","false","240","0","240","240","0","","","","","","","","","","","2026.02.24 08:00:00","","","","","","","","","UNAVAILABLE","","","","","false","360","0","360","360","0","","","","","","","","","","","","","","","","","","","","","","","","","","","","","","","","","","","","UNAVAILABLE","","UNAVAILABLE","","UNAVAILABLE","","UNAVAILABLE","","UNAVAILABLE","","UNAVAILABLE","","UNAVAILABLE","","","","UNAVAILABLE","","UNAVAILABLE","","UNAVAILABLE","","UNAVAILABLE","","UNAVAILABLE","","UNAVAILABLE","","UNAVAILABLE","","","","UNAVAILABLE","","UNAVAILABLE","","UNAVAILABLE","","UNAVAILABLE","","UNAVAILABLE","","UNAVAILABLE","","UNAVAILABLE","","","","","","","","","","","","","","","","","","","","","","","","","","","","","UNAVAILABLE","","UNAVAILABLE","","UNAVAILABLE","","UNAVAILABLE","","UNAVAILABLE","","UNAVAILABLE","","UNAVAILABLE","","","","UNAVAILABLE","","UNAVAILABLE","","UNAVAILABLE","","UNAVAILABLE","","UNAVAILABLE","","UNAVAILABLE","","UNAVAILABLE","","","","UNAVAILABLE","","UNAVAILABLE","","UNAVAILABLE","","UNAVAILABLE","","UNAVAILABLE","","UNAVAILABLE","","UNAVAILABLE","","","","","","","","","","","","","","","","2026.02.23 00:00:00","","","","","","","","","","","","","","","0","PREVIOUS_WEEKDAY_MISSING"
"2026.02.25","Wednesday","EURUSD","-3","INCOMPLETE_SETUP_M1","UNKNOWN","","false","false","480","0","480","480","0","","","","","","","","false","240","0","240","240","0","","","","","","","","","","","2026.02.25 08:00:00","","","","","","","","","UNAVAILABLE","","","","","false","360","0","360","360","0","","","","","","","","","","","","","","","","","","","","","","","","","","","","","","","","","","","","UNAVAILABLE","","UNAVAILABLE","","UNAVAILABLE","","UNAVAILABLE","","UNAVAILABLE","","UNAVAILABLE","","UNAVAILABLE","","","","UNAVAILABLE","","UNAVAILABLE","","UNAVAILABLE","","UNAVAILABLE","","UNAVAILABLE","","UNAVAILABLE","","UNAVAILABLE","","","","UNAVAILABLE","","UNAVAILABLE","","UNAVAILABLE","","UNAVAILABLE","","UNAVAILABLE","","UNAVAILABLE","","UNAVAILABLE","","","","","","","","","","","","","","","","","","","","","","","","","","","","","UNAVAILABLE","","UNAVAILABLE","","UNAVAILABLE","","UNAVAILABLE","","UNAVAILABLE","","UNAVAILABLE","","UNAVAILABLE","","","","UNAVAILABLE","","UNAVAILABLE","","UNAVAILABLE","","UNAVAILABLE","","UNAVAILABLE","","UNAVAILABLE","","UNAVAILABLE","","","","UNAVAILABLE","","UNAVAILABLE","","UNAVAILABLE","","UNAVAILABLE","","UNAVAILABLE","","UNAVAILABLE","","UNAVAILABLE","","","","","","","","","","","","","","","","2026.02.24 00:00:00","","","","","","","","","","","","","","","0","PREVIOUS_WEEKDAY_MISSING"
"2026.02.26","Thursday","EURUSD","-3","INCOMPLETE_SETUP_M1","UNKNOWN","","false","false","480","0","480","480","0","","","","","","","","false","240","0","240","240","0","","","","","","","","","","","2026.02.26 08:00:00","","","","","","","","","UNAVAILABLE","","","","","false","360","0","360","360","0","","","","","","","","","","","","","","","","","","","","","","","","","","","","","","","","","","","","UNAVAILABLE","","UNAVAILABLE","","UNAVAILABLE","","UNAVAILABLE","","UNAVAILABLE","","UNAVAILABLE","","UNAVAILABLE","","","","UNAVAILABLE","","UNAVAILABLE","","UNAVAILABLE","","UNAVAILABLE","","UNAVAILABLE","","UNAVAILABLE","","UNAVAILABLE","","","","UNAVAILABLE","","UNAVAILABLE","","UNAVAILABLE","","UNAVAILABLE","","UNAVAILABLE","","UNAVAILABLE","","UNAVAILABLE","","","","","","","","","","","","","","","","","","","","","","","","","","","","","UNAVAILABLE","","UNAVAILABLE","","UNAVAILABLE","","UNAVAILABLE","","UNAVAILABLE","","UNAVAILABLE","","UNAVAILABLE","","","","UNAVAILABLE","","UNAVAILABLE","","UNAVAILABLE","","UNAVAILABLE","","UNAVAILABLE","","UNAVAILABLE","","UNAVAILABLE","","","","UNAVAILABLE","","UNAVAILABLE","","UNAVAILABLE","","UNAVAILABLE","","UNAVAILABLE","","UNAVAILABLE","","UNAVAILABLE","","","","","","","","","","","","","","","","2026.02.25 00:00:00","","","","","","","","","","","","","","","0","PREVIOUS_WEEKDAY_MISSING"
"2026.02.27","Friday","EURUSD","-3","INCOMPLETE_SETUP_M1","UNKNOWN","","false","false","480","0","480","480","0","","","","","","","","false","240","0","240","240","0","","","","","","","","","","","2026.02.27 08:00:00","","","","","","","","","UNAVAILABLE","","","","","false","360","0","360","360","0","","","","","","","","","","","","","","","","","","","","","","","","","","","","","","","","","","","","UNAVAILABLE","","UNAVAILABLE","","UNAVAILABLE","","UNAVAILABLE","","UNAVAILABLE","","UNAVAILABLE","","UNAVAILABLE","","","","UNAVAILABLE","","UNAVAILABLE","","UNAVAILABLE","","UNAVAILABLE","","UNAVAILABLE","","UNAVAILABLE","","UNAVAILABLE","","","","UNAVAILABLE","","UNAVAILABLE","","UNAVAILABLE","","UNAVAILABLE","","UNAVAILABLE","","UNAVAILABLE","","UNAVAILABLE","","","","","","","","","","","","","","","","","","","","","","","","","","","","","UNAVAILABLE","","UNAVAILABLE","","UNAVAILABLE","","UNAVAILABLE","","UNAVAILABLE","","UNAVAILABLE","","UNAVAILABLE","","","","UNAVAILABLE","","UNAVAILABLE","","UNAVAILABLE","","UNAVAILABLE","","UNAVAILABLE","","UNAVAILABLE","","UNAVAILABLE","","","","UNAVAILABLE","","UNAVAILABLE","","UNAVAILABLE","","UNAVAILABLE","","UNAVAILABLE","","UNAVAILABLE","","UNAVAILABLE","","","","","","","","","","","","","","","","2026.02.26 00:00:00","","","","","","","","","","","","","","","0","PREVIOUS_WEEKDAY_MISSING"
"2026.02.28","Saturday","EURUSD","-3","WEEKEND","UNKNOWN","","false","false","0","0","0","0","0","","","","","","","","false","0","0","0","0","0","","","","","","","","","","","","","","","","","","","","UNAVAILABLE","","","","","false","0","0","0","0","0","","","","","","","","","","","","","","","","","","","","","","","","","","","","","","","","","","","","UNAVAILABLE","","UNAVAILABLE","","UNAVAILABLE","","UNAVAILABLE","","UNAVAILABLE","","UNAVAILABLE","","UNAVAILABLE","","","","UNAVAILABLE","","UNAVAILABLE","","UNAVAILABLE","","UNAVAILABLE","","UNAVAILABLE","","UNAVAILABLE","","UNAVAILABLE","","","","UNAVAILABLE","","UNAVAILABLE","","UNAVAILABLE","","UNAVAILABLE","","UNAVAILABLE","","UNAVAILABLE","","UNAVAILABLE","","","","","","","","","","","","","","","","","","","","","","","","","","","","","UNAVAILABLE","","UNAVAILABLE","","UNAVAILABLE","","UNAVAILABLE","","UNAVAILABLE","","UNAVAILABLE","","UNAVAILABLE","","","","UNAVAILABLE","","UNAVAILABLE","","UNAVAILABLE","","UNAVAILABLE","","UNAVAILABLE","","UNAVAILABLE","","UNAVAILABLE","","","","UNAVAILABLE","","UNAVAILABLE","","UNAVAILABLE","","UNAVAILABLE","","UNAVAILABLE","","UNAVAILABLE","","UNAVAILABLE","","","","","","","","","","","","","","","","2026.02.27 00:00:00","","","","","","","","","","","","","","","0","PREVIOUS_WEEKDAY_MISSING"
"2026.03.01","Sunday","EURUSD","-3","WEEKEND","UNKNOWN","","false","false","0","0","0","0","0","","","","","","","","false","0","0","0","0","0","","","","","","","","","","","","","","","","","","","","UNAVAILABLE","","","","","false","0","0","0","0","0","","","","","","","","","","","","","","","","","","","","","","","","","","","","","","","","","","","","UNAVAILABLE","","UNAVAILABLE","","UNAVAILABLE","","UNAVAILABLE","","UNAVAILABLE","","UNAVAILABLE","","UNAVAILABLE","","","","UNAVAILABLE","","UNAVAILABLE","","UNAVAILABLE","","UNAVAILABLE","","UNAVAILABLE","","UNAVAILABLE","","UNAVAILABLE","","","","UNAVAILABLE","","UNAVAILABLE","","UNAVAILABLE","","UNAVAILABLE","","UNAVAILABLE","","UNAVAILABLE","","UNAVAILABLE","","","","","","","","","","","","","","","","","","","","","","","","","","","","","UNAVAILABLE","","UNAVAILABLE","","UNAVAILABLE","","UNAVAILABLE","","UNAVAILABLE","","UNAVAILABLE","","UNAVAILABLE","","","","UNAVAILABLE","","UNAVAILABLE","","UNAVAILABLE","","UNAVAILABLE","","UNAVAILABLE","","UNAVAILABLE","","UNAVAILABLE","","","","UNAVAILABLE","","UNAVAILABLE","","UNAVAILABLE","","UNAVAILABLE","","UNAVAILABLE","","UNAVAILABLE","","UNAVAILABLE","","","","","","","","","","","","","","","","2026.02.27 00:00:00","","","","","","","","","","","","","","","0","PREVIOUS_WEEKDAY_MISSING"
"2026.03.02","Monday","EURUSD","-3","INCOMPLETE_SETUP_M1","UNKNOWN","","false","false","480","0","480","480","0","","","","","","","","false","240","0","240","240","0","","","","","","","","","","","2026.03.02 08:00:00","","","","","","","","","UNAVAILABLE","","","","","false","360","0","360","360","0","","","","","","","","","","","","","","","","","","","","","","","","","","","","","","","","","","","","UNAVAILABLE","","UNAVAILABLE","","UNAVAILABLE","","UNAVAILABLE","","UNAVAILABLE","","UNAVAILABLE","","UNAVAILABLE","","","","UNAVAILABLE","","UNAVAILABLE","","UNAVAILABLE","","UNAVAILABLE","","UNAVAILABLE","","UNAVAILABLE","","UNAVAILABLE","","","","UNAVAILABLE","","UNAVAILABLE","","UNAVAILABLE","","UNAVAILABLE","","UNAVAILABLE","","UNAVAILABLE","","UNAVAILABLE","","","","","","","","","","","","","","","","","","","","","","","","","","","","","UNAVAILABLE","","UNAVAILABLE","","UNAVAILABLE","","UNAVAILABLE","","UNAVAILABLE","","UNAVAILABLE","","UNAVAILABLE","","","","UNAVAILABLE","","UNAVAILABLE","","UNAVAILABLE","","UNAVAILABLE","","UNAVAILABLE","","UNAVAILABLE","","UNAVAILABLE","","","","UNAVAILABLE","","UNAVAILABLE","","UNAVAILABLE","","UNAVAILABLE","","UNAVAILABLE","","UNAVAILABLE","","UNAVAILABLE","","","","","","","","","","","","","","","","2026.02.27 00:00:00","","","","","","","","","","","","","","","0","PREVIOUS_WEEKDAY_MISSING"
"2026.03.03","Tuesday","EURUSD","-3","INCOMPLETE_SETUP_M1","UNKNOWN","","false","false","480","0","480","480","0","","","","","","","","false","240","0","240","240","0","","","","","","","","","","","2026.03.03 08:00:00","","","","","","","","","UNAVAILABLE","","","","","false","360","0","360","360","0","","","","","","","","","","","","","","","","","","","","","","","","","","","","","","","","","","","","UNAVAILABLE","","UNAVAILABLE","","UNAVAILABLE","","UNAVAILABLE","","UNAVAILABLE","","UNAVAILABLE","","UNAVAILABLE","","","","UNAVAILABLE","","UNAVAILABLE","","UNAVAILABLE","","UNAVAILABLE","","UNAVAILABLE","","UNAVAILABLE","","UNAVAILABLE","","","","UNAVAILABLE","","UNAVAILABLE","","UNAVAILABLE","","UNAVAILABLE","","UNAVAILABLE","","UNAVAILABLE","","UNAVAILABLE","","","","","","","","","","","","","","","","","","","","","","","","","","","","","UNAVAILABLE","","UNAVAILABLE","","UNAVAILABLE","","UNAVAILABLE","","UNAVAILABLE","","UNAVAILABLE","","UNAVAILABLE","","","","UNAVAILABLE","","UNAVAILABLE","","UNAVAILABLE","","UNAVAILABLE","","UNAVAILABLE","","UNAVAILABLE","","UNAVAILABLE","","","","UNAVAILABLE","","UNAVAILABLE","","UNAVAILABLE","","UNAVAILABLE","","UNAVAILABLE","","UNAVAILABLE","","UNAVAILABLE","","","","","","","","","","","","","","","","2026.03.02 00:00:00","","","","","","","","","","","","","","","0","PREVIOUS_WEEKDAY_MISSING"
"2026.03.04","Wednesday","EURUSD","-3","INCOMPLETE_SETUP_M1","UNKNOWN","","false","false","480","0","480","480","0","","","","","","","","false","240","0","240","240","0","","","","","","","","","","","2026.03.04 08:00:00","","","","","","","","","UNAVAILABLE","","","","","false","360","0","360","360","0","","","","","","","","","","","","","","","","","","","","","","","","","","","","","","","","","","","","UNAVAILABLE","","UNAVAILABLE","","UNAVAILABLE","","UNAVAILABLE","","UNAVAILABLE","","UNAVAILABLE","","UNAVAILABLE","","","","UNAVAILABLE","","UNAVAILABLE","","UNAVAILABLE","","UNAVAILABLE","","UNAVAILABLE","","UNAVAILABLE","","UNAVAILABLE","","","","UNAVAILABLE","","UNAVAILABLE","","UNAVAILABLE","","UNAVAILABLE","","UNAVAILABLE","","UNAVAILABLE","","UNAVAILABLE","","","","","","","","","","","","","","","","","","","","","","","","","","","","","UNAVAILABLE","","UNAVAILABLE","","UNAVAILABLE","","UNAVAILABLE","","UNAVAILABLE","","UNAVAILABLE","","UNAVAILABLE","","","","UNAVAILABLE","","UNAVAILABLE","","UNAVAILABLE","","UNAVAILABLE","","UNAVAILABLE","","UNAVAILABLE","","UNAVAILABLE","","","","UNAVAILABLE","","UNAVAILABLE","","UNAVAILABLE","","UNAVAILABLE","","UNAVAILABLE","","UNAVAILABLE","","UNAVAILABLE","","","","","","","","","","","","","","","","2026.03.03 00:00:00","","","","","","","","","","","","","","","0","PREVIOUS_WEEKDAY_MISSING"
"2026.03.05","Thursday","EURUSD","-3","INCOMPLETE_SETUP_M1","UNKNOWN","","false","false","480","0","480","480","0","","","","","","","","false","240","0","240","240","0","","","","","","","","","","","2026.03.05 08:00:00","","","","","","","","","UNAVAILABLE","","","","","false","360","0","360","360","0","","","","","","","","","","","","","","","","","","","","","","","","","","","","","","","","","","","","UNAVAILABLE","","UNAVAILABLE","","UNAVAILABLE","","UNAVAILABLE","","UNAVAILABLE","","UNAVAILABLE","","UNAVAILABLE","","","","UNAVAILABLE","","UNAVAILABLE","","UNAVAILABLE","","UNAVAILABLE","","UNAVAILABLE","","UNAVAILABLE","","UNAVAILABLE","","","","UNAVAILABLE","","UNAVAILABLE","","UNAVAILABLE","","UNAVAILABLE","","UNAVAILABLE","","UNAVAILABLE","","UNAVAILABLE","","","","","","","","","","","","","","","","","","","","","","","","","","","","","UNAVAILABLE","","UNAVAILABLE","","UNAVAILABLE","","UNAVAILABLE","","UNAVAILABLE","","UNAVAILABLE","","UNAVAILABLE","","","","UNAVAILABLE","","UNAVAILABLE","","UNAVAILABLE","","UNAVAILABLE","","UNAVAILABLE","","UNAVAILABLE","","UNAVAILABLE","","","","UNAVAILABLE","","UNAVAILABLE","","UNAVAILABLE","","UNAVAILABLE","","UNAVAILABLE","","UNAVAILABLE","","UNAVAILABLE","","","","","","","","","","","","","","","","2026.03.04 00:00:00","","","","","","","","","","","","","","","0","PREVIOUS_WEEKDAY_MISSING"
"2026.03.06","Friday","EURUSD","-3","INCOMPLETE_SETUP_M1","UNKNOWN","","false","false","480","0","480","480","0","","","","","","","","false","240","0","240","240","0","","","","","","","","","","","2026.03.06 08:00:00","","","","","","","","","UNAVAILABLE","","","","","false","360","0","360","360","0","","","","","","","","","","","","","","","","","","","","","","","","","","","","","","","","","","","","UNAVAILABLE","","UNAVAILABLE","","UNAVAILABLE","","UNAVAILABLE","","UNAVAILABLE","","UNAVAILABLE","","UNAVAILABLE","","","","UNAVAILABLE","","UNAVAILABLE","","UNAVAILABLE","","UNAVAILABLE","","UNAVAILABLE","","UNAVAILABLE","","UNAVAILABLE","","","","UNAVAILABLE","","UNAVAILABLE","","UNAVAILABLE","","UNAVAILABLE","","UNAVAILABLE","","UNAVAILABLE","","UNAVAILABLE","","","","","","","","","","","","","","","","","","","","","","","","","","","","","UNAVAILABLE","","UNAVAILABLE","","UNAVAILABLE","","UNAVAILABLE","","UNAVAILABLE","","UNAVAILABLE","","UNAVAILABLE","","","","UNAVAILABLE","","UNAVAILABLE","","UNAVAILABLE","","UNAVAILABLE","","UNAVAILABLE","","UNAVAILABLE","","UNAVAILABLE","","","","UNAVAILABLE","","UNAVAILABLE","","UNAVAILABLE","","UNAVAILABLE","","UNAVAILABLE","","UNAVAILABLE","","UNAVAILABLE","","","","","","","","","","","","","","","","2026.03.05 00:00:00","","","","","","","","","","","","","","","0","PREVIOUS_WEEKDAY_MISSING"
"2026.03.07","Saturday","EURUSD","-3","WEEKEND","UNKNOWN","","false","false","0","0","0","0","0","","","","","","","","false","0","0","0","0","0","","","","","","","","","","","","","","","","","","","","UNAVAILABLE","","","","","false","0","0","0","0","0","","","","","","","","","","","","","","","","","","","","","","","","","","","","","","","","","","","","UNAVAILABLE","","UNAVAILABLE","","UNAVAILABLE","","UNAVAILABLE","","UNAVAILABLE","","UNAVAILABLE","","UNAVAILABLE","","","","UNAVAILABLE","","UNAVAILABLE","","UNAVAILABLE","","UNAVAILABLE","","UNAVAILABLE","","UNAVAILABLE","","UNAVAILABLE","","","","UNAVAILABLE","","UNAVAILABLE","","UNAVAILABLE","","UNAVAILABLE","","UNAVAILABLE","","UNAVAILABLE","","UNAVAILABLE","","","","","","","","","","","","","","","","","","","","","","","","","","","","","UNAVAILABLE","","UNAVAILABLE","","UNAVAILABLE","","UNAVAILABLE","","UNAVAILABLE","","UNAVAILABLE","","UNAVAILABLE","","","","UNAVAILABLE","","UNAVAILABLE","","UNAVAILABLE","","UNAVAILABLE","","UNAVAILABLE","","UNAVAILABLE","","UNAVAILABLE","","","","UNAVAILABLE","","UNAVAILABLE","","UNAVAILABLE","","UNAVAILABLE","","UNAVAILABLE","","UNAVAILABLE","","UNAVAILABLE","","","","","","","","","","","","","","","","2026.03.06 00:00:00","","","","","","","","","","","","","","","0","PREVIOUS_WEEKDAY_MISSING"
"2026.03.08","Sunday","EURUSD","-3","WEEKEND","UNKNOWN","","false","false","0","0","0","0","0","","","","","","","","false","0","0","0","0","0","","","","","","","","","","","","","","","","","","","","UNAVAILABLE","","","","","false","0","0","0","0","0","","","","","","","","","","","","","","","","","","","","","","","","","","","","","","","","","","","","UNAVAILABLE","","UNAVAILABLE","","UNAVAILABLE","","UNAVAILABLE","","UNAVAILABLE","","UNAVAILABLE","","UNAVAILABLE","","","","UNAVAILABLE","","UNAVAILABLE","","UNAVAILABLE","","UNAVAILABLE","","UNAVAILABLE","","UNAVAILABLE","","UNAVAILABLE","","","","UNAVAILABLE","","UNAVAILABLE","","UNAVAILABLE","","UNAVAILABLE","","UNAVAILABLE","","UNAVAILABLE","","UNAVAILABLE","","","","","","","","","","","","","","","","","","","","","","","","","","","","","UNAVAILABLE","","UNAVAILABLE","","UNAVAILABLE","","UNAVAILABLE","","UNAVAILABLE","","UNAVAILABLE","","UNAVAILABLE","","","","UNAVAILABLE","","UNAVAILABLE","","UNAVAILABLE","","UNAVAILABLE","","UNAVAILABLE","","UNAVAILABLE","","UNAVAILABLE","","","","UNAVAILABLE","","UNAVAILABLE","","UNAVAILABLE","","UNAVAILABLE","","UNAVAILABLE","","UNAVAILABLE","","UNAVAILABLE","","","","","","","","","","","","","","","","2026.03.06 00:00:00","","","","","","","","","","","","","","","0","PREVIOUS_WEEKDAY_MISSING"
"2026.03.09","Monday","EURUSD","-3","INCOMPLETE_SETUP_M1","UNKNOWN","","false","false","480","0","480","480","0","","","","","","","","false","240","0","240","240","0","","","","","","","","","","","2026.03.09 08:00:00","","","","","","","","","UNAVAILABLE","","","","","false","360","0","360","360","0","","","","","","","","","","","","","","","","","","","","","","","","","","","","","","","","","","","","UNAVAILABLE","","UNAVAILABLE","","UNAVAILABLE","","UNAVAILABLE","","UNAVAILABLE","","UNAVAILABLE","","UNAVAILABLE","","","","UNAVAILABLE","","UNAVAILABLE","","UNAVAILABLE","","UNAVAILABLE","","UNAVAILABLE","","UNAVAILABLE","","UNAVAILABLE","","","","UNAVAILABLE","","UNAVAILABLE","","UNAVAILABLE","","UNAVAILABLE","","UNAVAILABLE","","UNAVAILABLE","","UNAVAILABLE","","","","","","","","","","","","","","","","","","","","","","","","","","","","","UNAVAILABLE","","UNAVAILABLE","","UNAVAILABLE","","UNAVAILABLE","","UNAVAILABLE","","UNAVAILABLE","","UNAVAILABLE","","","","UNAVAILABLE","","UNAVAILABLE","","UNAVAILABLE","","UNAVAILABLE","","UNAVAILABLE","","UNAVAILABLE","","UNAVAILABLE","","","","UNAVAILABLE","","UNAVAILABLE","","UNAVAILABLE","","UNAVAILABLE","","UNAVAILABLE","","UNAVAILABLE","","UNAVAILABLE","","","","","","","","","","","","","","","","2026.03.06 00:00:00","","","","","","","","","","","","","","","0","PREVIOUS_WEEKDAY_MISSING"
"2026.03.10","Tuesday","EURUSD","-3","INCOMPLETE_SETUP_M1","UNKNOWN","","false","false","480","0","480","480","0","","","","","","","","false","240","0","240","240","0","","","","","","","","","","","2026.03.10 08:00:00","","","","","","","","","UNAVAILABLE","","","","","false","360","0","360","360","0","","","","","","","","","","","","","","","","","","","","","","","","","","","","","","","","","","","","UNAVAILABLE","","UNAVAILABLE","","UNAVAILABLE","","UNAVAILABLE","","UNAVAILABLE","","UNAVAILABLE","","UNAVAILABLE","","","","UNAVAILABLE","","UNAVAILABLE","","UNAVAILABLE","","UNAVAILABLE","","UNAVAILABLE","","UNAVAILABLE","","UNAVAILABLE","","","","UNAVAILABLE","","UNAVAILABLE","","UNAVAILABLE","","UNAVAILABLE","","UNAVAILABLE","","UNAVAILABLE","","UNAVAILABLE","","","","","","","","","","","","","","","","","","","","","","","","","","","","","UNAVAILABLE","","UNAVAILABLE","","UNAVAILABLE","","UNAVAILABLE","","UNAVAILABLE","","UNAVAILABLE","","UNAVAILABLE","","","","UNAVAILABLE","","UNAVAILABLE","","UNAVAILABLE","","UNAVAILABLE","","UNAVAILABLE","","UNAVAILABLE","","UNAVAILABLE","","","","UNAVAILABLE","","UNAVAILABLE","","UNAVAILABLE","","UNAVAILABLE","","UNAVAILABLE","","UNAVAILABLE","","UNAVAILABLE","","","","","","","","","","","","","","","","2026.03.09 00:00:00","","","","","","","","","","","","","","","0","PREVIOUS_WEEKDAY_MISSING"
"2026.03.11","Wednesday","EURUSD","-3","INCOMPLETE_SETUP_M1","UNKNOWN","","false","false","480","0","480","480","0","","","","","","","","false","240","0","240","240","0","","","","","","","","","","","2026.03.11 08:00:00","","","","","","","","","UNAVAILABLE","","","","","false","360","0","360","360","0","","","","","","","","","","","","","","","","","","","","","","","","","","","","","","","","","","","","UNAVAILABLE","","UNAVAILABLE","","UNAVAILABLE","","UNAVAILABLE","","UNAVAILABLE","","UNAVAILABLE","","UNAVAILABLE","","","","UNAVAILABLE","","UNAVAILABLE","","UNAVAILABLE","","UNAVAILABLE","","UNAVAILABLE","","UNAVAILABLE","","UNAVAILABLE","","","","UNAVAILABLE","","UNAVAILABLE","","UNAVAILABLE","","UNAVAILABLE","","UNAVAILABLE","","UNAVAILABLE","","UNAVAILABLE","","","","","","","","","","","","","","","","","","","","","","","","","","","","","UNAVAILABLE","","UNAVAILABLE","","UNAVAILABLE","","UNAVAILABLE","","UNAVAILABLE","","UNAVAILABLE","","UNAVAILABLE","","","","UNAVAILABLE","","UNAVAILABLE","","UNAVAILABLE","","UNAVAILABLE","","UNAVAILABLE","","UNAVAILABLE","","UNAVAILABLE","","","","UNAVAILABLE","","UNAVAILABLE","","UNAVAILABLE","","UNAVAILABLE","","UNAVAILABLE","","UNAVAILABLE","","UNAVAILABLE","","","","","","","","","","","","","","","","2026.03.10 00:00:00","","","","","","","","","","","","","","","0","PREVIOUS_WEEKDAY_MISSING"
"2026.03.12","Thursday","EURUSD","-3","INCOMPLETE_SETUP_M1","UNKNOWN","","false","false","480","0","480","480","0","","","","","","","","false","240","0","240","240","0","","","","","","","","","","","2026.03.12 08:00:00","","","","","","","","","UNAVAILABLE","","","","","false","360","0","360","360","0","","","","","","","","","","","","","","","","","","","","","","","","","","","","","","","","","","","","UNAVAILABLE","","UNAVAILABLE","","UNAVAILABLE","","UNAVAILABLE","","UNAVAILABLE","","UNAVAILABLE","","UNAVAILABLE","","","","UNAVAILABLE","","UNAVAILABLE","","UNAVAILABLE","","UNAVAILABLE","","UNAVAILABLE","","UNAVAILABLE","","UNAVAILABLE","","","","UNAVAILABLE","","UNAVAILABLE","","UNAVAILABLE","","UNAVAILABLE","","UNAVAILABLE","","UNAVAILABLE","","UNAVAILABLE","","","","","","","","","","","","","","","","","","","","","","","","","","","","","UNAVAILABLE","","UNAVAILABLE","","UNAVAILABLE","","UNAVAILABLE","","UNAVAILABLE","","UNAVAILABLE","","UNAVAILABLE","","","","UNAVAILABLE","","UNAVAILABLE","","UNAVAILABLE","","UNAVAILABLE","","UNAVAILABLE","","UNAVAILABLE","","UNAVAILABLE","","","","UNAVAILABLE","","UNAVAILABLE","","UNAVAILABLE","","UNAVAILABLE","","UNAVAILABLE","","UNAVAILABLE","","UNAVAILABLE","","","","","","","","","","","","","","","","2026.03.11 00:00:00","","","","","","","","","","","","","","","0","PREVIOUS_WEEKDAY_MISSING"
"2026.03.13","Friday","EURUSD","-3","INCOMPLETE_SETUP_M1","UNKNOWN","","false","false","480","0","480","480","0","","","","","","","","false","240","0","240","240","0","","","","","","","","","","","2026.03.13 08:00:00","","","","","","","","","UNAVAILABLE","","","","","false","360","0","360","360","0","","","","","","","","","","","","","","","","","","","","","","","","","","","","","","","","","","","","UNAVAILABLE","","UNAVAILABLE","","UNAVAILABLE","","UNAVAILABLE","","UNAVAILABLE","","UNAVAILABLE","","UNAVAILABLE","","","","UNAVAILABLE","","UNAVAILABLE","","UNAVAILABLE","","UNAVAILABLE","","UNAVAILABLE","","UNAVAILABLE","","UNAVAILABLE","","","","UNAVAILABLE","","UNAVAILABLE","","UNAVAILABLE","","UNAVAILABLE","","UNAVAILABLE","","UNAVAILABLE","","UNAVAILABLE","","","","","","","","","","","","","","","","","","","","","","","","","","","","","UNAVAILABLE","","UNAVAILABLE","","UNAVAILABLE","","UNAVAILABLE","","UNAVAILABLE","","UNAVAILABLE","","UNAVAILABLE","","","","UNAVAILABLE","","UNAVAILABLE","","UNAVAILABLE","","UNAVAILABLE","","UNAVAILABLE","","UNAVAILABLE","","UNAVAILABLE","","","","UNAVAILABLE","","UNAVAILABLE","","UNAVAILABLE","","UNAVAILABLE","","UNAVAILABLE","","UNAVAILABLE","","UNAVAILABLE","","","","","","","","","","","","","","","","2026.03.12 00:00:00","","","","","","","","","","","","","","","0","PREVIOUS_WEEKDAY_MISSING"
"2026.03.14","Saturday","EURUSD","-3","WEEKEND","UNKNOWN","","false","false","0","0","0","0","0","","","","","","","","false","0","0","0","0","0","","","","","","","","","","","","","","","","","","","","UNAVAILABLE","","","","","false","0","0","0","0","0","","","","","","","","","","","","","","","","","","","","","","","","","","","","","","","","","","","","UNAVAILABLE","","UNAVAILABLE","","UNAVAILABLE","","UNAVAILABLE","","UNAVAILABLE","","UNAVAILABLE","","UNAVAILABLE","","","","UNAVAILABLE","","UNAVAILABLE","","UNAVAILABLE","","UNAVAILABLE","","UNAVAILABLE","","UNAVAILABLE","","UNAVAILABLE","","","","UNAVAILABLE","","UNAVAILABLE","","UNAVAILABLE","","UNAVAILABLE","","UNAVAILABLE","","UNAVAILABLE","","UNAVAILABLE","","","","","","","","","","","","","","","","","","","","","","","","","","","","","UNAVAILABLE","","UNAVAILABLE","","UNAVAILABLE","","UNAVAILABLE","","UNAVAILABLE","","UNAVAILABLE","","UNAVAILABLE","","","","UNAVAILABLE","","UNAVAILABLE","","UNAVAILABLE","","UNAVAILABLE","","UNAVAILABLE","","UNAVAILABLE","","UNAVAILABLE","","","","UNAVAILABLE","","UNAVAILABLE","","UNAVAILABLE","","UNAVAILABLE","","UNAVAILABLE","","UNAVAILABLE","","UNAVAILABLE","","","","","","","","","","","","","","","","2026.03.13 00:00:00","","","","","","","","","","","","","","","0","PREVIOUS_WEEKDAY_MISSING"
"2026.03.15","Sunday","EURUSD","-3","WEEKEND","UNKNOWN","","false","false","0","0","0","0","0","","","","","","","","false","0","0","0","0","0","","","","","","","","","","","","","","","","","","","","UNAVAILABLE","","","","","false","0","0","0","0","0","","","","","","","","","","","","","","","","","","","","","","","","","","","","","","","","","","","","UNAVAILABLE","","UNAVAILABLE","","UNAVAILABLE","","UNAVAILABLE","","UNAVAILABLE","","UNAVAILABLE","","UNAVAILABLE","","","","UNAVAILABLE","","UNAVAILABLE","","UNAVAILABLE","","UNAVAILABLE","","UNAVAILABLE","","UNAVAILABLE","","UNAVAILABLE","","","","UNAVAILABLE","","UNAVAILABLE","","UNAVAILABLE","","UNAVAILABLE","","UNAVAILABLE","","UNAVAILABLE","","UNAVAILABLE","","","","","","","","","","","","","","","","","","","","","","","","","","","","","UNAVAILABLE","","UNAVAILABLE","","UNAVAILABLE","","UNAVAILABLE","","UNAVAILABLE","","UNAVAILABLE","","UNAVAILABLE","","","","UNAVAILABLE","","UNAVAILABLE","","UNAVAILABLE","","UNAVAILABLE","","UNAVAILABLE","","UNAVAILABLE","","UNAVAILABLE","","","","UNAVAILABLE","","UNAVAILABLE","","UNAVAILABLE","","UNAVAILABLE","","UNAVAILABLE","","UNAVAILABLE","","UNAVAILABLE","","","","","","","","","","","","","","","","2026.03.13 00:00:00","","","","","","","","","","","","","","","0","PREVIOUS_WEEKDAY_MISSING"
"2026.03.16","Monday","EURUSD","-3","INCOMPLETE_SETUP_M1","UNKNOWN","","false","false","480","0","480","480","0","","","","","","","","false","240","0","240","240","0","","","","","","","","","","","2026.03.16 08:00:00","","","","","","","","","UNAVAILABLE","","","","","false","360","0","360","360","0","","","","","","","","","","","","","","","","","","","","","","","","","","","","","","","","","","","","UNAVAILABLE","","UNAVAILABLE","","UNAVAILABLE","","UNAVAILABLE","","UNAVAILABLE","","UNAVAILABLE","","UNAVAILABLE","","","","UNAVAILABLE","","UNAVAILABLE","","UNAVAILABLE","","UNAVAILABLE","","UNAVAILABLE","","UNAVAILABLE","","UNAVAILABLE","","","","UNAVAILABLE","","UNAVAILABLE","","UNAVAILABLE","","UNAVAILABLE","","UNAVAILABLE","","UNAVAILABLE","","UNAVAILABLE","","","","","","","","","","","","","","","","","","","","","","","","","","","","","UNAVAILABLE","","UNAVAILABLE","","UNAVAILABLE","","UNAVAILABLE","","UNAVAILABLE","","UNAVAILABLE","","UNAVAILABLE","","","","UNAVAILABLE","","UNAVAILABLE","","UNAVAILABLE","","UNAVAILABLE","","UNAVAILABLE","","UNAVAILABLE","","UNAVAILABLE","","","","UNAVAILABLE","","UNAVAILABLE","","UNAVAILABLE","","UNAVAILABLE","","UNAVAILABLE","","UNAVAILABLE","","UNAVAILABLE","","","","","","","","","","","","","","","","2026.03.13 00:00:00","","","","","","","","","","","","","","","0","PREVIOUS_WEEKDAY_MISSING"
"2026.03.17","Tuesday","EURUSD","-3","INCOMPLETE_SETUP_M1","UNKNOWN","","false","false","480","0","480","480","0","","","","","","","","false","240","0","240","240","0","","","","","","","","","","","2026.03.17 08:00:00","","","","","","","","","UNAVAILABLE","","","","","false","360","0","360","360","0","","","","","","","","","","","","","","","","","","","","","","","","","","","","","","","","","","","","UNAVAILABLE","","UNAVAILABLE","","UNAVAILABLE","","UNAVAILABLE","","UNAVAILABLE","","UNAVAILABLE","","UNAVAILABLE","","","","UNAVAILABLE","","UNAVAILABLE","","UNAVAILABLE","","UNAVAILABLE","","UNAVAILABLE","","UNAVAILABLE","","UNAVAILABLE","","","","UNAVAILABLE","","UNAVAILABLE","","UNAVAILABLE","","UNAVAILABLE","","UNAVAILABLE","","UNAVAILABLE","","UNAVAILABLE","","","","","","","","","","","","","","","","","","","","","","","","","","","","","UNAVAILABLE","","UNAVAILABLE","","UNAVAILABLE","","UNAVAILABLE","","UNAVAILABLE","","UNAVAILABLE","","UNAVAILABLE","","","","UNAVAILABLE","","UNAVAILABLE","","UNAVAILABLE","","UNAVAILABLE","","UNAVAILABLE","","UNAVAILABLE","","UNAVAILABLE","","","","UNAVAILABLE","","UNAVAILABLE","","UNAVAILABLE","","UNAVAILABLE","","UNAVAILABLE","","UNAVAILABLE","","UNAVAILABLE","","","","","","","","","","","","","","","","2026.03.16 00:00:00","","","","","","","","","","","","","","","0","PREVIOUS_WEEKDAY_MISSING"
"2026.03.18","Wednesday","EURUSD","-3","INCOMPLETE_SETUP_M1","UNKNOWN","","false","false","480","0","480","480","0","","","","","","","","false","240","0","240","240","0","","","","","","","","","","","2026.03.18 08:00:00","","","","","","","","","UNAVAILABLE","","","","","false","360","0","360","360","0","","","","","","","","","","","","","","","","","","","","","","","","","","","","","","","","","","","","UNAVAILABLE","","UNAVAILABLE","","UNAVAILABLE","","UNAVAILABLE","","UNAVAILABLE","","UNAVAILABLE","","UNAVAILABLE","","","","UNAVAILABLE","","UNAVAILABLE","","UNAVAILABLE","","UNAVAILABLE","","UNAVAILABLE","","UNAVAILABLE","","UNAVAILABLE","","","","UNAVAILABLE","","UNAVAILABLE","","UNAVAILABLE","","UNAVAILABLE","","UNAVAILABLE","","UNAVAILABLE","","UNAVAILABLE","","","","","","","","","","","","","","","","","","","","","","","","","","","","","UNAVAILABLE","","UNAVAILABLE","","UNAVAILABLE","","UNAVAILABLE","","UNAVAILABLE","","UNAVAILABLE","","UNAVAILABLE","","","","UNAVAILABLE","","UNAVAILABLE","","UNAVAILABLE","","UNAVAILABLE","","UNAVAILABLE","","UNAVAILABLE","","UNAVAILABLE","","","","UNAVAILABLE","","UNAVAILABLE","","UNAVAILABLE","","UNAVAILABLE","","UNAVAILABLE","","UNAVAILABLE","","UNAVAILABLE","","","","","","","","","","","","","","","","2026.03.17 00:00:00","","","","","","","","","","","","","","","0","PREVIOUS_WEEKDAY_MISSING"
"2026.03.19","Thursday","EURUSD","-3","INCOMPLETE_SETUP_M1","UNKNOWN","","false","false","480","0","480","480","0","","","","","","","","false","240","0","240","240","0","","","","","","","","","","","2026.03.19 08:00:00","","","","","","","","","UNAVAILABLE","","","","","false","360","0","360","360","0","","","","","","","","","","","","","","","","","","","","","","","","","","","","","","","","","","","","UNAVAILABLE","","UNAVAILABLE","","UNAVAILABLE","","UNAVAILABLE","","UNAVAILABLE","","UNAVAILABLE","","UNAVAILABLE","","","","UNAVAILABLE","","UNAVAILABLE","","UNAVAILABLE","","UNAVAILABLE","","UNAVAILABLE","","UNAVAILABLE","","UNAVAILABLE","","","","UNAVAILABLE","","UNAVAILABLE","","UNAVAILABLE","","UNAVAILABLE","","UNAVAILABLE","","UNAVAILABLE","","UNAVAILABLE","","","","","","","","","","","","","","","","","","","","","","","","","","","","","UNAVAILABLE","","UNAVAILABLE","","UNAVAILABLE","","UNAVAILABLE","","UNAVAILABLE","","UNAVAILABLE","","UNAVAILABLE","","","","UNAVAILABLE","","UNAVAILABLE","","UNAVAILABLE","","UNAVAILABLE","","UNAVAILABLE","","UNAVAILABLE","","UNAVAILABLE","","","","UNAVAILABLE","","UNAVAILABLE","","UNAVAILABLE","","UNAVAILABLE","","UNAVAILABLE","","UNAVAILABLE","","UNAVAILABLE","","","","","","","","","","","","","","","","2026.03.18 00:00:00","","","","","","","","","","","","","","","0","PREVIOUS_WEEKDAY_MISSING"
"2026.03.20","Friday","EURUSD","-3","INCOMPLETE_SETUP_M1","UNKNOWN","","false","false","480","0","480","480","0","","","","","","","","false","240","0","240","240","0","","","","","","","","","","","2026.03.20 08:00:00","","","","","","","","","UNAVAILABLE","","","","","false","360","0","360","360","0","","","","","","","","","","","","","","","","","","","","","","","","","","","","","","","","","","","","UNAVAILABLE","","UNAVAILABLE","","UNAVAILABLE","","UNAVAILABLE","","UNAVAILABLE","","UNAVAILABLE","","UNAVAILABLE","","","","UNAVAILABLE","","UNAVAILABLE","","UNAVAILABLE","","UNAVAILABLE","","UNAVAILABLE","","UNAVAILABLE","","UNAVAILABLE","","","","UNAVAILABLE","","UNAVAILABLE","","UNAVAILABLE","","UNAVAILABLE","","UNAVAILABLE","","UNAVAILABLE","","UNAVAILABLE","","","","","","","","","","","","","","","","","","","","","","","","","","","","","UNAVAILABLE","","UNAVAILABLE","","UNAVAILABLE","","UNAVAILABLE","","UNAVAILABLE","","UNAVAILABLE","","UNAVAILABLE","","","","UNAVAILABLE","","UNAVAILABLE","","UNAVAILABLE","","UNAVAILABLE","","UNAVAILABLE","","UNAVAILABLE","","UNAVAILABLE","","","","UNAVAILABLE","","UNAVAILABLE","","UNAVAILABLE","","UNAVAILABLE","","UNAVAILABLE","","UNAVAILABLE","","UNAVAILABLE","","","","","","","","","","","","","","","","2026.03.19 00:00:00","","","","","","","","","","","","","","","0","PREVIOUS_WEEKDAY_MISSING"
"2026.03.21","Saturday","EURUSD","-3","WEEKEND","UNKNOWN","","false","false","0","0","0","0","0","","","","","","","","false","0","0","0","0","0","","","","","","","","","","","","","","","","","","","","UNAVAILABLE","","","","","false","0","0","0","0","0","","","","","","","","","","","","","","","","","","","","","","","","","","","","","","","","","","","","UNAVAILABLE","","UNAVAILABLE","","UNAVAILABLE","","UNAVAILABLE","","UNAVAILABLE","","UNAVAILABLE","","UNAVAILABLE","","","","UNAVAILABLE","","UNAVAILABLE","","UNAVAILABLE","","UNAVAILABLE","","UNAVAILABLE","","UNAVAILABLE","","UNAVAILABLE","","","","UNAVAILABLE","","UNAVAILABLE","","UNAVAILABLE","","UNAVAILABLE","","UNAVAILABLE","","UNAVAILABLE","","UNAVAILABLE","","","","","","","","","","","","","","","","","","","","","","","","","","","","","UNAVAILABLE","","UNAVAILABLE","","UNAVAILABLE","","UNAVAILABLE","","UNAVAILABLE","","UNAVAILABLE","","UNAVAILABLE","","","","UNAVAILABLE","","UNAVAILABLE","","UNAVAILABLE","","UNAVAILABLE","","UNAVAILABLE","","UNAVAILABLE","","UNAVAILABLE","","","","UNAVAILABLE","","UNAVAILABLE","","UNAVAILABLE","","UNAVAILABLE","","UNAVAILABLE","","UNAVAILABLE","","UNAVAILABLE","","","","","","","","","","","","","","","","2026.03.20 00:00:00","","","","","","","","","","","","","","","0","PREVIOUS_WEEKDAY_MISSING"
"2026.03.22","Sunday","EURUSD","-3","WEEKEND","UNKNOWN","","false","false","0","0","0","0","0","","","","","","","","false","0","0","0","0","0","","","","","","","","","","","","","","","","","","","","UNAVAILABLE","","","","","false","0","0","0","0","0","","","","","","","","","","","","","","","","","","","","","","","","","","","","","","","","","","","","UNAVAILABLE","","UNAVAILABLE","","UNAVAILABLE","","UNAVAILABLE","","UNAVAILABLE","","UNAVAILABLE","","UNAVAILABLE","","","","UNAVAILABLE","","UNAVAILABLE","","UNAVAILABLE","","UNAVAILABLE","","UNAVAILABLE","","UNAVAILABLE","","UNAVAILABLE","","","","UNAVAILABLE","","UNAVAILABLE","","UNAVAILABLE","","UNAVAILABLE","","UNAVAILABLE","","UNAVAILABLE","","UNAVAILABLE","","","","","","","","","","","","","","","","","","","","","","","","","","","","","UNAVAILABLE","","UNAVAILABLE","","UNAVAILABLE","","UNAVAILABLE","","UNAVAILABLE","","UNAVAILABLE","","UNAVAILABLE","","","","UNAVAILABLE","","UNAVAILABLE","","UNAVAILABLE","","UNAVAILABLE","","UNAVAILABLE","","UNAVAILABLE","","UNAVAILABLE","","","","UNAVAILABLE","","UNAVAILABLE","","UNAVAILABLE","","UNAVAILABLE","","UNAVAILABLE","","UNAVAILABLE","","UNAVAILABLE","","","","","","","","","","","","","","","","2026.03.20 00:00:00","","","","","","","","","","","","","","","0","PREVIOUS_WEEKDAY_MISSING"
"2026.03.23","Monday","EURUSD","-3","INCOMPLETE_SETUP_M1","UNKNOWN","","false","false","480","0","480","480","0","","","","","","","","false","240","0","240","240","0","","","","","","","","","","","2026.03.23 08:00:00","","","","","","","","","UNAVAILABLE","","","","","false","360","0","360","360","0","","","","","","","","","","","","","","","","","","","","","","","","","","","","","","","","","","","","UNAVAILABLE","","UNAVAILABLE","","UNAVAILABLE","","UNAVAILABLE","","UNAVAILABLE","","UNAVAILABLE","","UNAVAILABLE","","","","UNAVAILABLE","","UNAVAILABLE","","UNAVAILABLE","","UNAVAILABLE","","UNAVAILABLE","","UNAVAILABLE","","UNAVAILABLE","","","","UNAVAILABLE","","UNAVAILABLE","","UNAVAILABLE","","UNAVAILABLE","","UNAVAILABLE","","UNAVAILABLE","","UNAVAILABLE","","","","","","","","","","","","","","","","","","","","","","","","","","","","","UNAVAILABLE","","UNAVAILABLE","","UNAVAILABLE","","UNAVAILABLE","","UNAVAILABLE","","UNAVAILABLE","","UNAVAILABLE","","","","UNAVAILABLE","","UNAVAILABLE","","UNAVAILABLE","","UNAVAILABLE","","UNAVAILABLE","","UNAVAILABLE","","UNAVAILABLE","","","","UNAVAILABLE","","UNAVAILABLE","","UNAVAILABLE","","UNAVAILABLE","","UNAVAILABLE","","UNAVAILABLE","","UNAVAILABLE","","","","","","","","","","","","","","","","2026.03.20 00:00:00","","","","","","","","","","","","","","","0","PREVIOUS_WEEKDAY_MISSING"
"2026.03.24","Tuesday","EURUSD","-3","INCOMPLETE_SETUP_M1","UNKNOWN","","false","false","480","0","480","480","0","","","","","","","","false","240","0","240","240","0","","","","","","","","","","","2026.03.24 08:00:00","","","","","","","","","UNAVAILABLE","","","","","false","360","0","360","360","0","","","","","","","","","","","","","","","","","","","","","","","","","","","","","","","","","","","","UNAVAILABLE","","UNAVAILABLE","","UNAVAILABLE","","UNAVAILABLE","","UNAVAILABLE","","UNAVAILABLE","","UNAVAILABLE","","","","UNAVAILABLE","","UNAVAILABLE","","UNAVAILABLE","","UNAVAILABLE","","UNAVAILABLE","","UNAVAILABLE","","UNAVAILABLE","","","","UNAVAILABLE","","UNAVAILABLE","","UNAVAILABLE","","UNAVAILABLE","","UNAVAILABLE","","UNAVAILABLE","","UNAVAILABLE","","","","","","","","","","","","","","","","","","","","","","","","","","","","","UNAVAILABLE","","UNAVAILABLE","","UNAVAILABLE","","UNAVAILABLE","","UNAVAILABLE","","UNAVAILABLE","","UNAVAILABLE","","","","UNAVAILABLE","","UNAVAILABLE","","UNAVAILABLE","","UNAVAILABLE","","UNAVAILABLE","","UNAVAILABLE","","UNAVAILABLE","","","","UNAVAILABLE","","UNAVAILABLE","","UNAVAILABLE","","UNAVAILABLE","","UNAVAILABLE","","UNAVAILABLE","","UNAVAILABLE","","","","","","","","","","","","","","","","2026.03.23 00:00:00","","","","","","","","","","","","","","","0","PREVIOUS_WEEKDAY_MISSING"
"2026.03.25","Wednesday","EURUSD","-3","INCOMPLETE_SETUP_M1","UNKNOWN","","false","false","480","0","480","480","0","","","","","","","","false","240","0","240","240","0","","","","","","","","","","","2026.03.25 08:00:00","","","","","","","","","UNAVAILABLE","","","","","false","360","0","360","360","0","","","","","","","","","","","","","","","","","","","","","","","","","","","","","","","","","","","","UNAVAILABLE","","UNAVAILABLE","","UNAVAILABLE","","UNAVAILABLE","","UNAVAILABLE","","UNAVAILABLE","","UNAVAILABLE","","","","UNAVAILABLE","","UNAVAILABLE","","UNAVAILABLE","","UNAVAILABLE","","UNAVAILABLE","","UNAVAILABLE","","UNAVAILABLE","","","","UNAVAILABLE","","UNAVAILABLE","","UNAVAILABLE","","UNAVAILABLE","","UNAVAILABLE","","UNAVAILABLE","","UNAVAILABLE","","","","","","","","","","","","","","","","","","","","","","","","","","","","","UNAVAILABLE","","UNAVAILABLE","","UNAVAILABLE","","UNAVAILABLE","","UNAVAILABLE","","UNAVAILABLE","","UNAVAILABLE","","","","UNAVAILABLE","","UNAVAILABLE","","UNAVAILABLE","","UNAVAILABLE","","UNAVAILABLE","","UNAVAILABLE","","UNAVAILABLE","","","","UNAVAILABLE","","UNAVAILABLE","","UNAVAILABLE","","UNAVAILABLE","","UNAVAILABLE","","UNAVAILABLE","","UNAVAILABLE","","","","","","","","","","","","","","","","2026.03.24 00:00:00","","","","","","","","","","","","","","","0","PREVIOUS_WEEKDAY_MISSING"
"2026.03.26","Thursday","EURUSD","-3","INCOMPLETE_SETUP_M1","UNKNOWN","","false","false","480","0","480","480","0","","","","","","","","false","240","0","240","240","0","","","","","","","","","","","2026.03.26 08:00:00","","","","","","","","","UNAVAILABLE","","","","","false","360","0","360","360","0","","","","","","","","","","","","","","","","","","","","","","","","","","","","","","","","","","","","UNAVAILABLE","","UNAVAILABLE","","UNAVAILABLE","","UNAVAILABLE","","UNAVAILABLE","","UNAVAILABLE","","UNAVAILABLE","","","","UNAVAILABLE","","UNAVAILABLE","","UNAVAILABLE","","UNAVAILABLE","","UNAVAILABLE","","UNAVAILABLE","","UNAVAILABLE","","","","UNAVAILABLE","","UNAVAILABLE","","UNAVAILABLE","","UNAVAILABLE","","UNAVAILABLE","","UNAVAILABLE","","UNAVAILABLE","","","","","","","","","","","","","","","","","","","","","","","","","","","","","UNAVAILABLE","","UNAVAILABLE","","UNAVAILABLE","","UNAVAILABLE","","UNAVAILABLE","","UNAVAILABLE","","UNAVAILABLE","","","","UNAVAILABLE","","UNAVAILABLE","","UNAVAILABLE","","UNAVAILABLE","","UNAVAILABLE","","UNAVAILABLE","","UNAVAILABLE","","","","UNAVAILABLE","","UNAVAILABLE","","UNAVAILABLE","","UNAVAILABLE","","UNAVAILABLE","","UNAVAILABLE","","UNAVAILABLE","","","","","","","","","","","","","","","","2026.03.25 00:00:00","","","","","","","","","","","","","","","0","PREVIOUS_WEEKDAY_MISSING"
"2026.03.27","Friday","EURUSD","-3","INCOMPLETE_SETUP_M1","UNKNOWN","","false","false","480","0","480","480","0","","","","","","","","false","240","0","240","240","0","","","","","","","","","","","2026.03.27 08:00:00","","","","","","","","","UNAVAILABLE","","","","","false","360","0","360","360","0","","","","","","","","","","","","","","","","","","","","","","","","","","","","","","","","","","","","UNAVAILABLE","","UNAVAILABLE","","UNAVAILABLE","","UNAVAILABLE","","UNAVAILABLE","","UNAVAILABLE","","UNAVAILABLE","","","","UNAVAILABLE","","UNAVAILABLE","","UNAVAILABLE","","UNAVAILABLE","","UNAVAILABLE","","UNAVAILABLE","","UNAVAILABLE","","","","UNAVAILABLE","","UNAVAILABLE","","UNAVAILABLE","","UNAVAILABLE","","UNAVAILABLE","","UNAVAILABLE","","UNAVAILABLE","","","","","","","","","","","","","","","","","","","","","","","","","","","","","UNAVAILABLE","","UNAVAILABLE","","UNAVAILABLE","","UNAVAILABLE","","UNAVAILABLE","","UNAVAILABLE","","UNAVAILABLE","","","","UNAVAILABLE","","UNAVAILABLE","","UNAVAILABLE","","UNAVAILABLE","","UNAVAILABLE","","UNAVAILABLE","","UNAVAILABLE","","","","UNAVAILABLE","","UNAVAILABLE","","UNAVAILABLE","","UNAVAILABLE","","UNAVAILABLE","","UNAVAILABLE","","UNAVAILABLE","","","","","","","","","","","","","","","","2026.03.26 00:00:00","","","","","","","","","","","","","","","0","PREVIOUS_WEEKDAY_MISSING"
"2026.03.28","Saturday","EURUSD","-3","WEEKEND","UNKNOWN","","false","false","0","0","0","0","0","","","","","","","","false","0","0","0","0","0","","","","","","","","","","","","","","","","","","","","UNAVAILABLE","","","","","false","0","0","0","0","0","","","","","","","","","","","","","","","","","","","","","","","","","","","","","","","","","","","","UNAVAILABLE","","UNAVAILABLE","","UNAVAILABLE","","UNAVAILABLE","","UNAVAILABLE","","UNAVAILABLE","","UNAVAILABLE","","","","UNAVAILABLE","","UNAVAILABLE","","UNAVAILABLE","","UNAVAILABLE","","UNAVAILABLE","","UNAVAILABLE","","UNAVAILABLE","","","","UNAVAILABLE","","UNAVAILABLE","","UNAVAILABLE","","UNAVAILABLE","","UNAVAILABLE","","UNAVAILABLE","","UNAVAILABLE","","","","","","","","","","","","","","","","","","","","","","","","","","","","","UNAVAILABLE","","UNAVAILABLE","","UNAVAILABLE","","UNAVAILABLE","","UNAVAILABLE","","UNAVAILABLE","","UNAVAILABLE","","","","UNAVAILABLE","","UNAVAILABLE","","UNAVAILABLE","","UNAVAILABLE","","UNAVAILABLE","","UNAVAILABLE","","UNAVAILABLE","","","","UNAVAILABLE","","UNAVAILABLE","","UNAVAILABLE","","UNAVAILABLE","","UNAVAILABLE","","UNAVAILABLE","","UNAVAILABLE","","","","","","","","","","","","","","","","2026.03.27 00:00:00","","","","","","","","","","","","","","","0","PREVIOUS_WEEKDAY_MISSING"
"2026.03.29","Sunday","EURUSD","-3","WEEKEND","UNKNOWN","","false","false","0","0","0","0","0","","","","","","","","false","0","0","0","0","0","","","","","","","","","","","","","","","","","","","","UNAVAILABLE","","","","","false","0","0","0","0","0","","","","","","","","","","","","","","","","","","","","","","","","","","","","","","","","","","","","UNAVAILABLE","","UNAVAILABLE","","UNAVAILABLE","","UNAVAILABLE","","UNAVAILABLE","","UNAVAILABLE","","UNAVAILABLE","","","","UNAVAILABLE","","UNAVAILABLE","","UNAVAILABLE","","UNAVAILABLE","","UNAVAILABLE","","UNAVAILABLE","","UNAVAILABLE","","","","UNAVAILABLE","","UNAVAILABLE","","UNAVAILABLE","","UNAVAILABLE","","UNAVAILABLE","","UNAVAILABLE","","UNAVAILABLE","","","","","","","","","","","","","","","","","","","","","","","","","","","","","UNAVAILABLE","","UNAVAILABLE","","UNAVAILABLE","","UNAVAILABLE","","UNAVAILABLE","","UNAVAILABLE","","UNAVAILABLE","","","","UNAVAILABLE","","UNAVAILABLE","","UNAVAILABLE","","UNAVAILABLE","","UNAVAILABLE","","UNAVAILABLE","","UNAVAILABLE","","","","UNAVAILABLE","","UNAVAILABLE","","UNAVAILABLE","","UNAVAILABLE","","UNAVAILABLE","","UNAVAILABLE","","UNAVAILABLE","","","","","","","","","","","","","","","","2026.03.27 00:00:00","","","","","","","","","","","","","","","0","PREVIOUS_WEEKDAY_MISSING"
"2026.03.30","Monday","EURUSD","-3","INCOMPLETE_SETUP_M1","UNKNOWN","","false","false","480","0","480","480","0","","","","","","","","false","240","0","240","240","0","","","","","","","","","","","2026.03.30 08:00:00","","","","","","","","","UNAVAILABLE","","","","","false","360","0","360","360","0","","","","","","","","","","","","","","","","","","","","","","","","","","","","","","","","","","","","UNAVAILABLE","","UNAVAILABLE","","UNAVAILABLE","","UNAVAILABLE","","UNAVAILABLE","","UNAVAILABLE","","UNAVAILABLE","","","","UNAVAILABLE","","UNAVAILABLE","","UNAVAILABLE","","UNAVAILABLE","","UNAVAILABLE","","UNAVAILABLE","","UNAVAILABLE","","","","UNAVAILABLE","","UNAVAILABLE","","UNAVAILABLE","","UNAVAILABLE","","UNAVAILABLE","","UNAVAILABLE","","UNAVAILABLE","","","","","","","","","","","","","","","","","","","","","","","","","","","","","UNAVAILABLE","","UNAVAILABLE","","UNAVAILABLE","","UNAVAILABLE","","UNAVAILABLE","","UNAVAILABLE","","UNAVAILABLE","","","","UNAVAILABLE","","UNAVAILABLE","","UNAVAILABLE","","UNAVAILABLE","","UNAVAILABLE","","UNAVAILABLE","","UNAVAILABLE","","","","UNAVAILABLE","","UNAVAILABLE","","UNAVAILABLE","","UNAVAILABLE","","UNAVAILABLE","","UNAVAILABLE","","UNAVAILABLE","","","","","","","","","","","","","","","","2026.03.27 00:00:00","","","","","","","","","","","","","","","0","PREVIOUS_WEEKDAY_MISSING"
"2026.03.31","Tuesday","EURUSD","-3","INCOMPLETE_SETUP_M1","UNKNOWN","","false","false","480","0","480","480","0","","","","","","","","false","240","0","240","240","0","","","","","","","","","","","2026.03.31 08:00:00","","","","","","","","","UNAVAILABLE","","","","","false","360","0","360","360","0","","","","","","","","","","","","","","","","","","","","","","","","","","","","","","","","","","","","UNAVAILABLE","","UNAVAILABLE","","UNAVAILABLE","","UNAVAILABLE","","UNAVAILABLE","","UNAVAILABLE","","UNAVAILABLE","","","","UNAVAILABLE","","UNAVAILABLE","","UNAVAILABLE","","UNAVAILABLE","","UNAVAILABLE","","UNAVAILABLE","","UNAVAILABLE","","","","UNAVAILABLE","","UNAVAILABLE","","UNAVAILABLE","","UNAVAILABLE","","UNAVAILABLE","","UNAVAILABLE","","UNAVAILABLE","","","","","","","","","","","","","","","","","","","","","","","","","","","","","UNAVAILABLE","","UNAVAILABLE","","UNAVAILABLE","","UNAVAILABLE","","UNAVAILABLE","","UNAVAILABLE","","UNAVAILABLE","","","","UNAVAILABLE","","UNAVAILABLE","","UNAVAILABLE","","UNAVAILABLE","","UNAVAILABLE","","UNAVAILABLE","","UNAVAILABLE","","","","UNAVAILABLE","","UNAVAILABLE","","UNAVAILABLE","","UNAVAILABLE","","UNAVAILABLE","","UNAVAILABLE","","UNAVAILABLE","","","","","","","","","","","","","","","","2026.03.30 00:00:00","","","","","","","","","","","","","","","0","PREVIOUS_WEEKDAY_MISSING"
"2026.04.01","Wednesday","EURUSD","-3","INCOMPLETE_SETUP_M1","UNKNOWN","","false","false","480","0","480","480","0","","","","","","","","false","240","0","240","240","0","","","","","","","","","","","2026.04.01 08:00:00","","","","","","","","","UNAVAILABLE","","","","","false","360","0","360","360","0","","","","","","","","","","","","","","","","","","","","","","","","","","","","","","","","","","","","UNAVAILABLE","","UNAVAILABLE","","UNAVAILABLE","","UNAVAILABLE","","UNAVAILABLE","","UNAVAILABLE","","UNAVAILABLE","","","","UNAVAILABLE","","UNAVAILABLE","","UNAVAILABLE","","UNAVAILABLE","","UNAVAILABLE","","UNAVAILABLE","","UNAVAILABLE","","","","UNAVAILABLE","","UNAVAILABLE","","UNAVAILABLE","","UNAVAILABLE","","UNAVAILABLE","","UNAVAILABLE","","UNAVAILABLE","","","","","","","","","","","","","","","","","","","","","","","","","","","","","UNAVAILABLE","","UNAVAILABLE","","UNAVAILABLE","","UNAVAILABLE","","UNAVAILABLE","","UNAVAILABLE","","UNAVAILABLE","","","","UNAVAILABLE","","UNAVAILABLE","","UNAVAILABLE","","UNAVAILABLE","","UNAVAILABLE","","UNAVAILABLE","","UNAVAILABLE","","","","UNAVAILABLE","","UNAVAILABLE","","UNAVAILABLE","","UNAVAILABLE","","UNAVAILABLE","","UNAVAILABLE","","UNAVAILABLE","","","","","","","","","","","","","","","","2026.03.31 00:00:00","","","","","","","","","","","","","","","0","PREVIOUS_WEEKDAY_MISSING"
"2026.04.02","Thursday","EURUSD","-3","INCOMPLETE_SETUP_M1","UNKNOWN","","false","false","480","0","480","480","0","","","","","","","","false","240","0","240","240","0","","","","","","","","","","","2026.04.02 08:00:00","","","","","","","","","UNAVAILABLE","","","","","false","360","0","360","360","0","","","","","","","","","","","","","","","","","","","","","","","","","","","","","","","","","","","","UNAVAILABLE","","UNAVAILABLE","","UNAVAILABLE","","UNAVAILABLE","","UNAVAILABLE","","UNAVAILABLE","","UNAVAILABLE","","","","UNAVAILABLE","","UNAVAILABLE","","UNAVAILABLE","","UNAVAILABLE","","UNAVAILABLE","","UNAVAILABLE","","UNAVAILABLE","","","","UNAVAILABLE","","UNAVAILABLE","","UNAVAILABLE","","UNAVAILABLE","","UNAVAILABLE","","UNAVAILABLE","","UNAVAILABLE","","","","","","","","","","","","","","","","","","","","","","","","","","","","","UNAVAILABLE","","UNAVAILABLE","","UNAVAILABLE","","UNAVAILABLE","","UNAVAILABLE","","UNAVAILABLE","","UNAVAILABLE","","","","UNAVAILABLE","","UNAVAILABLE","","UNAVAILABLE","","UNAVAILABLE","","UNAVAILABLE","","UNAVAILABLE","","UNAVAILABLE","","","","UNAVAILABLE","","UNAVAILABLE","","UNAVAILABLE","","UNAVAILABLE","","UNAVAILABLE","","UNAVAILABLE","","UNAVAILABLE","","","","","","","","","","","","","","","","2026.04.01 00:00:00","","","","","","","","","","","","","","","0","PREVIOUS_WEEKDAY_MISSING"
"2026.04.03","Friday","EURUSD","-3","INCOMPLETE_SETUP_M1","UNKNOWN","","false","false","480","0","480","480","0","","","","","","","","false","240","0","240","240","0","","","","","","","","","","","2026.04.03 08:00:00","","","","","","","","","UNAVAILABLE","","","","","false","360","0","360","360","0","","","","","","","","","","","","","","","","","","","","","","","","","","","","","","","","","","","","UNAVAILABLE","","UNAVAILABLE","","UNAVAILABLE","","UNAVAILABLE","","UNAVAILABLE","","UNAVAILABLE","","UNAVAILABLE","","","","UNAVAILABLE","","UNAVAILABLE","","UNAVAILABLE","","UNAVAILABLE","","UNAVAILABLE","","UNAVAILABLE","","UNAVAILABLE","","","","UNAVAILABLE","","UNAVAILABLE","","UNAVAILABLE","","UNAVAILABLE","","UNAVAILABLE","","UNAVAILABLE","","UNAVAILABLE","","","","","","","","","","","","","","","","","","","","","","","","","","","","","UNAVAILABLE","","UNAVAILABLE","","UNAVAILABLE","","UNAVAILABLE","","UNAVAILABLE","","UNAVAILABLE","","UNAVAILABLE","","","","UNAVAILABLE","","UNAVAILABLE","","UNAVAILABLE","","UNAVAILABLE","","UNAVAILABLE","","UNAVAILABLE","","UNAVAILABLE","","","","UNAVAILABLE","","UNAVAILABLE","","UNAVAILABLE","","UNAVAILABLE","","UNAVAILABLE","","UNAVAILABLE","","UNAVAILABLE","","","","","","","","","","","","","","","","2026.04.02 00:00:00","","","","","","","","","","","","","","","0","PREVIOUS_WEEKDAY_MISSING"
"2026.04.04","Saturday","EURUSD","-3","WEEKEND","UNKNOWN","","false","false","0","0","0","0","0","","","","","","","","false","0","0","0","0","0","","","","","","","","","","","","","","","","","","","","UNAVAILABLE","","","","","false","0","0","0","0","0","","","","","","","","","","","","","","","","","","","","","","","","","","","","","","","","","","","","UNAVAILABLE","","UNAVAILABLE","","UNAVAILABLE","","UNAVAILABLE","","UNAVAILABLE","","UNAVAILABLE","","UNAVAILABLE","","","","UNAVAILABLE","","UNAVAILABLE","","UNAVAILABLE","","UNAVAILABLE","","UNAVAILABLE","","UNAVAILABLE","","UNAVAILABLE","","","","UNAVAILABLE","","UNAVAILABLE","","UNAVAILABLE","","UNAVAILABLE","","UNAVAILABLE","","UNAVAILABLE","","UNAVAILABLE","","","","","","","","","","","","","","","","","","","","","","","","","","","","","UNAVAILABLE","","UNAVAILABLE","","UNAVAILABLE","","UNAVAILABLE","","UNAVAILABLE","","UNAVAILABLE","","UNAVAILABLE","","","","UNAVAILABLE","","UNAVAILABLE","","UNAVAILABLE","","UNAVAILABLE","","UNAVAILABLE","","UNAVAILABLE","","UNAVAILABLE","","","","UNAVAILABLE","","UNAVAILABLE","","UNAVAILABLE","","UNAVAILABLE","","UNAVAILABLE","","UNAVAILABLE","","UNAVAILABLE","","","","","","","","","","","","","","","","2026.04.03 00:00:00","","","","","","","","","","","","","","","0","PREVIOUS_WEEKDAY_MISSING"
"2026.04.05","Sunday","EURUSD","-3","WEEKEND","UNKNOWN","","false","false","0","0","0","0","0","","","","","","","","false","0","0","0","0","0","","","","","","","","","","","","","","","","","","","","UNAVAILABLE","","","","","false","0","0","0","0","0","","","","","","","","","","","","","","","","","","","","","","","","","","","","","","","","","","","","UNAVAILABLE","","UNAVAILABLE","","UNAVAILABLE","","UNAVAILABLE","","UNAVAILABLE","","UNAVAILABLE","","UNAVAILABLE","","","","UNAVAILABLE","","UNAVAILABLE","","UNAVAILABLE","","UNAVAILABLE","","UNAVAILABLE","","UNAVAILABLE","","UNAVAILABLE","","","","UNAVAILABLE","","UNAVAILABLE","","UNAVAILABLE","","UNAVAILABLE","","UNAVAILABLE","","UNAVAILABLE","","UNAVAILABLE","","","","","","","","","","","","","","","","","","","","","","","","","","","","","UNAVAILABLE","","UNAVAILABLE","","UNAVAILABLE","","UNAVAILABLE","","UNAVAILABLE","","UNAVAILABLE","","UNAVAILABLE","","","","UNAVAILABLE","","UNAVAILABLE","","UNAVAILABLE","","UNAVAILABLE","","UNAVAILABLE","","UNAVAILABLE","","UNAVAILABLE","","","","UNAVAILABLE","","UNAVAILABLE","","UNAVAILABLE","","UNAVAILABLE","","UNAVAILABLE","","UNAVAILABLE","","UNAVAILABLE","","","","","","","","","","","","","","","","2026.04.03 00:00:00","","","","","","","","","","","","","","","0","PREVIOUS_WEEKDAY_MISSING"
"2026.04.06","Monday","EURUSD","-3","INCOMPLETE_SETUP_M1","UNKNOWN","","false","false","480","0","480","480","0","","","","","","","","false","240","0","240","240","0","","","","","","","","","","","2026.04.06 08:00:00","","","","","","","","","UNAVAILABLE","","","","","false","360","0","360","360","0","","","","","","","","","","","","","","","","","","","","","","","","","","","","","","","","","","","","UNAVAILABLE","","UNAVAILABLE","","UNAVAILABLE","","UNAVAILABLE","","UNAVAILABLE","","UNAVAILABLE","","UNAVAILABLE","","","","UNAVAILABLE","","UNAVAILABLE","","UNAVAILABLE","","UNAVAILABLE","","UNAVAILABLE","","UNAVAILABLE","","UNAVAILABLE","","","","UNAVAILABLE","","UNAVAILABLE","","UNAVAILABLE","","UNAVAILABLE","","UNAVAILABLE","","UNAVAILABLE","","UNAVAILABLE","","","","","","","","","","","","","","","","","","","","","","","","","","","","","UNAVAILABLE","","UNAVAILABLE","","UNAVAILABLE","","UNAVAILABLE","","UNAVAILABLE","","UNAVAILABLE","","UNAVAILABLE","","","","UNAVAILABLE","","UNAVAILABLE","","UNAVAILABLE","","UNAVAILABLE","","UNAVAILABLE","","UNAVAILABLE","","UNAVAILABLE","","","","UNAVAILABLE","","UNAVAILABLE","","UNAVAILABLE","","UNAVAILABLE","","UNAVAILABLE","","UNAVAILABLE","","UNAVAILABLE","","","","","","","","","","","","","","","","2026.04.03 00:00:00","","","","","","","","","","","","","","","0","PREVIOUS_WEEKDAY_MISSING"
"2026.04.07","Tuesday","EURUSD","-3","INCOMPLETE_SETUP_M1","UNKNOWN","","false","false","480","0","480","480","0","","","","","","","","false","240","0","240","240","0","","","","","","","","","","","2026.04.07 08:00:00","","","","","","","","","UNAVAILABLE","","","","","false","360","0","360","360","0","","","","","","","","","","","","","","","","","","","","","","","","","","","","","","","","","","","","UNAVAILABLE","","UNAVAILABLE","","UNAVAILABLE","","UNAVAILABLE","","UNAVAILABLE","","UNAVAILABLE","","UNAVAILABLE","","","","UNAVAILABLE","","UNAVAILABLE","","UNAVAILABLE","","UNAVAILABLE","","UNAVAILABLE","","UNAVAILABLE","","UNAVAILABLE","","","","UNAVAILABLE","","UNAVAILABLE","","UNAVAILABLE","","UNAVAILABLE","","UNAVAILABLE","","UNAVAILABLE","","UNAVAILABLE","","","","","","","","","","","","","","","","","","","","","","","","","","","","","UNAVAILABLE","","UNAVAILABLE","","UNAVAILABLE","","UNAVAILABLE","","UNAVAILABLE","","UNAVAILABLE","","UNAVAILABLE","","","","UNAVAILABLE","","UNAVAILABLE","","UNAVAILABLE","","UNAVAILABLE","","UNAVAILABLE","","UNAVAILABLE","","UNAVAILABLE","","","","UNAVAILABLE","","UNAVAILABLE","","UNAVAILABLE","","UNAVAILABLE","","UNAVAILABLE","","UNAVAILABLE","","UNAVAILABLE","","","","","","","","","","","","","","","","2026.04.06 00:00:00","","","","","","","","","","","","","","","0","PREVIOUS_WEEKDAY_MISSING"
"2026.04.08","Wednesday","EURUSD","-3","INCOMPLETE_SETUP_M1","UNKNOWN","","false","false","480","0","480","480","0","","","","","","","","false","240","0","240","240","0","","","","","","","","","","","2026.04.08 08:00:00","","","","","","","","","UNAVAILABLE","","","","","false","360","0","360","360","0","","","","","","","","","","","","","","","","","","","","","","","","","","","","","","","","","","","","UNAVAILABLE","","UNAVAILABLE","","UNAVAILABLE","","UNAVAILABLE","","UNAVAILABLE","","UNAVAILABLE","","UNAVAILABLE","","","","UNAVAILABLE","","UNAVAILABLE","","UNAVAILABLE","","UNAVAILABLE","","UNAVAILABLE","","UNAVAILABLE","","UNAVAILABLE","","","","UNAVAILABLE","","UNAVAILABLE","","UNAVAILABLE","","UNAVAILABLE","","UNAVAILABLE","","UNAVAILABLE","","UNAVAILABLE","","","","","","","","","","","","","","","","","","","","","","","","","","","","","UNAVAILABLE","","UNAVAILABLE","","UNAVAILABLE","","UNAVAILABLE","","UNAVAILABLE","","UNAVAILABLE","","UNAVAILABLE","","","","UNAVAILABLE","","UNAVAILABLE","","UNAVAILABLE","","UNAVAILABLE","","UNAVAILABLE","","UNAVAILABLE","","UNAVAILABLE","","","","UNAVAILABLE","","UNAVAILABLE","","UNAVAILABLE","","UNAVAILABLE","","UNAVAILABLE","","UNAVAILABLE","","UNAVAILABLE","","","","","","","","","","","","","","","","2026.04.07 00:00:00","","","","","","","","","","","","","","","0","PREVIOUS_WEEKDAY_MISSING"
"2026.04.09","Thursday","EURUSD","-3","INCOMPLETE_SETUP_M1","UNKNOWN","","false","false","480","0","480","480","0","","","","","","","","false","240","0","240","240","0","","","","","","","","","","","2026.04.09 08:00:00","","","","","","","","","UNAVAILABLE","","","","","false","360","0","360","360","0","","","","","","","","","","","","","","","","","","","","","","","","","","","","","","","","","","","","UNAVAILABLE","","UNAVAILABLE","","UNAVAILABLE","","UNAVAILABLE","","UNAVAILABLE","","UNAVAILABLE","","UNAVAILABLE","","","","UNAVAILABLE","","UNAVAILABLE","","UNAVAILABLE","","UNAVAILABLE","","UNAVAILABLE","","UNAVAILABLE","","UNAVAILABLE","","","","UNAVAILABLE","","UNAVAILABLE","","UNAVAILABLE","","UNAVAILABLE","","UNAVAILABLE","","UNAVAILABLE","","UNAVAILABLE","","","","","","","","","","","","","","","","","","","","","","","","","","","","","UNAVAILABLE","","UNAVAILABLE","","UNAVAILABLE","","UNAVAILABLE","","UNAVAILABLE","","UNAVAILABLE","","UNAVAILABLE","","","","UNAVAILABLE","","UNAVAILABLE","","UNAVAILABLE","","UNAVAILABLE","","UNAVAILABLE","","UNAVAILABLE","","UNAVAILABLE","","","","UNAVAILABLE","","UNAVAILABLE","","UNAVAILABLE","","UNAVAILABLE","","UNAVAILABLE","","UNAVAILABLE","","UNAVAILABLE","","","","","","","","","","","","","","","","2026.04.08 00:00:00","","","","","","","","","","","","","","","0","PREVIOUS_WEEKDAY_MISSING"
"2026.04.10","Friday","EURUSD","-3","INCOMPLETE_SETUP_M1","UNKNOWN","","false","false","480","0","480","480","0","","","","","","","","false","240","0","240","240","0","","","","","","","","","","","2026.04.10 08:00:00","","","","","","","","","UNAVAILABLE","","","","","false","360","0","360","360","0","","","","","","","","","","","","","","","","","","","","","","","","","","","","","","","","","","","","UNAVAILABLE","","UNAVAILABLE","","UNAVAILABLE","","UNAVAILABLE","","UNAVAILABLE","","UNAVAILABLE","","UNAVAILABLE","","","","UNAVAILABLE","","UNAVAILABLE","","UNAVAILABLE","","UNAVAILABLE","","UNAVAILABLE","","UNAVAILABLE","","UNAVAILABLE","","","","UNAVAILABLE","","UNAVAILABLE","","UNAVAILABLE","","UNAVAILABLE","","UNAVAILABLE","","UNAVAILABLE","","UNAVAILABLE","","","","","","","","","","","","","","","","","","","","","","","","","","","","","UNAVAILABLE","","UNAVAILABLE","","UNAVAILABLE","","UNAVAILABLE","","UNAVAILABLE","","UNAVAILABLE","","UNAVAILABLE","","","","UNAVAILABLE","","UNAVAILABLE","","UNAVAILABLE","","UNAVAILABLE","","UNAVAILABLE","","UNAVAILABLE","","UNAVAILABLE","","","","UNAVAILABLE","","UNAVAILABLE","","UNAVAILABLE","","UNAVAILABLE","","UNAVAILABLE","","UNAVAILABLE","","UNAVAILABLE","","","","","","","","","","","","","","","","2026.04.09 00:00:00","","","","","","","","","","","","","","","0","PREVIOUS_WEEKDAY_MISSING"
"2026.04.11","Saturday","EURUSD","-3","WEEKEND","UNKNOWN","","false","false","0","0","0","0","0","","","","","","","","false","0","0","0","0","0","","","","","","","","","","","","","","","","","","","","UNAVAILABLE","","","","","false","0","0","0","0","0","","","","","","","","","","","","","","","","","","","","","","","","","","","","","","","","","","","","UNAVAILABLE","","UNAVAILABLE","","UNAVAILABLE","","UNAVAILABLE","","UNAVAILABLE","","UNAVAILABLE","","UNAVAILABLE","","","","UNAVAILABLE","","UNAVAILABLE","","UNAVAILABLE","","UNAVAILABLE","","UNAVAILABLE","","UNAVAILABLE","","UNAVAILABLE","","","","UNAVAILABLE","","UNAVAILABLE","","UNAVAILABLE","","UNAVAILABLE","","UNAVAILABLE","","UNAVAILABLE","","UNAVAILABLE","","","","","","","","","","","","","","","","","","","","","","","","","","","","","UNAVAILABLE","","UNAVAILABLE","","UNAVAILABLE","","UNAVAILABLE","","UNAVAILABLE","","UNAVAILABLE","","UNAVAILABLE","","","","UNAVAILABLE","","UNAVAILABLE","","UNAVAILABLE","","UNAVAILABLE","","UNAVAILABLE","","UNAVAILABLE","","UNAVAILABLE","","","","UNAVAILABLE","","UNAVAILABLE","","UNAVAILABLE","","UNAVAILABLE","","UNAVAILABLE","","UNAVAILABLE","","UNAVAILABLE","","","","","","","","","","","","","","","","2026.04.10 00:00:00","","","","","","","","","","","","","","","0","PREVIOUS_WEEKDAY_MISSING"
"2026.04.12","Sunday","EURUSD","-3","WEEKEND","UNKNOWN","","false","false","0","0","0","0","0","","","","","","","","false","0","0","0","0","0","","","","","","","","","","","","","","","","","","","","UNAVAILABLE","","","","","false","0","0","0","0","0","","","","","","","","","","","","","","","","","","","","","","","","","","","","","","","","","","","","UNAVAILABLE","","UNAVAILABLE","","UNAVAILABLE","","UNAVAILABLE","","UNAVAILABLE","","UNAVAILABLE","","UNAVAILABLE","","","","UNAVAILABLE","","UNAVAILABLE","","UNAVAILABLE","","UNAVAILABLE","","UNAVAILABLE","","UNAVAILABLE","","UNAVAILABLE","","","","UNAVAILABLE","","UNAVAILABLE","","UNAVAILABLE","","UNAVAILABLE","","UNAVAILABLE","","UNAVAILABLE","","UNAVAILABLE","","","","","","","","","","","","","","","","","","","","","","","","","","","","","UNAVAILABLE","","UNAVAILABLE","","UNAVAILABLE","","UNAVAILABLE","","UNAVAILABLE","","UNAVAILABLE","","UNAVAILABLE","","","","UNAVAILABLE","","UNAVAILABLE","","UNAVAILABLE","","UNAVAILABLE","","UNAVAILABLE","","UNAVAILABLE","","UNAVAILABLE","","","","UNAVAILABLE","","UNAVAILABLE","","UNAVAILABLE","","UNAVAILABLE","","UNAVAILABLE","","UNAVAILABLE","","UNAVAILABLE","","","","","","","","","","","","","","","","2026.04.10 00:00:00","","","","","","","","","","","","","","","0","PREVIOUS_WEEKDAY_MISSING"
"2026.04.13","Monday","EURUSD","-3","INCOMPLETE_SETUP_M1","UNKNOWN","","false","false","480","0","480","480","0","","","","","","","","false","240","0","240","240","0","","","","","","","","","","","2026.04.13 08:00:00","","","","","","","","","UNAVAILABLE","","","","","false","360","0","360","360","0","","","","","","","","","","","","","","","","","","","","","","","","","","","","","","","","","","","","UNAVAILABLE","","UNAVAILABLE","","UNAVAILABLE","","UNAVAILABLE","","UNAVAILABLE","","UNAVAILABLE","","UNAVAILABLE","","","","UNAVAILABLE","","UNAVAILABLE","","UNAVAILABLE","","UNAVAILABLE","","UNAVAILABLE","","UNAVAILABLE","","UNAVAILABLE","","","","UNAVAILABLE","","UNAVAILABLE","","UNAVAILABLE","","UNAVAILABLE","","UNAVAILABLE","","UNAVAILABLE","","UNAVAILABLE","","","","","","","","","","","","","","","","","","","","","","","","","","","","","UNAVAILABLE","","UNAVAILABLE","","UNAVAILABLE","","UNAVAILABLE","","UNAVAILABLE","","UNAVAILABLE","","UNAVAILABLE","","","","UNAVAILABLE","","UNAVAILABLE","","UNAVAILABLE","","UNAVAILABLE","","UNAVAILABLE","","UNAVAILABLE","","UNAVAILABLE","","","","UNAVAILABLE","","UNAVAILABLE","","UNAVAILABLE","","UNAVAILABLE","","UNAVAILABLE","","UNAVAILABLE","","UNAVAILABLE","","","","","","","","","","","","","","","","2026.04.10 00:00:00","","","","","","","","","","","","","","","0","PREVIOUS_WEEKDAY_MISSING"
"2026.04.14","Tuesday","EURUSD","-3","INCOMPLETE_SETUP_M1","UNKNOWN","","false","false","480","0","480","480","0","","","","","","","","false","240","0","240","240","0","","","","","","","","","","","2026.04.14 08:00:00","","","","","","","","","UNAVAILABLE","","","","","false","360","0","360","360","0","","","","","","","","","","","","","","","","","","","","","","","","","","","","","","","","","","","","UNAVAILABLE","","UNAVAILABLE","","UNAVAILABLE","","UNAVAILABLE","","UNAVAILABLE","","UNAVAILABLE","","UNAVAILABLE","","","","UNAVAILABLE","","UNAVAILABLE","","UNAVAILABLE","","UNAVAILABLE","","UNAVAILABLE","","UNAVAILABLE","","UNAVAILABLE","","","","UNAVAILABLE","","UNAVAILABLE","","UNAVAILABLE","","UNAVAILABLE","","UNAVAILABLE","","UNAVAILABLE","","UNAVAILABLE","","","","","","","","","","","","","","","","","","","","","","","","","","","","","UNAVAILABLE","","UNAVAILABLE","","UNAVAILABLE","","UNAVAILABLE","","UNAVAILABLE","","UNAVAILABLE","","UNAVAILABLE","","","","UNAVAILABLE","","UNAVAILABLE","","UNAVAILABLE","","UNAVAILABLE","","UNAVAILABLE","","UNAVAILABLE","","UNAVAILABLE","","","","UNAVAILABLE","","UNAVAILABLE","","UNAVAILABLE","","UNAVAILABLE","","UNAVAILABLE","","UNAVAILABLE","","UNAVAILABLE","","","","","","","","","","","","","","","","2026.04.13 00:00:00","","","","","","","","","","","","","","","0","PREVIOUS_WEEKDAY_MISSING"
"2026.04.15","Wednesday","EURUSD","-3","INCOMPLETE_SETUP_M1","UNKNOWN","","false","false","480","0","480","480","0","","","","","","","","false","240","0","240","240","0","","","","","","","","","","","2026.04.15 08:00:00","","","","","","","","","UNAVAILABLE","","","","","false","360","0","360","360","0","","","","","","","","","","","","","","","","","","","","","","","","","","","","","","","","","","","","UNAVAILABLE","","UNAVAILABLE","","UNAVAILABLE","","UNAVAILABLE","","UNAVAILABLE","","UNAVAILABLE","","UNAVAILABLE","","","","UNAVAILABLE","","UNAVAILABLE","","UNAVAILABLE","","UNAVAILABLE","","UNAVAILABLE","","UNAVAILABLE","","UNAVAILABLE","","","","UNAVAILABLE","","UNAVAILABLE","","UNAVAILABLE","","UNAVAILABLE","","UNAVAILABLE","","UNAVAILABLE","","UNAVAILABLE","","","","","","","","","","","","","","","","","","","","","","","","","","","","","UNAVAILABLE","","UNAVAILABLE","","UNAVAILABLE","","UNAVAILABLE","","UNAVAILABLE","","UNAVAILABLE","","UNAVAILABLE","","","","UNAVAILABLE","","UNAVAILABLE","","UNAVAILABLE","","UNAVAILABLE","","UNAVAILABLE","","UNAVAILABLE","","UNAVAILABLE","","","","UNAVAILABLE","","UNAVAILABLE","","UNAVAILABLE","","UNAVAILABLE","","UNAVAILABLE","","UNAVAILABLE","","UNAVAILABLE","","","","","","","","","","","","","","","","2026.04.14 00:00:00","","","","","","","","","","","","","","","0","PREVIOUS_WEEKDAY_MISSING"
"2026.04.16","Thursday","EURUSD","-3","INCOMPLETE_SETUP_M1","UNKNOWN","","false","false","480","0","480","480","0","","","","","","","","false","240","0","240","240","0","","","","","","","","","","","2026.04.16 08:00:00","","","","","","","","","UNAVAILABLE","","","","","false","360","0","360","360","0","","","","","","","","","","","","","","","","","","","","","","","","","","","","","","","","","","","","UNAVAILABLE","","UNAVAILABLE","","UNAVAILABLE","","UNAVAILABLE","","UNAVAILABLE","","UNAVAILABLE","","UNAVAILABLE","","","","UNAVAILABLE","","UNAVAILABLE","","UNAVAILABLE","","UNAVAILABLE","","UNAVAILABLE","","UNAVAILABLE","","UNAVAILABLE","","","","UNAVAILABLE","","UNAVAILABLE","","UNAVAILABLE","","UNAVAILABLE","","UNAVAILABLE","","UNAVAILABLE","","UNAVAILABLE","","","","","","","","","","","","","","","","","","","","","","","","","","","","","UNAVAILABLE","","UNAVAILABLE","","UNAVAILABLE","","UNAVAILABLE","","UNAVAILABLE","","UNAVAILABLE","","UNAVAILABLE","","","","UNAVAILABLE","","UNAVAILABLE","","UNAVAILABLE","","UNAVAILABLE","","UNAVAILABLE","","UNAVAILABLE","","UNAVAILABLE","","","","UNAVAILABLE","","UNAVAILABLE","","UNAVAILABLE","","UNAVAILABLE","","UNAVAILABLE","","UNAVAILABLE","","UNAVAILABLE","","","","","","","","","","","","","","","","2026.04.15 00:00:00","","","","","","","","","","","","","","","0","PREVIOUS_WEEKDAY_MISSING"
"2026.04.17","Friday","EURUSD","-3","INCOMPLETE_SETUP_M1","UNKNOWN","","false","false","480","0","480","480","0","","","","","","","","false","240","0","240","240","0","","","","","","","","","","","2026.04.17 08:00:00","","","","","","","","","UNAVAILABLE","","","","","false","360","0","360","360","0","","","","","","","","","","","","","","","","","","","","","","","","","","","","","","","","","","","","UNAVAILABLE","","UNAVAILABLE","","UNAVAILABLE","","UNAVAILABLE","","UNAVAILABLE","","UNAVAILABLE","","UNAVAILABLE","","","","UNAVAILABLE","","UNAVAILABLE","","UNAVAILABLE","","UNAVAILABLE","","UNAVAILABLE","","UNAVAILABLE","","UNAVAILABLE","","","","UNAVAILABLE","","UNAVAILABLE","","UNAVAILABLE","","UNAVAILABLE","","UNAVAILABLE","","UNAVAILABLE","","UNAVAILABLE","","","","","","","","","","","","","","","","","","","","","","","","","","","","","UNAVAILABLE","","UNAVAILABLE","","UNAVAILABLE","","UNAVAILABLE","","UNAVAILABLE","","UNAVAILABLE","","UNAVAILABLE","","","","UNAVAILABLE","","UNAVAILABLE","","UNAVAILABLE","","UNAVAILABLE","","UNAVAILABLE","","UNAVAILABLE","","UNAVAILABLE","","","","UNAVAILABLE","","UNAVAILABLE","","UNAVAILABLE","","UNAVAILABLE","","UNAVAILABLE","","UNAVAILABLE","","UNAVAILABLE","","","","","","","","","","","","","","","","2026.04.16 00:00:00","","","","","","","","","","","","","","","0","PREVIOUS_WEEKDAY_MISSING"
"2026.04.18","Saturday","EURUSD","-3","WEEKEND","UNKNOWN","","false","false","0","0","0","0","0","","","","","","","","false","0","0","0","0","0","","","","","","","","","","","","","","","","","","","","UNAVAILABLE","","","","","false","0","0","0","0","0","","","","","","","","","","","","","","","","","","","","","","","","","","","","","","","","","","","","UNAVAILABLE","","UNAVAILABLE","","UNAVAILABLE","","UNAVAILABLE","","UNAVAILABLE","","UNAVAILABLE","","UNAVAILABLE","","","","UNAVAILABLE","","UNAVAILABLE","","UNAVAILABLE","","UNAVAILABLE","","UNAVAILABLE","","UNAVAILABLE","","UNAVAILABLE","","","","UNAVAILABLE","","UNAVAILABLE","","UNAVAILABLE","","UNAVAILABLE","","UNAVAILABLE","","UNAVAILABLE","","UNAVAILABLE","","","","","","","","","","","","","","","","","","","","","","","","","","","","","UNAVAILABLE","","UNAVAILABLE","","UNAVAILABLE","","UNAVAILABLE","","UNAVAILABLE","","UNAVAILABLE","","UNAVAILABLE","","","","UNAVAILABLE","","UNAVAILABLE","","UNAVAILABLE","","UNAVAILABLE","","UNAVAILABLE","","UNAVAILABLE","","UNAVAILABLE","","","","UNAVAILABLE","","UNAVAILABLE","","UNAVAILABLE","","UNAVAILABLE","","UNAVAILABLE","","UNAVAILABLE","","UNAVAILABLE","","","","","","","","","","","","","","","","2026.04.17 00:00:00","","","","","","","","","","","","","","","0","PREVIOUS_WEEKDAY_MISSING"
"2026.04.19","Sunday","EURUSD","-3","WEEKEND","UNKNOWN","","false","false","0","0","0","0","0","","","","","","","","false","0","0","0","0","0","","","","","","","","","","","","","","","","","","","","UNAVAILABLE","","","","","false","0","0","0","0","0","","","","","","","","","","","","","","","","","","","","","","","","","","","","","","","","","","","","UNAVAILABLE","","UNAVAILABLE","","UNAVAILABLE","","UNAVAILABLE","","UNAVAILABLE","","UNAVAILABLE","","UNAVAILABLE","","","","UNAVAILABLE","","UNAVAILABLE","","UNAVAILABLE","","UNAVAILABLE","","UNAVAILABLE","","UNAVAILABLE","","UNAVAILABLE","","","","UNAVAILABLE","","UNAVAILABLE","","UNAVAILABLE","","UNAVAILABLE","","UNAVAILABLE","","UNAVAILABLE","","UNAVAILABLE","","","","","","","","","","","","","","","","","","","","","","","","","","","","","UNAVAILABLE","","UNAVAILABLE","","UNAVAILABLE","","UNAVAILABLE","","UNAVAILABLE","","UNAVAILABLE","","UNAVAILABLE","","","","UNAVAILABLE","","UNAVAILABLE","","UNAVAILABLE","","UNAVAILABLE","","UNAVAILABLE","","UNAVAILABLE","","UNAVAILABLE","","","","UNAVAILABLE","","UNAVAILABLE","","UNAVAILABLE","","UNAVAILABLE","","UNAVAILABLE","","UNAVAILABLE","","UNAVAILABLE","","","","","","","","","","","","","","","","2026.04.17 00:00:00","","","","","","","","","","","","","","","0","PREVIOUS_WEEKDAY_MISSING"
"2026.04.20","Monday","EURUSD","-3","INCOMPLETE_SETUP_M1","UNKNOWN","","false","false","480","0","480","480","0","","","","","","","","false","240","0","240","240","0","","","","","","","","","","","2026.04.20 08:00:00","","","","","","","","","UNAVAILABLE","","","","","false","360","0","360","360","0","","","","","","","","","","","","","","","","","","","","","","","","","","","","","","","","","","","","UNAVAILABLE","","UNAVAILABLE","","UNAVAILABLE","","UNAVAILABLE","","UNAVAILABLE","","UNAVAILABLE","","UNAVAILABLE","","","","UNAVAILABLE","","UNAVAILABLE","","UNAVAILABLE","","UNAVAILABLE","","UNAVAILABLE","","UNAVAILABLE","","UNAVAILABLE","","","","UNAVAILABLE","","UNAVAILABLE","","UNAVAILABLE","","UNAVAILABLE","","UNAVAILABLE","","UNAVAILABLE","","UNAVAILABLE","","","","","","","","","","","","","","","","","","","","","","","","","","","","","UNAVAILABLE","","UNAVAILABLE","","UNAVAILABLE","","UNAVAILABLE","","UNAVAILABLE","","UNAVAILABLE","","UNAVAILABLE","","","","UNAVAILABLE","","UNAVAILABLE","","UNAVAILABLE","","UNAVAILABLE","","UNAVAILABLE","","UNAVAILABLE","","UNAVAILABLE","","","","UNAVAILABLE","","UNAVAILABLE","","UNAVAILABLE","","UNAVAILABLE","","UNAVAILABLE","","UNAVAILABLE","","UNAVAILABLE","","","","","","","","","","","","","","","","2026.04.17 00:00:00","","","","","","","","","","","","","","","0","PREVIOUS_WEEKDAY_MISSING"
"2026.04.21","Tuesday","EURUSD","-3","INCOMPLETE_SETUP_M1","UNKNOWN","","false","false","480","0","480","480","0","","","","","","","","false","240","0","240","240","0","","","","","","","","","","","2026.04.21 08:00:00","","","","","","","","","UNAVAILABLE","","","","","false","360","0","360","360","0","","","","","","","","","","","","","","","","","","","","","","","","","","","","","","","","","","","","UNAVAILABLE","","UNAVAILABLE","","UNAVAILABLE","","UNAVAILABLE","","UNAVAILABLE","","UNAVAILABLE","","UNAVAILABLE","","","","UNAVAILABLE","","UNAVAILABLE","","UNAVAILABLE","","UNAVAILABLE","","UNAVAILABLE","","UNAVAILABLE","","UNAVAILABLE","","","","UNAVAILABLE","","UNAVAILABLE","","UNAVAILABLE","","UNAVAILABLE","","UNAVAILABLE","","UNAVAILABLE","","UNAVAILABLE","","","","","","","","","","","","","","","","","","","","","","","","","","","","","UNAVAILABLE","","UNAVAILABLE","","UNAVAILABLE","","UNAVAILABLE","","UNAVAILABLE","","UNAVAILABLE","","UNAVAILABLE","","","","UNAVAILABLE","","UNAVAILABLE","","UNAVAILABLE","","UNAVAILABLE","","UNAVAILABLE","","UNAVAILABLE","","UNAVAILABLE","","","","UNAVAILABLE","","UNAVAILABLE","","UNAVAILABLE","","UNAVAILABLE","","UNAVAILABLE","","UNAVAILABLE","","UNAVAILABLE","","","","","","","","","","","","","","","","2026.04.20 00:00:00","","","","","","","","","","","","","","","0","PREVIOUS_WEEKDAY_MISSING"
"2026.04.22","Wednesday","EURUSD","-3","INCOMPLETE_SETUP_M1","UNKNOWN","","false","false","480","0","480","480","0","","","","","","","","false","240","0","240","240","0","","","","","","","","","","","2026.04.22 08:00:00","","","","","","","","","UNAVAILABLE","","","","","false","360","0","360","360","0","","","","","","","","","","","","","","","","","","","","","","","","","","","","","","","","","","","","UNAVAILABLE","","UNAVAILABLE","","UNAVAILABLE","","UNAVAILABLE","","UNAVAILABLE","","UNAVAILABLE","","UNAVAILABLE","","","","UNAVAILABLE","","UNAVAILABLE","","UNAVAILABLE","","UNAVAILABLE","","UNAVAILABLE","","UNAVAILABLE","","UNAVAILABLE","","","","UNAVAILABLE","","UNAVAILABLE","","UNAVAILABLE","","UNAVAILABLE","","UNAVAILABLE","","UNAVAILABLE","","UNAVAILABLE","","","","","","","","","","","","","","","","","","","","","","","","","","","","","UNAVAILABLE","","UNAVAILABLE","","UNAVAILABLE","","UNAVAILABLE","","UNAVAILABLE","","UNAVAILABLE","","UNAVAILABLE","","","","UNAVAILABLE","","UNAVAILABLE","","UNAVAILABLE","","UNAVAILABLE","","UNAVAILABLE","","UNAVAILABLE","","UNAVAILABLE","","","","UNAVAILABLE","","UNAVAILABLE","","UNAVAILABLE","","UNAVAILABLE","","UNAVAILABLE","","UNAVAILABLE","","UNAVAILABLE","","","","","","","","","","","","","","","","2026.04.21 00:00:00","","","","","","","","","","","","","","","0","PREVIOUS_WEEKDAY_MISSING"
"2026.04.23","Thursday","EURUSD","-3","INCOMPLETE_SETUP_M1","UNKNOWN","","false","false","480","0","480","480","0","","","","","","","","false","240","0","240","240","0","","","","","","","","","","","2026.04.23 08:00:00","","","","","","","","","UNAVAILABLE","","","","","false","360","0","360","360","0","","","","","","","","","","","","","","","","","","","","","","","","","","","","","","","","","","","","UNAVAILABLE","","UNAVAILABLE","","UNAVAILABLE","","UNAVAILABLE","","UNAVAILABLE","","UNAVAILABLE","","UNAVAILABLE","","","","UNAVAILABLE","","UNAVAILABLE","","UNAVAILABLE","","UNAVAILABLE","","UNAVAILABLE","","UNAVAILABLE","","UNAVAILABLE","","","","UNAVAILABLE","","UNAVAILABLE","","UNAVAILABLE","","UNAVAILABLE","","UNAVAILABLE","","UNAVAILABLE","","UNAVAILABLE","","","","","","","","","","","","","","","","","","","","","","","","","","","","","UNAVAILABLE","","UNAVAILABLE","","UNAVAILABLE","","UNAVAILABLE","","UNAVAILABLE","","UNAVAILABLE","","UNAVAILABLE","","","","UNAVAILABLE","","UNAVAILABLE","","UNAVAILABLE","","UNAVAILABLE","","UNAVAILABLE","","UNAVAILABLE","","UNAVAILABLE","","","","UNAVAILABLE","","UNAVAILABLE","","UNAVAILABLE","","UNAVAILABLE","","UNAVAILABLE","","UNAVAILABLE","","UNAVAILABLE","","","","","","","","","","","","","","","","2026.04.22 00:00:00","","","","","","","","","","","","","","","0","PREVIOUS_WEEKDAY_MISSING"
"2026.04.24","Friday","EURUSD","-3","INCOMPLETE_SETUP_M1","UNKNOWN","","false","false","480","0","480","480","0","","","","","","","","false","240","0","240","240","0","","","","","","","","","","","2026.04.24 08:00:00","","","","","","","","","UNAVAILABLE","","","","","false","360","0","360","360","0","","","","","","","","","","","","","","","","","","","","","","","","","","","","","","","","","","","","UNAVAILABLE","","UNAVAILABLE","","UNAVAILABLE","","UNAVAILABLE","","UNAVAILABLE","","UNAVAILABLE","","UNAVAILABLE","","","","UNAVAILABLE","","UNAVAILABLE","","UNAVAILABLE","","UNAVAILABLE","","UNAVAILABLE","","UNAVAILABLE","","UNAVAILABLE","","","","UNAVAILABLE","","UNAVAILABLE","","UNAVAILABLE","","UNAVAILABLE","","UNAVAILABLE","","UNAVAILABLE","","UNAVAILABLE","","","","","","","","","","","","","","","","","","","","","","","","","","","","","UNAVAILABLE","","UNAVAILABLE","","UNAVAILABLE","","UNAVAILABLE","","UNAVAILABLE","","UNAVAILABLE","","UNAVAILABLE","","","","UNAVAILABLE","","UNAVAILABLE","","UNAVAILABLE","","UNAVAILABLE","","UNAVAILABLE","","UNAVAILABLE","","UNAVAILABLE","","","","UNAVAILABLE","","UNAVAILABLE","","UNAVAILABLE","","UNAVAILABLE","","UNAVAILABLE","","UNAVAILABLE","","UNAVAILABLE","","","","","","","","","","","","","","","","2026.04.23 00:00:00","","","","","","","","","","","","","","","0","PREVIOUS_WEEKDAY_MISSING"
"2026.04.25","Saturday","EURUSD","-3","WEEKEND","UNKNOWN","","false","false","0","0","0","0","0","","","","","","","","false","0","0","0","0","0","","","","","","","","","","","","","","","","","","","","UNAVAILABLE","","","","","false","0","0","0","0","0","","","","","","","","","","","","","","","","","","","","","","","","","","","","","","","","","","","","UNAVAILABLE","","UNAVAILABLE","","UNAVAILABLE","","UNAVAILABLE","","UNAVAILABLE","","UNAVAILABLE","","UNAVAILABLE","","","","UNAVAILABLE","","UNAVAILABLE","","UNAVAILABLE","","UNAVAILABLE","","UNAVAILABLE","","UNAVAILABLE","","UNAVAILABLE","","","","UNAVAILABLE","","UNAVAILABLE","","UNAVAILABLE","","UNAVAILABLE","","UNAVAILABLE","","UNAVAILABLE","","UNAVAILABLE","","","","","","","","","","","","","","","","","","","","","","","","","","","","","UNAVAILABLE","","UNAVAILABLE","","UNAVAILABLE","","UNAVAILABLE","","UNAVAILABLE","","UNAVAILABLE","","UNAVAILABLE","","","","UNAVAILABLE","","UNAVAILABLE","","UNAVAILABLE","","UNAVAILABLE","","UNAVAILABLE","","UNAVAILABLE","","UNAVAILABLE","","","","UNAVAILABLE","","UNAVAILABLE","","UNAVAILABLE","","UNAVAILABLE","","UNAVAILABLE","","UNAVAILABLE","","UNAVAILABLE","","","","","","","","","","","","","","","","2026.04.24 00:00:00","","","","","","","","","","","","","","","0","PREVIOUS_WEEKDAY_MISSING"
"2026.04.26","Sunday","EURUSD","-3","WEEKEND","UNKNOWN","","false","false","0","0","0","0","0","","","","","","","","false","0","0","0","0","0","","","","","","","","","","","","","","","","","","","","UNAVAILABLE","","","","","false","0","0","0","0","0","","","","","","","","","","","","","","","","","","","","","","","","","","","","","","","","","","","","UNAVAILABLE","","UNAVAILABLE","","UNAVAILABLE","","UNAVAILABLE","","UNAVAILABLE","","UNAVAILABLE","","UNAVAILABLE","","","","UNAVAILABLE","","UNAVAILABLE","","UNAVAILABLE","","UNAVAILABLE","","UNAVAILABLE","","UNAVAILABLE","","UNAVAILABLE","","","","UNAVAILABLE","","UNAVAILABLE","","UNAVAILABLE","","UNAVAILABLE","","UNAVAILABLE","","UNAVAILABLE","","UNAVAILABLE","","","","","","","","","","","","","","","","","","","","","","","","","","","","","UNAVAILABLE","","UNAVAILABLE","","UNAVAILABLE","","UNAVAILABLE","","UNAVAILABLE","","UNAVAILABLE","","UNAVAILABLE","","","","UNAVAILABLE","","UNAVAILABLE","","UNAVAILABLE","","UNAVAILABLE","","UNAVAILABLE","","UNAVAILABLE","","UNAVAILABLE","","","","UNAVAILABLE","","UNAVAILABLE","","UNAVAILABLE","","UNAVAILABLE","","UNAVAILABLE","","UNAVAILABLE","","UNAVAILABLE","","","","","","","","","","","","","","","","2026.04.24 00:00:00","","","","","","","","","","","","","","","0","PREVIOUS_WEEKDAY_MISSING"
"2026.04.27","Monday","EURUSD","-3","INCOMPLETE_SETUP_M1","UNKNOWN","","false","false","480","0","480","480","0","","","","","","","","false","240","0","240","240","0","","","","","","","","","","","2026.04.27 08:00:00","","","","","","","","","UNAVAILABLE","","","","","false","360","0","360","360","0","","","","","","","","","","","","","","","","","","","","","","","","","","","","","","","","","","","","UNAVAILABLE","","UNAVAILABLE","","UNAVAILABLE","","UNAVAILABLE","","UNAVAILABLE","","UNAVAILABLE","","UNAVAILABLE","","","","UNAVAILABLE","","UNAVAILABLE","","UNAVAILABLE","","UNAVAILABLE","","UNAVAILABLE","","UNAVAILABLE","","UNAVAILABLE","","","","UNAVAILABLE","","UNAVAILABLE","","UNAVAILABLE","","UNAVAILABLE","","UNAVAILABLE","","UNAVAILABLE","","UNAVAILABLE","","","","","","","","","","","","","","","","","","","","","","","","","","","","","UNAVAILABLE","","UNAVAILABLE","","UNAVAILABLE","","UNAVAILABLE","","UNAVAILABLE","","UNAVAILABLE","","UNAVAILABLE","","","","UNAVAILABLE","","UNAVAILABLE","","UNAVAILABLE","","UNAVAILABLE","","UNAVAILABLE","","UNAVAILABLE","","UNAVAILABLE","","","","UNAVAILABLE","","UNAVAILABLE","","UNAVAILABLE","","UNAVAILABLE","","UNAVAILABLE","","UNAVAILABLE","","UNAVAILABLE","","","","","","","","","","","","","","","","2026.04.24 00:00:00","","","","","","","","","","","","","","","0","PREVIOUS_WEEKDAY_MISSING"
"2026.04.28","Tuesday","EURUSD","-3","INCOMPLETE_SETUP_M1","UNKNOWN","","false","false","480","0","480","480","0","","","","","","","","false","240","0","240","240","0","","","","","","","","","","","2026.04.28 08:00:00","","","","","","","","","UNAVAILABLE","","","","","false","360","0","360","360","0","","","","","","","","","","","","","","","","","","","","","","","","","","","","","","","","","","","","UNAVAILABLE","","UNAVAILABLE","","UNAVAILABLE","","UNAVAILABLE","","UNAVAILABLE","","UNAVAILABLE","","UNAVAILABLE","","","","UNAVAILABLE","","UNAVAILABLE","","UNAVAILABLE","","UNAVAILABLE","","UNAVAILABLE","","UNAVAILABLE","","UNAVAILABLE","","","","UNAVAILABLE","","UNAVAILABLE","","UNAVAILABLE","","UNAVAILABLE","","UNAVAILABLE","","UNAVAILABLE","","UNAVAILABLE","","","","","","","","","","","","","","","","","","","","","","","","","","","","","UNAVAILABLE","","UNAVAILABLE","","UNAVAILABLE","","UNAVAILABLE","","UNAVAILABLE","","UNAVAILABLE","","UNAVAILABLE","","","","UNAVAILABLE","","UNAVAILABLE","","UNAVAILABLE","","UNAVAILABLE","","UNAVAILABLE","","UNAVAILABLE","","UNAVAILABLE","","","","UNAVAILABLE","","UNAVAILABLE","","UNAVAILABLE","","UNAVAILABLE","","UNAVAILABLE","","UNAVAILABLE","","UNAVAILABLE","","","","","","","","","","","","","","","","2026.04.27 00:00:00","","","","","","","","","","","","","","","0","PREVIOUS_WEEKDAY_MISSING"
"2026.04.29","Wednesday","EURUSD","-3","INCOMPLETE_SETUP_M1","UNKNOWN","","false","false","480","0","480","480","0","","","","","","","","false","240","0","240","240","0","","","","","","","","","","","2026.04.29 08:00:00","","","","","","","","","UNAVAILABLE","","","","","false","360","0","360","360","0","","","","","","","","","","","","","","","","","","","","","","","","","","","","","","","","","","","","UNAVAILABLE","","UNAVAILABLE","","UNAVAILABLE","","UNAVAILABLE","","UNAVAILABLE","","UNAVAILABLE","","UNAVAILABLE","","","","UNAVAILABLE","","UNAVAILABLE","","UNAVAILABLE","","UNAVAILABLE","","UNAVAILABLE","","UNAVAILABLE","","UNAVAILABLE","","","","UNAVAILABLE","","UNAVAILABLE","","UNAVAILABLE","","UNAVAILABLE","","UNAVAILABLE","","UNAVAILABLE","","UNAVAILABLE","","","","","","","","","","","","","","","","","","","","","","","","","","","","","UNAVAILABLE","","UNAVAILABLE","","UNAVAILABLE","","UNAVAILABLE","","UNAVAILABLE","","UNAVAILABLE","","UNAVAILABLE","","","","UNAVAILABLE","","UNAVAILABLE","","UNAVAILABLE","","UNAVAILABLE","","UNAVAILABLE","","UNAVAILABLE","","UNAVAILABLE","","","","UNAVAILABLE","","UNAVAILABLE","","UNAVAILABLE","","UNAVAILABLE","","UNAVAILABLE","","UNAVAILABLE","","UNAVAILABLE","","","","","","","","","","","","","","","","2026.04.28 00:00:00","","","","","","","","","","","","","","","0","PREVIOUS_WEEKDAY_MISSING"
"2026.04.30","Thursday","EURUSD","-3","INCOMPLETE_SETUP_M1","UNKNOWN","","false","false","480","0","480","480","0","","","","","","","","false","240","0","240","240","0","","","","","","","","","","","2026.04.30 08:00:00","","","","","","","","","UNAVAILABLE","","","","","false","360","0","360","360","0","","","","","","","","","","","","","","","","","","","","","","","","","","","","","","","","","","","","UNAVAILABLE","","UNAVAILABLE","","UNAVAILABLE","","UNAVAILABLE","","UNAVAILABLE","","UNAVAILABLE","","UNAVAILABLE","","","","UNAVAILABLE","","UNAVAILABLE","","UNAVAILABLE","","UNAVAILABLE","","UNAVAILABLE","","UNAVAILABLE","","UNAVAILABLE","","","","UNAVAILABLE","","UNAVAILABLE","","UNAVAILABLE","","UNAVAILABLE","","UNAVAILABLE","","UNAVAILABLE","","UNAVAILABLE","","","","","","","","","","","","","","","","","","","","","","","","","","","","","UNAVAILABLE","","UNAVAILABLE","","UNAVAILABLE","","UNAVAILABLE","","UNAVAILABLE","","UNAVAILABLE","","UNAVAILABLE","","","","UNAVAILABLE","","UNAVAILABLE","","UNAVAILABLE","","UNAVAILABLE","","UNAVAILABLE","","UNAVAILABLE","","UNAVAILABLE","","","","UNAVAILABLE","","UNAVAILABLE","","UNAVAILABLE","","UNAVAILABLE","","UNAVAILABLE","","UNAVAILABLE","","UNAVAILABLE","","","","","","","","","","","","","","","","2026.04.29 00:00:00","","","","","","","","","","","","","","","0","PREVIOUS_WEEKDAY_MISSING"
"2026.05.01","Friday","EURUSD","-3","INCOMPLETE_SETUP_M1","UNKNOWN","","false","false","480","0","480","480","0","","","","","","","","false","240","0","240","240","0","","","","","","","","","","","2026.05.01 08:00:00","","","","","","","","","UNAVAILABLE","","","","","false","360","0","360","360","0","","","","","","","","","","","","","","","","","","","","","","","","","","","","","","","","","","","","UNAVAILABLE","","UNAVAILABLE","","UNAVAILABLE","","UNAVAILABLE","","UNAVAILABLE","","UNAVAILABLE","","UNAVAILABLE","","","","UNAVAILABLE","","UNAVAILABLE","","UNAVAILABLE","","UNAVAILABLE","","UNAVAILABLE","","UNAVAILABLE","","UNAVAILABLE","","","","UNAVAILABLE","","UNAVAILABLE","","UNAVAILABLE","","UNAVAILABLE","","UNAVAILABLE","","UNAVAILABLE","","UNAVAILABLE","","","","","","","","","","","","","","","","","","","","","","","","","","","","","UNAVAILABLE","","UNAVAILABLE","","UNAVAILABLE","","UNAVAILABLE","","UNAVAILABLE","","UNAVAILABLE","","UNAVAILABLE","","","","UNAVAILABLE","","UNAVAILABLE","","UNAVAILABLE","","UNAVAILABLE","","UNAVAILABLE","","UNAVAILABLE","","UNAVAILABLE","","","","UNAVAILABLE","","UNAVAILABLE","","UNAVAILABLE","","UNAVAILABLE","","UNAVAILABLE","","UNAVAILABLE","","UNAVAILABLE","","","","","","","","","","","","","","","","2026.04.30 00:00:00","","","","","","","","","","","","","","","0","PREVIOUS_WEEKDAY_MISSING"
"2026.05.02","Saturday","EURUSD","-3","WEEKEND","UNKNOWN","","false","false","0","0","0","0","0","","","","","","","","false","0","0","0","0","0","","","","","","","","","","","","","","","","","","","","UNAVAILABLE","","","","","false","0","0","0","0","0","","","","","","","","","","","","","","","","","","","","","","","","","","","","","","","","","","","","UNAVAILABLE","","UNAVAILABLE","","UNAVAILABLE","","UNAVAILABLE","","UNAVAILABLE","","UNAVAILABLE","","UNAVAILABLE","","","","UNAVAILABLE","","UNAVAILABLE","","UNAVAILABLE","","UNAVAILABLE","","UNAVAILABLE","","UNAVAILABLE","","UNAVAILABLE","","","","UNAVAILABLE","","UNAVAILABLE","","UNAVAILABLE","","UNAVAILABLE","","UNAVAILABLE","","UNAVAILABLE","","UNAVAILABLE","","","","","","","","","","","","","","","","","","","","","","","","","","","","","UNAVAILABLE","","UNAVAILABLE","","UNAVAILABLE","","UNAVAILABLE","","UNAVAILABLE","","UNAVAILABLE","","UNAVAILABLE","","","","UNAVAILABLE","","UNAVAILABLE","","UNAVAILABLE","","UNAVAILABLE","","UNAVAILABLE","","UNAVAILABLE","","UNAVAILABLE","","","","UNAVAILABLE","","UNAVAILABLE","","UNAVAILABLE","","UNAVAILABLE","","UNAVAILABLE","","UNAVAILABLE","","UNAVAILABLE","","","","","","","","","","","","","","","","2026.05.01 00:00:00","","","","","","","","","","","","","","","0","PREVIOUS_WEEKDAY_MISSING"
"2026.05.03","Sunday","EURUSD","-3","WEEKEND","UNKNOWN","","false","false","0","0","0","0","0","","","","","","","","false","0","0","0","0","0","","","","","","","","","","","","","","","","","","","","UNAVAILABLE","","","","","false","0","0","0","0","0","","","","","","","","","","","","","","","","","","","","","","","","","","","","","","","","","","","","UNAVAILABLE","","UNAVAILABLE","","UNAVAILABLE","","UNAVAILABLE","","UNAVAILABLE","","UNAVAILABLE","","UNAVAILABLE","","","","UNAVAILABLE","","UNAVAILABLE","","UNAVAILABLE","","UNAVAILABLE","","UNAVAILABLE","","UNAVAILABLE","","UNAVAILABLE","","","","UNAVAILABLE","","UNAVAILABLE","","UNAVAILABLE","","UNAVAILABLE","","UNAVAILABLE","","UNAVAILABLE","","UNAVAILABLE","","","","","","","","","","","","","","","","","","","","","","","","","","","","","UNAVAILABLE","","UNAVAILABLE","","UNAVAILABLE","","UNAVAILABLE","","UNAVAILABLE","","UNAVAILABLE","","UNAVAILABLE","","","","UNAVAILABLE","","UNAVAILABLE","","UNAVAILABLE","","UNAVAILABLE","","UNAVAILABLE","","UNAVAILABLE","","UNAVAILABLE","","","","UNAVAILABLE","","UNAVAILABLE","","UNAVAILABLE","","UNAVAILABLE","","UNAVAILABLE","","UNAVAILABLE","","UNAVAILABLE","","","","","","","","","","","","","","","","2026.05.01 00:00:00","","","","","","","","","","","","","","","0","PREVIOUS_WEEKDAY_MISSING"
"2026.05.04","Monday","EURUSD","-3","INCOMPLETE_SETUP_M1","UNKNOWN","","false","false","480","0","480","480","0","","","","","","","","false","240","0","240","240","0","","","","","","","","","","","2026.05.04 08:00:00","","","","","","","","","UNAVAILABLE","","","","","false","360","0","360","360","0","","","","","","","","","","","","","","","","","","","","","","","","","","","","","","","","","","","","UNAVAILABLE","","UNAVAILABLE","","UNAVAILABLE","","UNAVAILABLE","","UNAVAILABLE","","UNAVAILABLE","","UNAVAILABLE","","","","UNAVAILABLE","","UNAVAILABLE","","UNAVAILABLE","","UNAVAILABLE","","UNAVAILABLE","","UNAVAILABLE","","UNAVAILABLE","","","","UNAVAILABLE","","UNAVAILABLE","","UNAVAILABLE","","UNAVAILABLE","","UNAVAILABLE","","UNAVAILABLE","","UNAVAILABLE","","","","","","","","","","","","","","","","","","","","","","","","","","","","","UNAVAILABLE","","UNAVAILABLE","","UNAVAILABLE","","UNAVAILABLE","","UNAVAILABLE","","UNAVAILABLE","","UNAVAILABLE","","","","UNAVAILABLE","","UNAVAILABLE","","UNAVAILABLE","","UNAVAILABLE","","UNAVAILABLE","","UNAVAILABLE","","UNAVAILABLE","","","","UNAVAILABLE","","UNAVAILABLE","","UNAVAILABLE","","UNAVAILABLE","","UNAVAILABLE","","UNAVAILABLE","","UNAVAILABLE","","","","","","","","","","","","","","","","2026.05.01 00:00:00","","","","","","","","","","","","","","","0","PREVIOUS_WEEKDAY_MISSING"
"2026.05.05","Tuesday","EURUSD","-3","INCOMPLETE_SETUP_M1","UNKNOWN","","false","false","480","0","480","480","0","","","","","","","","false","240","0","240","240","0","","","","","","","","","","","2026.05.05 08:00:00","","","","","","","","","UNAVAILABLE","","","","","false","360","0","360","360","0","","","","","","","","","","","","","","","","","","","","","","","","","","","","","","","","","","","","UNAVAILABLE","","UNAVAILABLE","","UNAVAILABLE","","UNAVAILABLE","","UNAVAILABLE","","UNAVAILABLE","","UNAVAILABLE","","","","UNAVAILABLE","","UNAVAILABLE","","UNAVAILABLE","","UNAVAILABLE","","UNAVAILABLE","","UNAVAILABLE","","UNAVAILABLE","","","","UNAVAILABLE","","UNAVAILABLE","","UNAVAILABLE","","UNAVAILABLE","","UNAVAILABLE","","UNAVAILABLE","","UNAVAILABLE","","","","","","","","","","","","","","","","","","","","","","","","","","","","","UNAVAILABLE","","UNAVAILABLE","","UNAVAILABLE","","UNAVAILABLE","","UNAVAILABLE","","UNAVAILABLE","","UNAVAILABLE","","","","UNAVAILABLE","","UNAVAILABLE","","UNAVAILABLE","","UNAVAILABLE","","UNAVAILABLE","","UNAVAILABLE","","UNAVAILABLE","","","","UNAVAILABLE","","UNAVAILABLE","","UNAVAILABLE","","UNAVAILABLE","","UNAVAILABLE","","UNAVAILABLE","","UNAVAILABLE","","","","","","","","","","","","","","","","2026.05.04 00:00:00","","","","","","","","","","","","","","","0","PREVIOUS_WEEKDAY_MISSING"
"2026.05.06","Wednesday","EURUSD","-3","INCOMPLETE_SETUP_M1","UNKNOWN","","false","false","480","0","480","480","0","","","","","","","","false","240","0","240","240","0","","","","","","","","","","","2026.05.06 08:00:00","","","","","","","","","UNAVAILABLE","","","","","false","360","0","360","360","0","","","","","","","","","","","","","","","","","","","","","","","","","","","","","","","","","","","","UNAVAILABLE","","UNAVAILABLE","","UNAVAILABLE","","UNAVAILABLE","","UNAVAILABLE","","UNAVAILABLE","","UNAVAILABLE","","","","UNAVAILABLE","","UNAVAILABLE","","UNAVAILABLE","","UNAVAILABLE","","UNAVAILABLE","","UNAVAILABLE","","UNAVAILABLE","","","","UNAVAILABLE","","UNAVAILABLE","","UNAVAILABLE","","UNAVAILABLE","","UNAVAILABLE","","UNAVAILABLE","","UNAVAILABLE","","","","","","","","","","","","","","","","","","","","","","","","","","","","","UNAVAILABLE","","UNAVAILABLE","","UNAVAILABLE","","UNAVAILABLE","","UNAVAILABLE","","UNAVAILABLE","","UNAVAILABLE","","","","UNAVAILABLE","","UNAVAILABLE","","UNAVAILABLE","","UNAVAILABLE","","UNAVAILABLE","","UNAVAILABLE","","UNAVAILABLE","","","","UNAVAILABLE","","UNAVAILABLE","","UNAVAILABLE","","UNAVAILABLE","","UNAVAILABLE","","UNAVAILABLE","","UNAVAILABLE","","","","","","","","","","","","","","","","2026.05.05 00:00:00","","","","","","","","","","","","","","","0","PREVIOUS_WEEKDAY_MISSING"
"2026.05.07","Thursday","EURUSD","-3","INCOMPLETE_SETUP_M1","UNKNOWN","","false","false","480","0","480","480","0","","","","","","","","false","240","0","240","240","0","","","","","","","","","","","2026.05.07 08:00:00","","","","","","","","","UNAVAILABLE","","","","","false","360","0","360","360","0","","","","","","","","","","","","","","","","","","","","","","","","","","","","","","","","","","","","UNAVAILABLE","","UNAVAILABLE","","UNAVAILABLE","","UNAVAILABLE","","UNAVAILABLE","","UNAVAILABLE","","UNAVAILABLE","","","","UNAVAILABLE","","UNAVAILABLE","","UNAVAILABLE","","UNAVAILABLE","","UNAVAILABLE","","UNAVAILABLE","","UNAVAILABLE","","","","UNAVAILABLE","","UNAVAILABLE","","UNAVAILABLE","","UNAVAILABLE","","UNAVAILABLE","","UNAVAILABLE","","UNAVAILABLE","","","","","","","","","","","","","","","","","","","","","","","","","","","","","UNAVAILABLE","","UNAVAILABLE","","UNAVAILABLE","","UNAVAILABLE","","UNAVAILABLE","","UNAVAILABLE","","UNAVAILABLE","","","","UNAVAILABLE","","UNAVAILABLE","","UNAVAILABLE","","UNAVAILABLE","","UNAVAILABLE","","UNAVAILABLE","","UNAVAILABLE","","","","UNAVAILABLE","","UNAVAILABLE","","UNAVAILABLE","","UNAVAILABLE","","UNAVAILABLE","","UNAVAILABLE","","UNAVAILABLE","","","","","","","","","","","","","","","","2026.05.06 00:00:00","","","","","","","","","","","","","","","0","PREVIOUS_WEEKDAY_MISSING"
"2026.05.08","Friday","EURUSD","-3","INCOMPLETE_SETUP_M1","UNKNOWN","","false","false","480","0","480","480","0","","","","","","","","false","240","0","240","240","0","","","","","","","","","","","2026.05.08 08:00:00","","","","","","","","","UNAVAILABLE","","","","","false","360","0","360","360","0","","","","","","","","","","","","","","","","","","","","","","","","","","","","","","","","","","","","UNAVAILABLE","","UNAVAILABLE","","UNAVAILABLE","","UNAVAILABLE","","UNAVAILABLE","","UNAVAILABLE","","UNAVAILABLE","","","","UNAVAILABLE","","UNAVAILABLE","","UNAVAILABLE","","UNAVAILABLE","","UNAVAILABLE","","UNAVAILABLE","","UNAVAILABLE","","","","UNAVAILABLE","","UNAVAILABLE","","UNAVAILABLE","","UNAVAILABLE","","UNAVAILABLE","","UNAVAILABLE","","UNAVAILABLE","","","","","","","","","","","","","","","","","","","","","","","","","","","","","UNAVAILABLE","","UNAVAILABLE","","UNAVAILABLE","","UNAVAILABLE","","UNAVAILABLE","","UNAVAILABLE","","UNAVAILABLE","","","","UNAVAILABLE","","UNAVAILABLE","","UNAVAILABLE","","UNAVAILABLE","","UNAVAILABLE","","UNAVAILABLE","","UNAVAILABLE","","","","UNAVAILABLE","","UNAVAILABLE","","UNAVAILABLE","","UNAVAILABLE","","UNAVAILABLE","","UNAVAILABLE","","UNAVAILABLE","","","","","","","","","","","","","","","","2026.05.07 00:00:00","","","","","","","","","","","","","","","0","PREVIOUS_WEEKDAY_MISSING"
"2026.05.09","Saturday","EURUSD","-3","WEEKEND","UNKNOWN","","false","false","0","0","0","0","0","","","","","","","","false","0","0","0","0","0","","","","","","","","","","","","","","","","","","","","UNAVAILABLE","","","","","false","0","0","0","0","0","","","","","","","","","","","","","","","","","","","","","","","","","","","","","","","","","","","","UNAVAILABLE","","UNAVAILABLE","","UNAVAILABLE","","UNAVAILABLE","","UNAVAILABLE","","UNAVAILABLE","","UNAVAILABLE","","","","UNAVAILABLE","","UNAVAILABLE","","UNAVAILABLE","","UNAVAILABLE","","UNAVAILABLE","","UNAVAILABLE","","UNAVAILABLE","","","","UNAVAILABLE","","UNAVAILABLE","","UNAVAILABLE","","UNAVAILABLE","","UNAVAILABLE","","UNAVAILABLE","","UNAVAILABLE","","","","","","","","","","","","","","","","","","","","","","","","","","","","","UNAVAILABLE","","UNAVAILABLE","","UNAVAILABLE","","UNAVAILABLE","","UNAVAILABLE","","UNAVAILABLE","","UNAVAILABLE","","","","UNAVAILABLE","","UNAVAILABLE","","UNAVAILABLE","","UNAVAILABLE","","UNAVAILABLE","","UNAVAILABLE","","UNAVAILABLE","","","","UNAVAILABLE","","UNAVAILABLE","","UNAVAILABLE","","UNAVAILABLE","","UNAVAILABLE","","UNAVAILABLE","","UNAVAILABLE","","","","","","","","","","","","","","","","2026.05.08 00:00:00","","","","","","","","","","","","","","","0","PREVIOUS_WEEKDAY_MISSING"
"2026.05.10","Sunday","EURUSD","-3","WEEKEND","UNKNOWN","","false","false","0","0","0","0","0","","","","","","","","false","0","0","0","0","0","","","","","","","","","","","","","","","","","","","","UNAVAILABLE","","","","","false","0","0","0","0","0","","","","","","","","","","","","","","","","","","","","","","","","","","","","","","","","","","","","UNAVAILABLE","","UNAVAILABLE","","UNAVAILABLE","","UNAVAILABLE","","UNAVAILABLE","","UNAVAILABLE","","UNAVAILABLE","","","","UNAVAILABLE","","UNAVAILABLE","","UNAVAILABLE","","UNAVAILABLE","","UNAVAILABLE","","UNAVAILABLE","","UNAVAILABLE","","","","UNAVAILABLE","","UNAVAILABLE","","UNAVAILABLE","","UNAVAILABLE","","UNAVAILABLE","","UNAVAILABLE","","UNAVAILABLE","","","","","","","","","","","","","","","","","","","","","","","","","","","","","UNAVAILABLE","","UNAVAILABLE","","UNAVAILABLE","","UNAVAILABLE","","UNAVAILABLE","","UNAVAILABLE","","UNAVAILABLE","","","","UNAVAILABLE","","UNAVAILABLE","","UNAVAILABLE","","UNAVAILABLE","","UNAVAILABLE","","UNAVAILABLE","","UNAVAILABLE","","","","UNAVAILABLE","","UNAVAILABLE","","UNAVAILABLE","","UNAVAILABLE","","UNAVAILABLE","","UNAVAILABLE","","UNAVAILABLE","","","","","","","","","","","","","","","","2026.05.08 00:00:00","","","","","","","","","","","","","","","0","PREVIOUS_WEEKDAY_MISSING"
"2026.05.11","Monday","EURUSD","-3","INCOMPLETE_SETUP_M1","UNKNOWN","","false","false","480","0","480","480","0","","","","","","","","false","240","0","240","240","0","","","","","","","","","","","2026.05.11 08:00:00","","","","","","","","","UNAVAILABLE","","","","","false","360","0","360","360","0","","","","","","","","","","","","","","","","","","","","","","","","","","","","","","","","","","","","UNAVAILABLE","","UNAVAILABLE","","UNAVAILABLE","","UNAVAILABLE","","UNAVAILABLE","","UNAVAILABLE","","UNAVAILABLE","","","","UNAVAILABLE","","UNAVAILABLE","","UNAVAILABLE","","UNAVAILABLE","","UNAVAILABLE","","UNAVAILABLE","","UNAVAILABLE","","","","UNAVAILABLE","","UNAVAILABLE","","UNAVAILABLE","","UNAVAILABLE","","UNAVAILABLE","","UNAVAILABLE","","UNAVAILABLE","","","","","","","","","","","","","","","","","","","","","","","","","","","","","UNAVAILABLE","","UNAVAILABLE","","UNAVAILABLE","","UNAVAILABLE","","UNAVAILABLE","","UNAVAILABLE","","UNAVAILABLE","","","","UNAVAILABLE","","UNAVAILABLE","","UNAVAILABLE","","UNAVAILABLE","","UNAVAILABLE","","UNAVAILABLE","","UNAVAILABLE","","","","UNAVAILABLE","","UNAVAILABLE","","UNAVAILABLE","","UNAVAILABLE","","UNAVAILABLE","","UNAVAILABLE","","UNAVAILABLE","","","","","","","","","","","","","","","","2026.05.08 00:00:00","","","","","","","","","","","","","","","0","PREVIOUS_WEEKDAY_MISSING"
"2026.05.12","Tuesday","EURUSD","-3","INCOMPLETE_SETUP_M1","UNKNOWN","","false","false","480","0","480","480","0","","","","","","","","false","240","0","240","240","0","","","","","","","","","","","2026.05.12 08:00:00","","","","","","","","","UNAVAILABLE","","","","","false","360","0","360","360","0","","","","","","","","","","","","","","","","","","","","","","","","","","","","","","","","","","","","UNAVAILABLE","","UNAVAILABLE","","UNAVAILABLE","","UNAVAILABLE","","UNAVAILABLE","","UNAVAILABLE","","UNAVAILABLE","","","","UNAVAILABLE","","UNAVAILABLE","","UNAVAILABLE","","UNAVAILABLE","","UNAVAILABLE","","UNAVAILABLE","","UNAVAILABLE","","","","UNAVAILABLE","","UNAVAILABLE","","UNAVAILABLE","","UNAVAILABLE","","UNAVAILABLE","","UNAVAILABLE","","UNAVAILABLE","","","","","","","","","","","","","","","","","","","","","","","","","","","","","UNAVAILABLE","","UNAVAILABLE","","UNAVAILABLE","","UNAVAILABLE","","UNAVAILABLE","","UNAVAILABLE","","UNAVAILABLE","","","","UNAVAILABLE","","UNAVAILABLE","","UNAVAILABLE","","UNAVAILABLE","","UNAVAILABLE","","UNAVAILABLE","","UNAVAILABLE","","","","UNAVAILABLE","","UNAVAILABLE","","UNAVAILABLE","","UNAVAILABLE","","UNAVAILABLE","","UNAVAILABLE","","UNAVAILABLE","","","","","","","","","","","","","","","","2026.05.11 00:00:00","","","","","","","","","","","","","","","0","PREVIOUS_WEEKDAY_MISSING"
"2026.05.13","Wednesday","EURUSD","-3","INCOMPLETE_SETUP_M1","UNKNOWN","","false","false","480","0","480","480","0","","","","","","","","false","240","0","240","240","0","","","","","","","","","","","2026.05.13 08:00:00","","","","","","","","","UNAVAILABLE","","","","","false","360","0","360","360","0","","","","","","","","","","","","","","","","","","","","","","","","","","","","","","","","","","","","UNAVAILABLE","","UNAVAILABLE","","UNAVAILABLE","","UNAVAILABLE","","UNAVAILABLE","","UNAVAILABLE","","UNAVAILABLE","","","","UNAVAILABLE","","UNAVAILABLE","","UNAVAILABLE","","UNAVAILABLE","","UNAVAILABLE","","UNAVAILABLE","","UNAVAILABLE","","","","UNAVAILABLE","","UNAVAILABLE","","UNAVAILABLE","","UNAVAILABLE","","UNAVAILABLE","","UNAVAILABLE","","UNAVAILABLE","","","","","","","","","","","","","","","","","","","","","","","","","","","","","UNAVAILABLE","","UNAVAILABLE","","UNAVAILABLE","","UNAVAILABLE","","UNAVAILABLE","","UNAVAILABLE","","UNAVAILABLE","","","","UNAVAILABLE","","UNAVAILABLE","","UNAVAILABLE","","UNAVAILABLE","","UNAVAILABLE","","UNAVAILABLE","","UNAVAILABLE","","","","UNAVAILABLE","","UNAVAILABLE","","UNAVAILABLE","","UNAVAILABLE","","UNAVAILABLE","","UNAVAILABLE","","UNAVAILABLE","","","","","","","","","","","","","","","","2026.05.12 00:00:00","","","","","","","","","","","","","","","0","PREVIOUS_WEEKDAY_MISSING"
"2026.05.14","Thursday","EURUSD","-3","INCOMPLETE_SETUP_M1","UNKNOWN","","false","false","480","0","480","480","0","","","","","","","","false","240","0","240","240","0","","","","","","","","","","","2026.05.14 08:00:00","","","","","","","","","UNAVAILABLE","","","","","false","360","0","360","360","0","","","","","","","","","","","","","","","","","","","","","","","","","","","","","","","","","","","","UNAVAILABLE","","UNAVAILABLE","","UNAVAILABLE","","UNAVAILABLE","","UNAVAILABLE","","UNAVAILABLE","","UNAVAILABLE","","","","UNAVAILABLE","","UNAVAILABLE","","UNAVAILABLE","","UNAVAILABLE","","UNAVAILABLE","","UNAVAILABLE","","UNAVAILABLE","","","","UNAVAILABLE","","UNAVAILABLE","","UNAVAILABLE","","UNAVAILABLE","","UNAVAILABLE","","UNAVAILABLE","","UNAVAILABLE","","","","","","","","","","","","","","","","","","","","","","","","","","","","","UNAVAILABLE","","UNAVAILABLE","","UNAVAILABLE","","UNAVAILABLE","","UNAVAILABLE","","UNAVAILABLE","","UNAVAILABLE","","","","UNAVAILABLE","","UNAVAILABLE","","UNAVAILABLE","","UNAVAILABLE","","UNAVAILABLE","","UNAVAILABLE","","UNAVAILABLE","","","","UNAVAILABLE","","UNAVAILABLE","","UNAVAILABLE","","UNAVAILABLE","","UNAVAILABLE","","UNAVAILABLE","","UNAVAILABLE","","","","","","","","","","","","","","","","2026.05.13 00:00:00","","","","","","","","","","","","","","","0","PREVIOUS_WEEKDAY_MISSING"
"2026.05.15","Friday","EURUSD","-3","INCOMPLETE_SETUP_M1","UNKNOWN","","false","false","480","0","480","480","0","","","","","","","","false","240","0","240","240","0","","","","","","","","","","","2026.05.15 08:00:00","","","","","","","","","UNAVAILABLE","","","","","false","360","0","360","360","0","","","","","","","","","","","","","","","","","","","","","","","","","","","","","","","","","","","","UNAVAILABLE","","UNAVAILABLE","","UNAVAILABLE","","UNAVAILABLE","","UNAVAILABLE","","UNAVAILABLE","","UNAVAILABLE","","","","UNAVAILABLE","","UNAVAILABLE","","UNAVAILABLE","","UNAVAILABLE","","UNAVAILABLE","","UNAVAILABLE","","UNAVAILABLE","","","","UNAVAILABLE","","UNAVAILABLE","","UNAVAILABLE","","UNAVAILABLE","","UNAVAILABLE","","UNAVAILABLE","","UNAVAILABLE","","","","","","","","","","","","","","","","","","","","","","","","","","","","","UNAVAILABLE","","UNAVAILABLE","","UNAVAILABLE","","UNAVAILABLE","","UNAVAILABLE","","UNAVAILABLE","","UNAVAILABLE","","","","UNAVAILABLE","","UNAVAILABLE","","UNAVAILABLE","","UNAVAILABLE","","UNAVAILABLE","","UNAVAILABLE","","UNAVAILABLE","","","","UNAVAILABLE","","UNAVAILABLE","","UNAVAILABLE","","UNAVAILABLE","","UNAVAILABLE","","UNAVAILABLE","","UNAVAILABLE","","","","","","","","","","","","","","","","2026.05.14 00:00:00","","","","","","","","","","","","","","","0","PREVIOUS_WEEKDAY_MISSING"
"2026.05.16","Saturday","EURUSD","-3","WEEKEND","UNKNOWN","","false","false","0","0","0","0","0","","","","","","","","false","0","0","0","0","0","","","","","","","","","","","","","","","","","","","","UNAVAILABLE","","","","","false","0","0","0","0","0","","","","","","","","","","","","","","","","","","","","","","","","","","","","","","","","","","","","UNAVAILABLE","","UNAVAILABLE","","UNAVAILABLE","","UNAVAILABLE","","UNAVAILABLE","","UNAVAILABLE","","UNAVAILABLE","","","","UNAVAILABLE","","UNAVAILABLE","","UNAVAILABLE","","UNAVAILABLE","","UNAVAILABLE","","UNAVAILABLE","","UNAVAILABLE","","","","UNAVAILABLE","","UNAVAILABLE","","UNAVAILABLE","","UNAVAILABLE","","UNAVAILABLE","","UNAVAILABLE","","UNAVAILABLE","","","","","","","","","","","","","","","","","","","","","","","","","","","","","UNAVAILABLE","","UNAVAILABLE","","UNAVAILABLE","","UNAVAILABLE","","UNAVAILABLE","","UNAVAILABLE","","UNAVAILABLE","","","","UNAVAILABLE","","UNAVAILABLE","","UNAVAILABLE","","UNAVAILABLE","","UNAVAILABLE","","UNAVAILABLE","","UNAVAILABLE","","","","UNAVAILABLE","","UNAVAILABLE","","UNAVAILABLE","","UNAVAILABLE","","UNAVAILABLE","","UNAVAILABLE","","UNAVAILABLE","","","","","","","","","","","","","","","","2026.05.15 00:00:00","","","","","","","","","","","","","","","0","PREVIOUS_WEEKDAY_MISSING"
"2026.05.17","Sunday","EURUSD","-3","WEEKEND","UNKNOWN","","false","false","0","0","0","0","0","","","","","","","","false","0","0","0","0","0","","","","","","","","","","","","","","","","","","","","UNAVAILABLE","","","","","false","0","0","0","0","0","","","","","","","","","","","","","","","","","","","","","","","","","","","","","","","","","","","","UNAVAILABLE","","UNAVAILABLE","","UNAVAILABLE","","UNAVAILABLE","","UNAVAILABLE","","UNAVAILABLE","","UNAVAILABLE","","","","UNAVAILABLE","","UNAVAILABLE","","UNAVAILABLE","","UNAVAILABLE","","UNAVAILABLE","","UNAVAILABLE","","UNAVAILABLE","","","","UNAVAILABLE","","UNAVAILABLE","","UNAVAILABLE","","UNAVAILABLE","","UNAVAILABLE","","UNAVAILABLE","","UNAVAILABLE","","","","","","","","","","","","","","","","","","","","","","","","","","","","","UNAVAILABLE","","UNAVAILABLE","","UNAVAILABLE","","UNAVAILABLE","","UNAVAILABLE","","UNAVAILABLE","","UNAVAILABLE","","","","UNAVAILABLE","","UNAVAILABLE","","UNAVAILABLE","","UNAVAILABLE","","UNAVAILABLE","","UNAVAILABLE","","UNAVAILABLE","","","","UNAVAILABLE","","UNAVAILABLE","","UNAVAILABLE","","UNAVAILABLE","","UNAVAILABLE","","UNAVAILABLE","","UNAVAILABLE","","","","","","","","","","","","","","","","2026.05.15 00:00:00","","","","","","","","","","","","","","","0","PREVIOUS_WEEKDAY_MISSING"
"2026.05.18","Monday","EURUSD","-3","INCOMPLETE_SETUP_M1","UNKNOWN","","false","false","480","0","480","480","0","","","","","","","","false","240","0","240","240","0","","","","","","","","","","","2026.05.18 08:00:00","","","","","","","","","UNAVAILABLE","","","","","false","360","0","360","360","0","","","","","","","","","","","","","","","","","","","","","","","","","","","","","","","","","","","","UNAVAILABLE","","UNAVAILABLE","","UNAVAILABLE","","UNAVAILABLE","","UNAVAILABLE","","UNAVAILABLE","","UNAVAILABLE","","","","UNAVAILABLE","","UNAVAILABLE","","UNAVAILABLE","","UNAVAILABLE","","UNAVAILABLE","","UNAVAILABLE","","UNAVAILABLE","","","","UNAVAILABLE","","UNAVAILABLE","","UNAVAILABLE","","UNAVAILABLE","","UNAVAILABLE","","UNAVAILABLE","","UNAVAILABLE","","","","","","","","","","","","","","","","","","","","","","","","","","","","","UNAVAILABLE","","UNAVAILABLE","","UNAVAILABLE","","UNAVAILABLE","","UNAVAILABLE","","UNAVAILABLE","","UNAVAILABLE","","","","UNAVAILABLE","","UNAVAILABLE","","UNAVAILABLE","","UNAVAILABLE","","UNAVAILABLE","","UNAVAILABLE","","UNAVAILABLE","","","","UNAVAILABLE","","UNAVAILABLE","","UNAVAILABLE","","UNAVAILABLE","","UNAVAILABLE","","UNAVAILABLE","","UNAVAILABLE","","","","","","","","","","","","","","","","2026.05.15 00:00:00","","","","","","","","","","","","","","","0","PREVIOUS_WEEKDAY_MISSING"
"2026.05.19","Tuesday","EURUSD","-3","INCOMPLETE_SETUP_M1","UNKNOWN","","false","false","480","0","480","480","0","","","","","","","","false","240","0","240","240","0","","","","","","","","","","","2026.05.19 08:00:00","","","","","","","","","UNAVAILABLE","","","","","false","360","0","360","360","0","","","","","","","","","","","","","","","","","","","","","","","","","","","","","","","","","","","","UNAVAILABLE","","UNAVAILABLE","","UNAVAILABLE","","UNAVAILABLE","","UNAVAILABLE","","UNAVAILABLE","","UNAVAILABLE","","","","UNAVAILABLE","","UNAVAILABLE","","UNAVAILABLE","","UNAVAILABLE","","UNAVAILABLE","","UNAVAILABLE","","UNAVAILABLE","","","","UNAVAILABLE","","UNAVAILABLE","","UNAVAILABLE","","UNAVAILABLE","","UNAVAILABLE","","UNAVAILABLE","","UNAVAILABLE","","","","","","","","","","","","","","","","","","","","","","","","","","","","","UNAVAILABLE","","UNAVAILABLE","","UNAVAILABLE","","UNAVAILABLE","","UNAVAILABLE","","UNAVAILABLE","","UNAVAILABLE","","","","UNAVAILABLE","","UNAVAILABLE","","UNAVAILABLE","","UNAVAILABLE","","UNAVAILABLE","","UNAVAILABLE","","UNAVAILABLE","","","","UNAVAILABLE","","UNAVAILABLE","","UNAVAILABLE","","UNAVAILABLE","","UNAVAILABLE","","UNAVAILABLE","","UNAVAILABLE","","","","","","","","","","","","","","","","2026.05.18 00:00:00","","","","","","","","","","","","","","","0","PREVIOUS_WEEKDAY_MISSING"
"2026.05.20","Wednesday","EURUSD","-3","INCOMPLETE_SETUP_M1","UNKNOWN","","false","false","480","0","480","480","0","","","","","","","","false","240","0","240","240","0","","","","","","","","","","","2026.05.20 08:00:00","","","","","","","","","UNAVAILABLE","","","","","false","360","0","360","360","0","","","","","","","","","","","","","","","","","","","","","","","","","","","","","","","","","","","","UNAVAILABLE","","UNAVAILABLE","","UNAVAILABLE","","UNAVAILABLE","","UNAVAILABLE","","UNAVAILABLE","","UNAVAILABLE","","","","UNAVAILABLE","","UNAVAILABLE","","UNAVAILABLE","","UNAVAILABLE","","UNAVAILABLE","","UNAVAILABLE","","UNAVAILABLE","","","","UNAVAILABLE","","UNAVAILABLE","","UNAVAILABLE","","UNAVAILABLE","","UNAVAILABLE","","UNAVAILABLE","","UNAVAILABLE","","","","","","","","","","","","","","","","","","","","","","","","","","","","","UNAVAILABLE","","UNAVAILABLE","","UNAVAILABLE","","UNAVAILABLE","","UNAVAILABLE","","UNAVAILABLE","","UNAVAILABLE","","","","UNAVAILABLE","","UNAVAILABLE","","UNAVAILABLE","","UNAVAILABLE","","UNAVAILABLE","","UNAVAILABLE","","UNAVAILABLE","","","","UNAVAILABLE","","UNAVAILABLE","","UNAVAILABLE","","UNAVAILABLE","","UNAVAILABLE","","UNAVAILABLE","","UNAVAILABLE","","","","","","","","","","","","","","","","2026.05.19 00:00:00","","","","","","","","","","","","","","","0","PREVIOUS_WEEKDAY_MISSING"
"2026.05.21","Thursday","EURUSD","-3","INCOMPLETE_SETUP_M1","UNKNOWN","","false","false","480","0","480","480","0","","","","","","","","false","240","0","240","240","0","","","","","","","","","","","2026.05.21 08:00:00","","","","","","","","","UNAVAILABLE","","","","","false","360","0","360","360","0","","","","","","","","","","","","","","","","","","","","","","","","","","","","","","","","","","","","UNAVAILABLE","","UNAVAILABLE","","UNAVAILABLE","","UNAVAILABLE","","UNAVAILABLE","","UNAVAILABLE","","UNAVAILABLE","","","","UNAVAILABLE","","UNAVAILABLE","","UNAVAILABLE","","UNAVAILABLE","","UNAVAILABLE","","UNAVAILABLE","","UNAVAILABLE","","","","UNAVAILABLE","","UNAVAILABLE","","UNAVAILABLE","","UNAVAILABLE","","UNAVAILABLE","","UNAVAILABLE","","UNAVAILABLE","","","","","","","","","","","","","","","","","","","","","","","","","","","","","UNAVAILABLE","","UNAVAILABLE","","UNAVAILABLE","","UNAVAILABLE","","UNAVAILABLE","","UNAVAILABLE","","UNAVAILABLE","","","","UNAVAILABLE","","UNAVAILABLE","","UNAVAILABLE","","UNAVAILABLE","","UNAVAILABLE","","UNAVAILABLE","","UNAVAILABLE","","","","UNAVAILABLE","","UNAVAILABLE","","UNAVAILABLE","","UNAVAILABLE","","UNAVAILABLE","","UNAVAILABLE","","UNAVAILABLE","","","","","","","","","","","","","","","","2026.05.20 00:00:00","","","","","","","","","","","","","","","0","PREVIOUS_WEEKDAY_MISSING"
"2026.05.22","Friday","EURUSD","-3","INCOMPLETE_SETUP_M1","UNKNOWN","","false","false","480","0","480","480","0","","","","","","","","false","240","0","240","240","0","","","","","","","","","","","2026.05.22 08:00:00","","","","","","","","","UNAVAILABLE","","","","","false","360","0","360","360","0","","","","","","","","","","","","","","","","","","","","","","","","","","","","","","","","","","","","UNAVAILABLE","","UNAVAILABLE","","UNAVAILABLE","","UNAVAILABLE","","UNAVAILABLE","","UNAVAILABLE","","UNAVAILABLE","","","","UNAVAILABLE","","UNAVAILABLE","","UNAVAILABLE","","UNAVAILABLE","","UNAVAILABLE","","UNAVAILABLE","","UNAVAILABLE","","","","UNAVAILABLE","","UNAVAILABLE","","UNAVAILABLE","","UNAVAILABLE","","UNAVAILABLE","","UNAVAILABLE","","UNAVAILABLE","","","","","","","","","","","","","","","","","","","","","","","","","","","","","UNAVAILABLE","","UNAVAILABLE","","UNAVAILABLE","","UNAVAILABLE","","UNAVAILABLE","","UNAVAILABLE","","UNAVAILABLE","","","","UNAVAILABLE","","UNAVAILABLE","","UNAVAILABLE","","UNAVAILABLE","","UNAVAILABLE","","UNAVAILABLE","","UNAVAILABLE","","","","UNAVAILABLE","","UNAVAILABLE","","UNAVAILABLE","","UNAVAILABLE","","UNAVAILABLE","","UNAVAILABLE","","UNAVAILABLE","","","","","","","","","","","","","","","","2026.05.21 00:00:00","","","","","","","","","","","","","","","0","PREVIOUS_WEEKDAY_MISSING"
"2026.05.23","Saturday","EURUSD","-3","WEEKEND","UNKNOWN","","false","false","0","0","0","0","0","","","","","","","","false","0","0","0","0","0","","","","","","","","","","","","","","","","","","","","UNAVAILABLE","","","","","false","0","0","0","0","0","","","","","","","","","","","","","","","","","","","","","","","","","","","","","","","","","","","","UNAVAILABLE","","UNAVAILABLE","","UNAVAILABLE","","UNAVAILABLE","","UNAVAILABLE","","UNAVAILABLE","","UNAVAILABLE","","","","UNAVAILABLE","","UNAVAILABLE","","UNAVAILABLE","","UNAVAILABLE","","UNAVAILABLE","","UNAVAILABLE","","UNAVAILABLE","","","","UNAVAILABLE","","UNAVAILABLE","","UNAVAILABLE","","UNAVAILABLE","","UNAVAILABLE","","UNAVAILABLE","","UNAVAILABLE","","","","","","","","","","","","","","","","","","","","","","","","","","","","","UNAVAILABLE","","UNAVAILABLE","","UNAVAILABLE","","UNAVAILABLE","","UNAVAILABLE","","UNAVAILABLE","","UNAVAILABLE","","","","UNAVAILABLE","","UNAVAILABLE","","UNAVAILABLE","","UNAVAILABLE","","UNAVAILABLE","","UNAVAILABLE","","UNAVAILABLE","","","","UNAVAILABLE","","UNAVAILABLE","","UNAVAILABLE","","UNAVAILABLE","","UNAVAILABLE","","UNAVAILABLE","","UNAVAILABLE","","","","","","","","","","","","","","","","2026.05.22 00:00:00","","","","","","","","","","","","","","","0","PREVIOUS_WEEKDAY_MISSING"
"2026.05.24","Sunday","EURUSD","-3","WEEKEND","UNKNOWN","","false","false","0","0","0","0","0","","","","","","","","false","0","0","0","0","0","","","","","","","","","","","","","","","","","","","","UNAVAILABLE","","","","","false","0","0","0","0","0","","","","","","","","","","","","","","","","","","","","","","","","","","","","","","","","","","","","UNAVAILABLE","","UNAVAILABLE","","UNAVAILABLE","","UNAVAILABLE","","UNAVAILABLE","","UNAVAILABLE","","UNAVAILABLE","","","","UNAVAILABLE","","UNAVAILABLE","","UNAVAILABLE","","UNAVAILABLE","","UNAVAILABLE","","UNAVAILABLE","","UNAVAILABLE","","","","UNAVAILABLE","","UNAVAILABLE","","UNAVAILABLE","","UNAVAILABLE","","UNAVAILABLE","","UNAVAILABLE","","UNAVAILABLE","","","","","","","","","","","","","","","","","","","","","","","","","","","","","UNAVAILABLE","","UNAVAILABLE","","UNAVAILABLE","","UNAVAILABLE","","UNAVAILABLE","","UNAVAILABLE","","UNAVAILABLE","","","","UNAVAILABLE","","UNAVAILABLE","","UNAVAILABLE","","UNAVAILABLE","","UNAVAILABLE","","UNAVAILABLE","","UNAVAILABLE","","","","UNAVAILABLE","","UNAVAILABLE","","UNAVAILABLE","","UNAVAILABLE","","UNAVAILABLE","","UNAVAILABLE","","UNAVAILABLE","","","","","","","","","","","","","","","","2026.05.22 00:00:00","","","","","","","","","","","","","","","0","PREVIOUS_WEEKDAY_MISSING"
"2026.05.25","Monday","EURUSD","-3","INCOMPLETE_SETUP_M1","UNKNOWN","","false","false","480","0","480","480","0","","","","","","","","false","240","0","240","240","0","","","","","","","","","","","2026.05.25 08:00:00","","","","","","","","","UNAVAILABLE","","","","","false","360","0","360","360","0","","","","","","","","","","","","","","","","","","","","","","","","","","","","","","","","","","","","UNAVAILABLE","","UNAVAILABLE","","UNAVAILABLE","","UNAVAILABLE","","UNAVAILABLE","","UNAVAILABLE","","UNAVAILABLE","","","","UNAVAILABLE","","UNAVAILABLE","","UNAVAILABLE","","UNAVAILABLE","","UNAVAILABLE","","UNAVAILABLE","","UNAVAILABLE","","","","UNAVAILABLE","","UNAVAILABLE","","UNAVAILABLE","","UNAVAILABLE","","UNAVAILABLE","","UNAVAILABLE","","UNAVAILABLE","","","","","","","","","","","","","","","","","","","","","","","","","","","","","UNAVAILABLE","","UNAVAILABLE","","UNAVAILABLE","","UNAVAILABLE","","UNAVAILABLE","","UNAVAILABLE","","UNAVAILABLE","","","","UNAVAILABLE","","UNAVAILABLE","","UNAVAILABLE","","UNAVAILABLE","","UNAVAILABLE","","UNAVAILABLE","","UNAVAILABLE","","","","UNAVAILABLE","","UNAVAILABLE","","UNAVAILABLE","","UNAVAILABLE","","UNAVAILABLE","","UNAVAILABLE","","UNAVAILABLE","","","","","","","","","","","","","","","","2026.05.22 00:00:00","","","","","","","","","","","","","","","0","PREVIOUS_WEEKDAY_MISSING"
"2026.05.26","Tuesday","EURUSD","-3","INCOMPLETE_SETUP_M1","UNKNOWN","","false","false","480","0","480","480","0","","","","","","","","false","240","0","240","240","0","","","","","","","","","","","2026.05.26 08:00:00","","","","","","","","","UNAVAILABLE","","","","","false","360","0","360","360","0","","","","","","","","","","","","","","","","","","","","","","","","","","","","","","","","","","","","UNAVAILABLE","","UNAVAILABLE","","UNAVAILABLE","","UNAVAILABLE","","UNAVAILABLE","","UNAVAILABLE","","UNAVAILABLE","","","","UNAVAILABLE","","UNAVAILABLE","","UNAVAILABLE","","UNAVAILABLE","","UNAVAILABLE","","UNAVAILABLE","","UNAVAILABLE","","","","UNAVAILABLE","","UNAVAILABLE","","UNAVAILABLE","","UNAVAILABLE","","UNAVAILABLE","","UNAVAILABLE","","UNAVAILABLE","","","","","","","","","","","","","","","","","","","","","","","","","","","","","UNAVAILABLE","","UNAVAILABLE","","UNAVAILABLE","","UNAVAILABLE","","UNAVAILABLE","","UNAVAILABLE","","UNAVAILABLE","","","","UNAVAILABLE","","UNAVAILABLE","","UNAVAILABLE","","UNAVAILABLE","","UNAVAILABLE","","UNAVAILABLE","","UNAVAILABLE","","","","UNAVAILABLE","","UNAVAILABLE","","UNAVAILABLE","","UNAVAILABLE","","UNAVAILABLE","","UNAVAILABLE","","UNAVAILABLE","","","","","","","","","","","","","","","","2026.05.25 00:00:00","","","","","","","","","","","","","","","0","PREVIOUS_WEEKDAY_MISSING"
"2026.05.27","Wednesday","EURUSD","-3","INCOMPLETE_SETUP_M1","UNKNOWN","","false","false","480","0","480","480","0","","","","","","","","false","240","0","240","240","0","","","","","","","","","","","2026.05.27 08:00:00","","","","","","","","","UNAVAILABLE","","","","","false","360","0","360","360","0","","","","","","","","","","","","","","","","","","","","","","","","","","","","","","","","","","","","UNAVAILABLE","","UNAVAILABLE","","UNAVAILABLE","","UNAVAILABLE","","UNAVAILABLE","","UNAVAILABLE","","UNAVAILABLE","","","","UNAVAILABLE","","UNAVAILABLE","","UNAVAILABLE","","UNAVAILABLE","","UNAVAILABLE","","UNAVAILABLE","","UNAVAILABLE","","","","UNAVAILABLE","","UNAVAILABLE","","UNAVAILABLE","","UNAVAILABLE","","UNAVAILABLE","","UNAVAILABLE","","UNAVAILABLE","","","","","","","","","","","","","","","","","","","","","","","","","","","","","UNAVAILABLE","","UNAVAILABLE","","UNAVAILABLE","","UNAVAILABLE","","UNAVAILABLE","","UNAVAILABLE","","UNAVAILABLE","","","","UNAVAILABLE","","UNAVAILABLE","","UNAVAILABLE","","UNAVAILABLE","","UNAVAILABLE","","UNAVAILABLE","","UNAVAILABLE","","","","UNAVAILABLE","","UNAVAILABLE","","UNAVAILABLE","","UNAVAILABLE","","UNAVAILABLE","","UNAVAILABLE","","UNAVAILABLE","","","","","","","","","","","","","","","","2026.05.26 00:00:00","","","","","","","","","","","","","","","0","PREVIOUS_WEEKDAY_MISSING"
"2026.05.28","Thursday","EURUSD","-3","INCOMPLETE_SETUP_M1","UNKNOWN","","false","false","480","0","480","480","0","","","","","","","","false","240","0","240","240","0","","","","","","","","","","","2026.05.28 08:00:00","","","","","","","","","UNAVAILABLE","","","","","false","360","0","360","360","0","","","","","","","","","","","","","","","","","","","","","","","","","","","","","","","","","","","","UNAVAILABLE","","UNAVAILABLE","","UNAVAILABLE","","UNAVAILABLE","","UNAVAILABLE","","UNAVAILABLE","","UNAVAILABLE","","","","UNAVAILABLE","","UNAVAILABLE","","UNAVAILABLE","","UNAVAILABLE","","UNAVAILABLE","","UNAVAILABLE","","UNAVAILABLE","","","","UNAVAILABLE","","UNAVAILABLE","","UNAVAILABLE","","UNAVAILABLE","","UNAVAILABLE","","UNAVAILABLE","","UNAVAILABLE","","","","","","","","","","","","","","","","","","","","","","","","","","","","","UNAVAILABLE","","UNAVAILABLE","","UNAVAILABLE","","UNAVAILABLE","","UNAVAILABLE","","UNAVAILABLE","","UNAVAILABLE","","","","UNAVAILABLE","","UNAVAILABLE","","UNAVAILABLE","","UNAVAILABLE","","UNAVAILABLE","","UNAVAILABLE","","UNAVAILABLE","","","","UNAVAILABLE","","UNAVAILABLE","","UNAVAILABLE","","UNAVAILABLE","","UNAVAILABLE","","UNAVAILABLE","","UNAVAILABLE","","","","","","","","","","","","","","","","2026.05.27 00:00:00","","","","","","","","","","","","","","","0","PREVIOUS_WEEKDAY_MISSING"
"2026.05.29","Friday","EURUSD","-3","INCOMPLETE_SETUP_M1","UNKNOWN","","false","false","480","0","480","480","0","","","","","","","","false","240","0","240","240","0","","","","","","","","","","","2026.05.29 08:00:00","","","","","","","","","UNAVAILABLE","","","","","false","360","0","360","360","0","","","","","","","","","","","","","","","","","","","","","","","","","","","","","","","","","","","","UNAVAILABLE","","UNAVAILABLE","","UNAVAILABLE","","UNAVAILABLE","","UNAVAILABLE","","UNAVAILABLE","","UNAVAILABLE","","","","UNAVAILABLE","","UNAVAILABLE","","UNAVAILABLE","","UNAVAILABLE","","UNAVAILABLE","","UNAVAILABLE","","UNAVAILABLE","","","","UNAVAILABLE","","UNAVAILABLE","","UNAVAILABLE","","UNAVAILABLE","","UNAVAILABLE","","UNAVAILABLE","","UNAVAILABLE","","","","","","","","","","","","","","","","","","","","","","","","","","","","","UNAVAILABLE","","UNAVAILABLE","","UNAVAILABLE","","UNAVAILABLE","","UNAVAILABLE","","UNAVAILABLE","","UNAVAILABLE","","","","UNAVAILABLE","","UNAVAILABLE","","UNAVAILABLE","","UNAVAILABLE","","UNAVAILABLE","","UNAVAILABLE","","UNAVAILABLE","","","","UNAVAILABLE","","UNAVAILABLE","","UNAVAILABLE","","UNAVAILABLE","","UNAVAILABLE","","UNAVAILABLE","","UNAVAILABLE","","","","","","","","","","","","","","","","2026.05.28 00:00:00","","","","","","","","","","","","","","","0","PREVIOUS_WEEKDAY_MISSING"
"2026.05.30","Saturday","EURUSD","-3","WEEKEND","UNKNOWN","","false","false","0","0","0","0","0","","","","","","","","false","0","0","0","0","0","","","","","","","","","","","","","","","","","","","","UNAVAILABLE","","","","","false","0","0","0","0","0","","","","","","","","","","","","","","","","","","","","","","","","","","","","","","","","","","","","UNAVAILABLE","","UNAVAILABLE","","UNAVAILABLE","","UNAVAILABLE","","UNAVAILABLE","","UNAVAILABLE","","UNAVAILABLE","","","","UNAVAILABLE","","UNAVAILABLE","","UNAVAILABLE","","UNAVAILABLE","","UNAVAILABLE","","UNAVAILABLE","","UNAVAILABLE","","","","UNAVAILABLE","","UNAVAILABLE","","UNAVAILABLE","","UNAVAILABLE","","UNAVAILABLE","","UNAVAILABLE","","UNAVAILABLE","","","","","","","","","","","","","","","","","","","","","","","","","","","","","UNAVAILABLE","","UNAVAILABLE","","UNAVAILABLE","","UNAVAILABLE","","UNAVAILABLE","","UNAVAILABLE","","UNAVAILABLE","","","","UNAVAILABLE","","UNAVAILABLE","","UNAVAILABLE","","UNAVAILABLE","","UNAVAILABLE","","UNAVAILABLE","","UNAVAILABLE","","","","UNAVAILABLE","","UNAVAILABLE","","UNAVAILABLE","","UNAVAILABLE","","UNAVAILABLE","","UNAVAILABLE","","UNAVAILABLE","","","","","","","","","","","","","","","","2026.05.29 00:00:00","","","","","","","","","","","","","","","0","PREVIOUS_WEEKDAY_MISSING"
"2026.05.31","Sunday","EURUSD","-3","WEEKEND","UNKNOWN","","false","false","0","0","0","0","0","","","","","","","","false","0","0","0","0","0","","","","","","","","","","","","","","","","","","","","UNAVAILABLE","","","","","false","0","0","0","0","0","","","","","","","","","","","","","","","","","","","","","","","","","","","","","","","","","","","","UNAVAILABLE","","UNAVAILABLE","","UNAVAILABLE","","UNAVAILABLE","","UNAVAILABLE","","UNAVAILABLE","","UNAVAILABLE","","","","UNAVAILABLE","","UNAVAILABLE","","UNAVAILABLE","","UNAVAILABLE","","UNAVAILABLE","","UNAVAILABLE","","UNAVAILABLE","","","","UNAVAILABLE","","UNAVAILABLE","","UNAVAILABLE","","UNAVAILABLE","","UNAVAILABLE","","UNAVAILABLE","","UNAVAILABLE","","","","","","","","","","","","","","","","","","","","","","","","","","","","","UNAVAILABLE","","UNAVAILABLE","","UNAVAILABLE","","UNAVAILABLE","","UNAVAILABLE","","UNAVAILABLE","","UNAVAILABLE","","","","UNAVAILABLE","","UNAVAILABLE","","UNAVAILABLE","","UNAVAILABLE","","UNAVAILABLE","","UNAVAILABLE","","UNAVAILABLE","","","","UNAVAILABLE","","UNAVAILABLE","","UNAVAILABLE","","UNAVAILABLE","","UNAVAILABLE","","UNAVAILABLE","","UNAVAILABLE","","","","","","","","","","","","","","","","2026.05.29 00:00:00","","","","","","","","","","","","","","","0","PREVIOUS_WEEKDAY_MISSING"
"2026.06.01","Monday","EURUSD","-3","INCOMPLETE_SETUP_M1","UNKNOWN","","false","false","480","0","480","480","0","","","","","","","","false","240","0","240","240","0","","","","","","","","","","","2026.06.01 08:00:00","","","","","","","","","UNAVAILABLE","","","","","false","360","0","360","360","0","","","","","","","","","","","","","","","","","","","","","","","","","","","","","","","","","","","","UNAVAILABLE","","UNAVAILABLE","","UNAVAILABLE","","UNAVAILABLE","","UNAVAILABLE","","UNAVAILABLE","","UNAVAILABLE","","","","UNAVAILABLE","","UNAVAILABLE","","UNAVAILABLE","","UNAVAILABLE","","UNAVAILABLE","","UNAVAILABLE","","UNAVAILABLE","","","","UNAVAILABLE","","UNAVAILABLE","","UNAVAILABLE","","UNAVAILABLE","","UNAVAILABLE","","UNAVAILABLE","","UNAVAILABLE","","","","","","","","","","","","","","","","","","","","","","","","","","","","","UNAVAILABLE","","UNAVAILABLE","","UNAVAILABLE","","UNAVAILABLE","","UNAVAILABLE","","UNAVAILABLE","","UNAVAILABLE","","","","UNAVAILABLE","","UNAVAILABLE","","UNAVAILABLE","","UNAVAILABLE","","UNAVAILABLE","","UNAVAILABLE","","UNAVAILABLE","","","","UNAVAILABLE","","UNAVAILABLE","","UNAVAILABLE","","UNAVAILABLE","","UNAVAILABLE","","UNAVAILABLE","","UNAVAILABLE","","","","","","","","","","","","","","","","2026.05.29 00:00:00","","","","","","","","","","","","","","","0","PREVIOUS_WEEKDAY_MISSING"
"2026.06.02","Tuesday","EURUSD","-3","INCOMPLETE_SETUP_M1","UNKNOWN","","false","false","480","0","480","480","0","","","","","","","","false","240","0","240","240","0","","","","","","","","","","","2026.06.02 08:00:00","","","","","","","","","UNAVAILABLE","","","","","false","360","0","360","360","0","","","","","","","","","","","","","","","","","","","","","","","","","","","","","","","","","","","","UNAVAILABLE","","UNAVAILABLE","","UNAVAILABLE","","UNAVAILABLE","","UNAVAILABLE","","UNAVAILABLE","","UNAVAILABLE","","","","UNAVAILABLE","","UNAVAILABLE","","UNAVAILABLE","","UNAVAILABLE","","UNAVAILABLE","","UNAVAILABLE","","UNAVAILABLE","","","","UNAVAILABLE","","UNAVAILABLE","","UNAVAILABLE","","UNAVAILABLE","","UNAVAILABLE","","UNAVAILABLE","","UNAVAILABLE","","","","","","","","","","","","","","","","","","","","","","","","","","","","","UNAVAILABLE","","UNAVAILABLE","","UNAVAILABLE","","UNAVAILABLE","","UNAVAILABLE","","UNAVAILABLE","","UNAVAILABLE","","","","UNAVAILABLE","","UNAVAILABLE","","UNAVAILABLE","","UNAVAILABLE","","UNAVAILABLE","","UNAVAILABLE","","UNAVAILABLE","","","","UNAVAILABLE","","UNAVAILABLE","","UNAVAILABLE","","UNAVAILABLE","","UNAVAILABLE","","UNAVAILABLE","","UNAVAILABLE","","","","","","","","","","","","","","","","2026.06.01 00:00:00","","","","","","","","","","","","","","","0","PREVIOUS_WEEKDAY_MISSING"
"2026.06.03","Wednesday","EURUSD","-3","INCOMPLETE_SETUP_M1","UNKNOWN","","false","false","480","0","480","480","0","","","","","","","","false","240","0","240","240","0","","","","","","","","","","","2026.06.03 08:00:00","","","","","","","","","UNAVAILABLE","","","","","false","360","0","360","360","0","","","","","","","","","","","","","","","","","","","","","","","","","","","","","","","","","","","","UNAVAILABLE","","UNAVAILABLE","","UNAVAILABLE","","UNAVAILABLE","","UNAVAILABLE","","UNAVAILABLE","","UNAVAILABLE","","","","UNAVAILABLE","","UNAVAILABLE","","UNAVAILABLE","","UNAVAILABLE","","UNAVAILABLE","","UNAVAILABLE","","UNAVAILABLE","","","","UNAVAILABLE","","UNAVAILABLE","","UNAVAILABLE","","UNAVAILABLE","","UNAVAILABLE","","UNAVAILABLE","","UNAVAILABLE","","","","","","","","","","","","","","","","","","","","","","","","","","","","","UNAVAILABLE","","UNAVAILABLE","","UNAVAILABLE","","UNAVAILABLE","","UNAVAILABLE","","UNAVAILABLE","","UNAVAILABLE","","","","UNAVAILABLE","","UNAVAILABLE","","UNAVAILABLE","","UNAVAILABLE","","UNAVAILABLE","","UNAVAILABLE","","UNAVAILABLE","","","","UNAVAILABLE","","UNAVAILABLE","","UNAVAILABLE","","UNAVAILABLE","","UNAVAILABLE","","UNAVAILABLE","","UNAVAILABLE","","","","","","","","","","","","","","","","2026.06.02 00:00:00","","","","","","","","","","","","","","","0","PREVIOUS_WEEKDAY_MISSING"
"2026.06.04","Thursday","EURUSD","-3","INCOMPLETE_SETUP_M1","UNKNOWN","","false","false","480","0","480","480","0","","","","","","","","false","240","0","240","240","0","","","","","","","","","","","2026.06.04 08:00:00","","","","","","","","","UNAVAILABLE","","","","","false","360","0","360","360","0","","","","","","","","","","","","","","","","","","","","","","","","","","","","","","","","","","","","UNAVAILABLE","","UNAVAILABLE","","UNAVAILABLE","","UNAVAILABLE","","UNAVAILABLE","","UNAVAILABLE","","UNAVAILABLE","","","","UNAVAILABLE","","UNAVAILABLE","","UNAVAILABLE","","UNAVAILABLE","","UNAVAILABLE","","UNAVAILABLE","","UNAVAILABLE","","","","UNAVAILABLE","","UNAVAILABLE","","UNAVAILABLE","","UNAVAILABLE","","UNAVAILABLE","","UNAVAILABLE","","UNAVAILABLE","","","","","","","","","","","","","","","","","","","","","","","","","","","","","UNAVAILABLE","","UNAVAILABLE","","UNAVAILABLE","","UNAVAILABLE","","UNAVAILABLE","","UNAVAILABLE","","UNAVAILABLE","","","","UNAVAILABLE","","UNAVAILABLE","","UNAVAILABLE","","UNAVAILABLE","","UNAVAILABLE","","UNAVAILABLE","","UNAVAILABLE","","","","UNAVAILABLE","","UNAVAILABLE","","UNAVAILABLE","","UNAVAILABLE","","UNAVAILABLE","","UNAVAILABLE","","UNAVAILABLE","","","","","","","","","","","","","","","","2026.06.03 00:00:00","","","","","","","","","","","","","","","0","PREVIOUS_WEEKDAY_MISSING"
"2026.06.05","Friday","EURUSD","-3","INCOMPLETE_SETUP_M1","UNKNOWN","","false","false","480","0","480","480","0","","","","","","","","false","240","0","240","240","0","","","","","","","","","","","2026.06.05 08:00:00","","","","","","","","","UNAVAILABLE","","","","","false","360","0","360","360","0","","","","","","","","","","","","","","","","","","","","","","","","","","","","","","","","","","","","UNAVAILABLE","","UNAVAILABLE","","UNAVAILABLE","","UNAVAILABLE","","UNAVAILABLE","","UNAVAILABLE","","UNAVAILABLE","","","","UNAVAILABLE","","UNAVAILABLE","","UNAVAILABLE","","UNAVAILABLE","","UNAVAILABLE","","UNAVAILABLE","","UNAVAILABLE","","","","UNAVAILABLE","","UNAVAILABLE","","UNAVAILABLE","","UNAVAILABLE","","UNAVAILABLE","","UNAVAILABLE","","UNAVAILABLE","","","","","","","","","","","","","","","","","","","","","","","","","","","","","UNAVAILABLE","","UNAVAILABLE","","UNAVAILABLE","","UNAVAILABLE","","UNAVAILABLE","","UNAVAILABLE","","UNAVAILABLE","","","","UNAVAILABLE","","UNAVAILABLE","","UNAVAILABLE","","UNAVAILABLE","","UNAVAILABLE","","UNAVAILABLE","","UNAVAILABLE","","","","UNAVAILABLE","","UNAVAILABLE","","UNAVAILABLE","","UNAVAILABLE","","UNAVAILABLE","","UNAVAILABLE","","UNAVAILABLE","","","","","","","","","","","","","","","","2026.06.04 00:00:00","","","","","","","","","","","","","","","0","PREVIOUS_WEEKDAY_MISSING"
"2026.06.06","Saturday","EURUSD","-3","WEEKEND","UNKNOWN","","false","false","0","0","0","0","0","","","","","","","","false","0","0","0","0","0","","","","","","","","","","","","","","","","","","","","UNAVAILABLE","","","","","false","0","0","0","0","0","","","","","","","","","","","","","","","","","","","","","","","","","","","","","","","","","","","","UNAVAILABLE","","UNAVAILABLE","","UNAVAILABLE","","UNAVAILABLE","","UNAVAILABLE","","UNAVAILABLE","","UNAVAILABLE","","","","UNAVAILABLE","","UNAVAILABLE","","UNAVAILABLE","","UNAVAILABLE","","UNAVAILABLE","","UNAVAILABLE","","UNAVAILABLE","","","","UNAVAILABLE","","UNAVAILABLE","","UNAVAILABLE","","UNAVAILABLE","","UNAVAILABLE","","UNAVAILABLE","","UNAVAILABLE","","","","","","","","","","","","","","","","","","","","","","","","","","","","","UNAVAILABLE","","UNAVAILABLE","","UNAVAILABLE","","UNAVAILABLE","","UNAVAILABLE","","UNAVAILABLE","","UNAVAILABLE","","","","UNAVAILABLE","","UNAVAILABLE","","UNAVAILABLE","","UNAVAILABLE","","UNAVAILABLE","","UNAVAILABLE","","UNAVAILABLE","","","","UNAVAILABLE","","UNAVAILABLE","","UNAVAILABLE","","UNAVAILABLE","","UNAVAILABLE","","UNAVAILABLE","","UNAVAILABLE","","","","","","","","","","","","","","","","2026.06.05 00:00:00","","","","","","","","","","","","","","","0","PREVIOUS_WEEKDAY_MISSING"
"2026.06.07","Sunday","EURUSD","-3","WEEKEND","UNKNOWN","","false","false","0","0","0","0","0","","","","","","","","false","0","0","0","0","0","","","","","","","","","","","","","","","","","","","","UNAVAILABLE","","","","","false","0","0","0","0","0","","","","","","","","","","","","","","","","","","","","","","","","","","","","","","","","","","","","UNAVAILABLE","","UNAVAILABLE","","UNAVAILABLE","","UNAVAILABLE","","UNAVAILABLE","","UNAVAILABLE","","UNAVAILABLE","","","","UNAVAILABLE","","UNAVAILABLE","","UNAVAILABLE","","UNAVAILABLE","","UNAVAILABLE","","UNAVAILABLE","","UNAVAILABLE","","","","UNAVAILABLE","","UNAVAILABLE","","UNAVAILABLE","","UNAVAILABLE","","UNAVAILABLE","","UNAVAILABLE","","UNAVAILABLE","","","","","","","","","","","","","","","","","","","","","","","","","","","","","UNAVAILABLE","","UNAVAILABLE","","UNAVAILABLE","","UNAVAILABLE","","UNAVAILABLE","","UNAVAILABLE","","UNAVAILABLE","","","","UNAVAILABLE","","UNAVAILABLE","","UNAVAILABLE","","UNAVAILABLE","","UNAVAILABLE","","UNAVAILABLE","","UNAVAILABLE","","","","UNAVAILABLE","","UNAVAILABLE","","UNAVAILABLE","","UNAVAILABLE","","UNAVAILABLE","","UNAVAILABLE","","UNAVAILABLE","","","","","","","","","","","","","","","","2026.06.05 00:00:00","","","","","","","","","","","","","","","0","PREVIOUS_WEEKDAY_MISSING"
"2026.06.08","Monday","EURUSD","-3","INCOMPLETE_SETUP_M1","UNKNOWN","","false","false","480","0","480","480","0","","","","","","","","false","240","0","240","240","0","","","","","","","","","","","2026.06.08 08:00:00","","","","","","","","","UNAVAILABLE","","","","","false","360","0","360","360","0","","","","","","","","","","","","","","","","","","","","","","","","","","","","","","","","","","","","UNAVAILABLE","","UNAVAILABLE","","UNAVAILABLE","","UNAVAILABLE","","UNAVAILABLE","","UNAVAILABLE","","UNAVAILABLE","","","","UNAVAILABLE","","UNAVAILABLE","","UNAVAILABLE","","UNAVAILABLE","","UNAVAILABLE","","UNAVAILABLE","","UNAVAILABLE","","","","UNAVAILABLE","","UNAVAILABLE","","UNAVAILABLE","","UNAVAILABLE","","UNAVAILABLE","","UNAVAILABLE","","UNAVAILABLE","","","","","","","","","","","","","","","","","","","","","","","","","","","","","UNAVAILABLE","","UNAVAILABLE","","UNAVAILABLE","","UNAVAILABLE","","UNAVAILABLE","","UNAVAILABLE","","UNAVAILABLE","","","","UNAVAILABLE","","UNAVAILABLE","","UNAVAILABLE","","UNAVAILABLE","","UNAVAILABLE","","UNAVAILABLE","","UNAVAILABLE","","","","UNAVAILABLE","","UNAVAILABLE","","UNAVAILABLE","","UNAVAILABLE","","UNAVAILABLE","","UNAVAILABLE","","UNAVAILABLE","","","","","","","","","","","","","","","","2026.06.05 00:00:00","","","","","","","","","","","","","","","0","PREVIOUS_WEEKDAY_MISSING"
"2026.06.09","Tuesday","EURUSD","-3","INCOMPLETE_SETUP_M1","UNKNOWN","","false","false","480","0","480","480","0","","","","","","","","false","240","0","240","240","0","","","","","","","","","","","2026.06.09 08:00:00","","","","","","","","","UNAVAILABLE","","","","","false","360","0","360","360","0","","","","","","","","","","","","","","","","","","","","","","","","","","","","","","","","","","","","UNAVAILABLE","","UNAVAILABLE","","UNAVAILABLE","","UNAVAILABLE","","UNAVAILABLE","","UNAVAILABLE","","UNAVAILABLE","","","","UNAVAILABLE","","UNAVAILABLE","","UNAVAILABLE","","UNAVAILABLE","","UNAVAILABLE","","UNAVAILABLE","","UNAVAILABLE","","","","UNAVAILABLE","","UNAVAILABLE","","UNAVAILABLE","","UNAVAILABLE","","UNAVAILABLE","","UNAVAILABLE","","UNAVAILABLE","","","","","","","","","","","","","","","","","","","","","","","","","","","","","UNAVAILABLE","","UNAVAILABLE","","UNAVAILABLE","","UNAVAILABLE","","UNAVAILABLE","","UNAVAILABLE","","UNAVAILABLE","","","","UNAVAILABLE","","UNAVAILABLE","","UNAVAILABLE","","UNAVAILABLE","","UNAVAILABLE","","UNAVAILABLE","","UNAVAILABLE","","","","UNAVAILABLE","","UNAVAILABLE","","UNAVAILABLE","","UNAVAILABLE","","UNAVAILABLE","","UNAVAILABLE","","UNAVAILABLE","","","","","","","","","","","","","","","","2026.06.08 00:00:00","","","","","","","","","","","","","","","0","PREVIOUS_WEEKDAY_MISSING"
"2026.06.10","Wednesday","EURUSD","-3","INCOMPLETE_SETUP_M1","UNKNOWN","","false","false","480","0","480","480","0","","","","","","","","false","240","0","240","240","0","","","","","","","","","","","2026.06.10 08:00:00","","","","","","","","","UNAVAILABLE","","","","","false","360","0","360","360","0","","","","","","","","","","","","","","","","","","","","","","","","","","","","","","","","","","","","UNAVAILABLE","","UNAVAILABLE","","UNAVAILABLE","","UNAVAILABLE","","UNAVAILABLE","","UNAVAILABLE","","UNAVAILABLE","","","","UNAVAILABLE","","UNAVAILABLE","","UNAVAILABLE","","UNAVAILABLE","","UNAVAILABLE","","UNAVAILABLE","","UNAVAILABLE","","","","UNAVAILABLE","","UNAVAILABLE","","UNAVAILABLE","","UNAVAILABLE","","UNAVAILABLE","","UNAVAILABLE","","UNAVAILABLE","","","","","","","","","","","","","","","","","","","","","","","","","","","","","UNAVAILABLE","","UNAVAILABLE","","UNAVAILABLE","","UNAVAILABLE","","UNAVAILABLE","","UNAVAILABLE","","UNAVAILABLE","","","","UNAVAILABLE","","UNAVAILABLE","","UNAVAILABLE","","UNAVAILABLE","","UNAVAILABLE","","UNAVAILABLE","","UNAVAILABLE","","","","UNAVAILABLE","","UNAVAILABLE","","UNAVAILABLE","","UNAVAILABLE","","UNAVAILABLE","","UNAVAILABLE","","UNAVAILABLE","","","","","","","","","","","","","","","","2026.06.09 00:00:00","","","","","","","","","","","","","","","0","PREVIOUS_WEEKDAY_MISSING"
"2026.06.11","Thursday","EURUSD","-3","INCOMPLETE_SETUP_M1","UNKNOWN","","false","false","480","0","480","480","0","","","","","","","","false","240","0","240","240","0","","","","","","","","","","","2026.06.11 08:00:00","","","","","","","","","UNAVAILABLE","","","","","false","360","0","360","360","0","","","","","","","","","","","","","","","","","","","","","","","","","","","","","","","","","","","","UNAVAILABLE","","UNAVAILABLE","","UNAVAILABLE","","UNAVAILABLE","","UNAVAILABLE","","UNAVAILABLE","","UNAVAILABLE","","","","UNAVAILABLE","","UNAVAILABLE","","UNAVAILABLE","","UNAVAILABLE","","UNAVAILABLE","","UNAVAILABLE","","UNAVAILABLE","","","","UNAVAILABLE","","UNAVAILABLE","","UNAVAILABLE","","UNAVAILABLE","","UNAVAILABLE","","UNAVAILABLE","","UNAVAILABLE","","","","","","","","","","","","","","","","","","","","","","","","","","","","","UNAVAILABLE","","UNAVAILABLE","","UNAVAILABLE","","UNAVAILABLE","","UNAVAILABLE","","UNAVAILABLE","","UNAVAILABLE","","","","UNAVAILABLE","","UNAVAILABLE","","UNAVAILABLE","","UNAVAILABLE","","UNAVAILABLE","","UNAVAILABLE","","UNAVAILABLE","","","","UNAVAILABLE","","UNAVAILABLE","","UNAVAILABLE","","UNAVAILABLE","","UNAVAILABLE","","UNAVAILABLE","","UNAVAILABLE","","","","","","","","","","","","","","","","2026.06.10 00:00:00","","","","","","","","","","","","","","","0","PREVIOUS_WEEKDAY_MISSING"
"2026.06.12","Friday","EURUSD","-3","INCOMPLETE_SETUP_M1","UNKNOWN","","false","false","480","0","480","480","0","","","","","","","","false","240","0","240","240","0","","","","","","","","","","","2026.06.12 08:00:00","","","","","","","","","UNAVAILABLE","","","","","false","360","0","360","360","0","","","","","","","","","","","","","","","","","","","","","","","","","","","","","","","","","","","","UNAVAILABLE","","UNAVAILABLE","","UNAVAILABLE","","UNAVAILABLE","","UNAVAILABLE","","UNAVAILABLE","","UNAVAILABLE","","","","UNAVAILABLE","","UNAVAILABLE","","UNAVAILABLE","","UNAVAILABLE","","UNAVAILABLE","","UNAVAILABLE","","UNAVAILABLE","","","","UNAVAILABLE","","UNAVAILABLE","","UNAVAILABLE","","UNAVAILABLE","","UNAVAILABLE","","UNAVAILABLE","","UNAVAILABLE","","","","","","","","","","","","","","","","","","","","","","","","","","","","","UNAVAILABLE","","UNAVAILABLE","","UNAVAILABLE","","UNAVAILABLE","","UNAVAILABLE","","UNAVAILABLE","","UNAVAILABLE","","","","UNAVAILABLE","","UNAVAILABLE","","UNAVAILABLE","","UNAVAILABLE","","UNAVAILABLE","","UNAVAILABLE","","UNAVAILABLE","","","","UNAVAILABLE","","UNAVAILABLE","","UNAVAILABLE","","UNAVAILABLE","","UNAVAILABLE","","UNAVAILABLE","","UNAVAILABLE","","","","","","","","","","","","","","","","2026.06.11 00:00:00","","","","","","","","","","","","","","","0","PREVIOUS_WEEKDAY_MISSING"
"2026.06.13","Saturday","EURUSD","-3","WEEKEND","UNKNOWN","","false","false","0","0","0","0","0","","","","","","","","false","0","0","0","0","0","","","","","","","","","","","","","","","","","","","","UNAVAILABLE","","","","","false","0","0","0","0","0","","","","","","","","","","","","","","","","","","","","","","","","","","","","","","","","","","","","UNAVAILABLE","","UNAVAILABLE","","UNAVAILABLE","","UNAVAILABLE","","UNAVAILABLE","","UNAVAILABLE","","UNAVAILABLE","","","","UNAVAILABLE","","UNAVAILABLE","","UNAVAILABLE","","UNAVAILABLE","","UNAVAILABLE","","UNAVAILABLE","","UNAVAILABLE","","","","UNAVAILABLE","","UNAVAILABLE","","UNAVAILABLE","","UNAVAILABLE","","UNAVAILABLE","","UNAVAILABLE","","UNAVAILABLE","","","","","","","","","","","","","","","","","","","","","","","","","","","","","UNAVAILABLE","","UNAVAILABLE","","UNAVAILABLE","","UNAVAILABLE","","UNAVAILABLE","","UNAVAILABLE","","UNAVAILABLE","","","","UNAVAILABLE","","UNAVAILABLE","","UNAVAILABLE","","UNAVAILABLE","","UNAVAILABLE","","UNAVAILABLE","","UNAVAILABLE","","","","UNAVAILABLE","","UNAVAILABLE","","UNAVAILABLE","","UNAVAILABLE","","UNAVAILABLE","","UNAVAILABLE","","UNAVAILABLE","","","","","","","","","","","","","","","","2026.06.12 00:00:00","","","","","","","","","","","","","","","0","PREVIOUS_WEEKDAY_MISSING"
"2026.06.14","Sunday","EURUSD","-3","WEEKEND","UNKNOWN","","false","false","0","0","0","0","0","","","","","","","","false","0","0","0","0","0","","","","","","","","","","","","","","","","","","","","UNAVAILABLE","","","","","false","0","0","0","0","0","","","","","","","","","","","","","","","","","","","","","","","","","","","","","","","","","","","","UNAVAILABLE","","UNAVAILABLE","","UNAVAILABLE","","UNAVAILABLE","","UNAVAILABLE","","UNAVAILABLE","","UNAVAILABLE","","","","UNAVAILABLE","","UNAVAILABLE","","UNAVAILABLE","","UNAVAILABLE","","UNAVAILABLE","","UNAVAILABLE","","UNAVAILABLE","","","","UNAVAILABLE","","UNAVAILABLE","","UNAVAILABLE","","UNAVAILABLE","","UNAVAILABLE","","UNAVAILABLE","","UNAVAILABLE","","","","","","","","","","","","","","","","","","","","","","","","","","","","","UNAVAILABLE","","UNAVAILABLE","","UNAVAILABLE","","UNAVAILABLE","","UNAVAILABLE","","UNAVAILABLE","","UNAVAILABLE","","","","UNAVAILABLE","","UNAVAILABLE","","UNAVAILABLE","","UNAVAILABLE","","UNAVAILABLE","","UNAVAILABLE","","UNAVAILABLE","","","","UNAVAILABLE","","UNAVAILABLE","","UNAVAILABLE","","UNAVAILABLE","","UNAVAILABLE","","UNAVAILABLE","","UNAVAILABLE","","","","","","","","","","","","","","","","2026.06.12 00:00:00","","","","","","","","","","","","","","","0","PREVIOUS_WEEKDAY_MISSING"
"2026.06.15","Monday","EURUSD","-3","INCOMPLETE_SETUP_M1","UNKNOWN","","false","false","480","0","480","480","0","","","","","","","","false","240","0","240","240","0","","","","","","","","","","","2026.06.15 08:00:00","","","","","","","","","UNAVAILABLE","","","","","false","360","0","360","360","0","","","","","","","","","","","","","","","","","","","","","","","","","","","","","","","","","","","","UNAVAILABLE","","UNAVAILABLE","","UNAVAILABLE","","UNAVAILABLE","","UNAVAILABLE","","UNAVAILABLE","","UNAVAILABLE","","","","UNAVAILABLE","","UNAVAILABLE","","UNAVAILABLE","","UNAVAILABLE","","UNAVAILABLE","","UNAVAILABLE","","UNAVAILABLE","","","","UNAVAILABLE","","UNAVAILABLE","","UNAVAILABLE","","UNAVAILABLE","","UNAVAILABLE","","UNAVAILABLE","","UNAVAILABLE","","","","","","","","","","","","","","","","","","","","","","","","","","","","","UNAVAILABLE","","UNAVAILABLE","","UNAVAILABLE","","UNAVAILABLE","","UNAVAILABLE","","UNAVAILABLE","","UNAVAILABLE","","","","UNAVAILABLE","","UNAVAILABLE","","UNAVAILABLE","","UNAVAILABLE","","UNAVAILABLE","","UNAVAILABLE","","UNAVAILABLE","","","","UNAVAILABLE","","UNAVAILABLE","","UNAVAILABLE","","UNAVAILABLE","","UNAVAILABLE","","UNAVAILABLE","","UNAVAILABLE","","","","","","","","","","","","","","","","2026.06.12 00:00:00","","","","","","","","","","","","","","","0","PREVIOUS_WEEKDAY_MISSING"
"2026.06.16","Tuesday","EURUSD","-3","INCOMPLETE_SETUP_M1","UNKNOWN","","false","false","480","0","480","480","0","","","","","","","","false","240","0","240","240","0","","","","","","","","","","","2026.06.16 08:00:00","","","","","","","","","UNAVAILABLE","","","","","false","360","0","360","360","0","","","","","","","","","","","","","","","","","","","","","","","","","","","","","","","","","","","","UNAVAILABLE","","UNAVAILABLE","","UNAVAILABLE","","UNAVAILABLE","","UNAVAILABLE","","UNAVAILABLE","","UNAVAILABLE","","","","UNAVAILABLE","","UNAVAILABLE","","UNAVAILABLE","","UNAVAILABLE","","UNAVAILABLE","","UNAVAILABLE","","UNAVAILABLE","","","","UNAVAILABLE","","UNAVAILABLE","","UNAVAILABLE","","UNAVAILABLE","","UNAVAILABLE","","UNAVAILABLE","","UNAVAILABLE","","","","","","","","","","","","","","","","","","","","","","","","","","","","","UNAVAILABLE","","UNAVAILABLE","","UNAVAILABLE","","UNAVAILABLE","","UNAVAILABLE","","UNAVAILABLE","","UNAVAILABLE","","","","UNAVAILABLE","","UNAVAILABLE","","UNAVAILABLE","","UNAVAILABLE","","UNAVAILABLE","","UNAVAILABLE","","UNAVAILABLE","","","","UNAVAILABLE","","UNAVAILABLE","","UNAVAILABLE","","UNAVAILABLE","","UNAVAILABLE","","UNAVAILABLE","","UNAVAILABLE","","","","","","","","","","","","","","","","2026.06.15 00:00:00","","","","","","","","","","","","","","","0","PREVIOUS_WEEKDAY_MISSING"
"2026.06.17","Wednesday","EURUSD","-3","INCOMPLETE_SETUP_M1","UNKNOWN","","false","false","480","0","480","480","0","","","","","","","","false","240","0","240","240","0","","","","","","","","","","","2026.06.17 08:00:00","","","","","","","","","UNAVAILABLE","","","","","false","360","0","360","360","0","","","","","","","","","","","","","","","","","","","","","","","","","","","","","","","","","","","","UNAVAILABLE","","UNAVAILABLE","","UNAVAILABLE","","UNAVAILABLE","","UNAVAILABLE","","UNAVAILABLE","","UNAVAILABLE","","","","UNAVAILABLE","","UNAVAILABLE","","UNAVAILABLE","","UNAVAILABLE","","UNAVAILABLE","","UNAVAILABLE","","UNAVAILABLE","","","","UNAVAILABLE","","UNAVAILABLE","","UNAVAILABLE","","UNAVAILABLE","","UNAVAILABLE","","UNAVAILABLE","","UNAVAILABLE","","","","","","","","","","","","","","","","","","","","","","","","","","","","","UNAVAILABLE","","UNAVAILABLE","","UNAVAILABLE","","UNAVAILABLE","","UNAVAILABLE","","UNAVAILABLE","","UNAVAILABLE","","","","UNAVAILABLE","","UNAVAILABLE","","UNAVAILABLE","","UNAVAILABLE","","UNAVAILABLE","","UNAVAILABLE","","UNAVAILABLE","","","","UNAVAILABLE","","UNAVAILABLE","","UNAVAILABLE","","UNAVAILABLE","","UNAVAILABLE","","UNAVAILABLE","","UNAVAILABLE","","","","","","","","","","","","","","","","2026.06.16 00:00:00","","","","","","","","","","","","","","","0","PREVIOUS_WEEKDAY_MISSING"
"2026.06.18","Thursday","EURUSD","-3","INCOMPLETE_SETUP_M1","UNKNOWN","","false","false","480","0","480","480","0","","","","","","","","false","240","0","240","240","0","","","","","","","","","","","2026.06.18 08:00:00","","","","","","","","","UNAVAILABLE","","","","","false","360","0","360","360","0","","","","","","","","","","","","","","","","","","","","","","","","","","","","","","","","","","","","UNAVAILABLE","","UNAVAILABLE","","UNAVAILABLE","","UNAVAILABLE","","UNAVAILABLE","","UNAVAILABLE","","UNAVAILABLE","","","","UNAVAILABLE","","UNAVAILABLE","","UNAVAILABLE","","UNAVAILABLE","","UNAVAILABLE","","UNAVAILABLE","","UNAVAILABLE","","","","UNAVAILABLE","","UNAVAILABLE","","UNAVAILABLE","","UNAVAILABLE","","UNAVAILABLE","","UNAVAILABLE","","UNAVAILABLE","","","","","","","","","","","","","","","","","","","","","","","","","","","","","UNAVAILABLE","","UNAVAILABLE","","UNAVAILABLE","","UNAVAILABLE","","UNAVAILABLE","","UNAVAILABLE","","UNAVAILABLE","","","","UNAVAILABLE","","UNAVAILABLE","","UNAVAILABLE","","UNAVAILABLE","","UNAVAILABLE","","UNAVAILABLE","","UNAVAILABLE","","","","UNAVAILABLE","","UNAVAILABLE","","UNAVAILABLE","","UNAVAILABLE","","UNAVAILABLE","","UNAVAILABLE","","UNAVAILABLE","","","","","","","","","","","","","","","","2026.06.17 00:00:00","","","","","","","","","","","","","","","0","PREVIOUS_WEEKDAY_MISSING"
"2026.06.19","Friday","EURUSD","-3","INCOMPLETE_SETUP_M1","UNKNOWN","","false","false","480","0","480","480","0","","","","","","","","false","240","0","240","240","0","","","","","","","","","","","2026.06.19 08:00:00","","","","","","","","","UNAVAILABLE","","","","","false","360","0","360","360","0","","","","","","","","","","","","","","","","","","","","","","","","","","","","","","","","","","","","UNAVAILABLE","","UNAVAILABLE","","UNAVAILABLE","","UNAVAILABLE","","UNAVAILABLE","","UNAVAILABLE","","UNAVAILABLE","","","","UNAVAILABLE","","UNAVAILABLE","","UNAVAILABLE","","UNAVAILABLE","","UNAVAILABLE","","UNAVAILABLE","","UNAVAILABLE","","","","UNAVAILABLE","","UNAVAILABLE","","UNAVAILABLE","","UNAVAILABLE","","UNAVAILABLE","","UNAVAILABLE","","UNAVAILABLE","","","","","","","","","","","","","","","","","","","","","","","","","","","","","UNAVAILABLE","","UNAVAILABLE","","UNAVAILABLE","","UNAVAILABLE","","UNAVAILABLE","","UNAVAILABLE","","UNAVAILABLE","","","","UNAVAILABLE","","UNAVAILABLE","","UNAVAILABLE","","UNAVAILABLE","","UNAVAILABLE","","UNAVAILABLE","","UNAVAILABLE","","","","UNAVAILABLE","","UNAVAILABLE","","UNAVAILABLE","","UNAVAILABLE","","UNAVAILABLE","","UNAVAILABLE","","UNAVAILABLE","","","","","","","","","","","","","","","","2026.06.18 00:00:00","","","","","","","","","","","","","","","0","PREVIOUS_WEEKDAY_MISSING"
"2026.06.20","Saturday","EURUSD","-3","WEEKEND","UNKNOWN","","false","false","0","0","0","0","0","","","","","","","","false","0","0","0","0","0","","","","","","","","","","","","","","","","","","","","UNAVAILABLE","","","","","false","0","0","0","0","0","","","","","","","","","","","","","","","","","","","","","","","","","","","","","","","","","","","","UNAVAILABLE","","UNAVAILABLE","","UNAVAILABLE","","UNAVAILABLE","","UNAVAILABLE","","UNAVAILABLE","","UNAVAILABLE","","","","UNAVAILABLE","","UNAVAILABLE","","UNAVAILABLE","","UNAVAILABLE","","UNAVAILABLE","","UNAVAILABLE","","UNAVAILABLE","","","","UNAVAILABLE","","UNAVAILABLE","","UNAVAILABLE","","UNAVAILABLE","","UNAVAILABLE","","UNAVAILABLE","","UNAVAILABLE","","","","","","","","","","","","","","","","","","","","","","","","","","","","","UNAVAILABLE","","UNAVAILABLE","","UNAVAILABLE","","UNAVAILABLE","","UNAVAILABLE","","UNAVAILABLE","","UNAVAILABLE","","","","UNAVAILABLE","","UNAVAILABLE","","UNAVAILABLE","","UNAVAILABLE","","UNAVAILABLE","","UNAVAILABLE","","UNAVAILABLE","","","","UNAVAILABLE","","UNAVAILABLE","","UNAVAILABLE","","UNAVAILABLE","","UNAVAILABLE","","UNAVAILABLE","","UNAVAILABLE","","","","","","","","","","","","","","","","2026.06.19 00:00:00","","","","","","","","","","","","","","","0","PREVIOUS_WEEKDAY_MISSING"
"2026.06.21","Sunday","EURUSD","-3","WEEKEND","UNKNOWN","","false","false","0","0","0","0","0","","","","","","","","false","0","0","0","0","0","","","","","","","","","","","","","","","","","","","","UNAVAILABLE","","","","","false","0","0","0","0","0","","","","","","","","","","","","","","","","","","","","","","","","","","","","","","","","","","","","UNAVAILABLE","","UNAVAILABLE","","UNAVAILABLE","","UNAVAILABLE","","UNAVAILABLE","","UNAVAILABLE","","UNAVAILABLE","","","","UNAVAILABLE","","UNAVAILABLE","","UNAVAILABLE","","UNAVAILABLE","","UNAVAILABLE","","UNAVAILABLE","","UNAVAILABLE","","","","UNAVAILABLE","","UNAVAILABLE","","UNAVAILABLE","","UNAVAILABLE","","UNAVAILABLE","","UNAVAILABLE","","UNAVAILABLE","","","","","","","","","","","","","","","","","","","","","","","","","","","","","UNAVAILABLE","","UNAVAILABLE","","UNAVAILABLE","","UNAVAILABLE","","UNAVAILABLE","","UNAVAILABLE","","UNAVAILABLE","","","","UNAVAILABLE","","UNAVAILABLE","","UNAVAILABLE","","UNAVAILABLE","","UNAVAILABLE","","UNAVAILABLE","","UNAVAILABLE","","","","UNAVAILABLE","","UNAVAILABLE","","UNAVAILABLE","","UNAVAILABLE","","UNAVAILABLE","","UNAVAILABLE","","UNAVAILABLE","","","","","","","","","","","","","","","","2026.06.19 00:00:00","","","","","","","","","","","","","","","0","PREVIOUS_WEEKDAY_MISSING"
"2026.06.22","Monday","EURUSD","-3","INCOMPLETE_SETUP_M1","UNKNOWN","","false","false","480","0","480","480","0","","","","","","","","false","240","0","240","240","0","","","","","","","","","","","2026.06.22 08:00:00","","","","","","","","","UNAVAILABLE","","","","","false","360","0","360","360","0","","","","","","","","","","","","","","","","","","","","","","","","","","","","","","","","","","","","UNAVAILABLE","","UNAVAILABLE","","UNAVAILABLE","","UNAVAILABLE","","UNAVAILABLE","","UNAVAILABLE","","UNAVAILABLE","","","","UNAVAILABLE","","UNAVAILABLE","","UNAVAILABLE","","UNAVAILABLE","","UNAVAILABLE","","UNAVAILABLE","","UNAVAILABLE","","","","UNAVAILABLE","","UNAVAILABLE","","UNAVAILABLE","","UNAVAILABLE","","UNAVAILABLE","","UNAVAILABLE","","UNAVAILABLE","","","","","","","","","","","","","","","","","","","","","","","","","","","","","UNAVAILABLE","","UNAVAILABLE","","UNAVAILABLE","","UNAVAILABLE","","UNAVAILABLE","","UNAVAILABLE","","UNAVAILABLE","","","","UNAVAILABLE","","UNAVAILABLE","","UNAVAILABLE","","UNAVAILABLE","","UNAVAILABLE","","UNAVAILABLE","","UNAVAILABLE","","","","UNAVAILABLE","","UNAVAILABLE","","UNAVAILABLE","","UNAVAILABLE","","UNAVAILABLE","","UNAVAILABLE","","UNAVAILABLE","","","","","","","","","","","","","","","","2026.06.19 00:00:00","","","","","","","","","","","","","","","0","PREVIOUS_WEEKDAY_MISSING"
"2026.06.23","Tuesday","EURUSD","-3","INCOMPLETE_SETUP_M1","UNKNOWN","","false","false","480","0","480","480","0","","","","","","","","false","240","0","240","240","0","","","","","","","","","","","2026.06.23 08:00:00","","","","","","","","","UNAVAILABLE","","","","","false","360","0","360","360","0","","","","","","","","","","","","","","","","","","","","","","","","","","","","","","","","","","","","UNAVAILABLE","","UNAVAILABLE","","UNAVAILABLE","","UNAVAILABLE","","UNAVAILABLE","","UNAVAILABLE","","UNAVAILABLE","","","","UNAVAILABLE","","UNAVAILABLE","","UNAVAILABLE","","UNAVAILABLE","","UNAVAILABLE","","UNAVAILABLE","","UNAVAILABLE","","","","UNAVAILABLE","","UNAVAILABLE","","UNAVAILABLE","","UNAVAILABLE","","UNAVAILABLE","","UNAVAILABLE","","UNAVAILABLE","","","","","","","","","","","","","","","","","","","","","","","","","","","","","UNAVAILABLE","","UNAVAILABLE","","UNAVAILABLE","","UNAVAILABLE","","UNAVAILABLE","","UNAVAILABLE","","UNAVAILABLE","","","","UNAVAILABLE","","UNAVAILABLE","","UNAVAILABLE","","UNAVAILABLE","","UNAVAILABLE","","UNAVAILABLE","","UNAVAILABLE","","","","UNAVAILABLE","","UNAVAILABLE","","UNAVAILABLE","","UNAVAILABLE","","UNAVAILABLE","","UNAVAILABLE","","UNAVAILABLE","","","","","","","","","","","","","","","","2026.06.22 00:00:00","","","","","","","","","","","","","","","0","PREVIOUS_WEEKDAY_MISSING"
"2026.06.24","Wednesday","EURUSD","-3","INCOMPLETE_SETUP_M1","UNKNOWN","","false","false","480","0","480","480","0","","","","","","","","false","240","0","240","240","0","","","","","","","","","","","2026.06.24 08:00:00","","","","","","","","","UNAVAILABLE","","","","","false","360","0","360","360","0","","","","","","","","","","","","","","","","","","","","","","","","","","","","","","","","","","","","UNAVAILABLE","","UNAVAILABLE","","UNAVAILABLE","","UNAVAILABLE","","UNAVAILABLE","","UNAVAILABLE","","UNAVAILABLE","","","","UNAVAILABLE","","UNAVAILABLE","","UNAVAILABLE","","UNAVAILABLE","","UNAVAILABLE","","UNAVAILABLE","","UNAVAILABLE","","","","UNAVAILABLE","","UNAVAILABLE","","UNAVAILABLE","","UNAVAILABLE","","UNAVAILABLE","","UNAVAILABLE","","UNAVAILABLE","","","","","","","","","","","","","","","","","","","","","","","","","","","","","UNAVAILABLE","","UNAVAILABLE","","UNAVAILABLE","","UNAVAILABLE","","UNAVAILABLE","","UNAVAILABLE","","UNAVAILABLE","","","","UNAVAILABLE","","UNAVAILABLE","","UNAVAILABLE","","UNAVAILABLE","","UNAVAILABLE","","UNAVAILABLE","","UNAVAILABLE","","","","UNAVAILABLE","","UNAVAILABLE","","UNAVAILABLE","","UNAVAILABLE","","UNAVAILABLE","","UNAVAILABLE","","UNAVAILABLE","","","","","","","","","","","","","","","","2026.06.23 00:00:00","","","","","","","","","","","","","","","0","PREVIOUS_WEEKDAY_MISSING"
"2026.06.25","Thursday","EURUSD","-3","INCOMPLETE_SETUP_M1","UNKNOWN","","false","false","480","0","480","480","0","","","","","","","","false","240","0","240","240","0","","","","","","","","","","","2026.06.25 08:00:00","","","","","","","","","UNAVAILABLE","","","","","false","360","0","360","360","0","","","","","","","","","","","","","","","","","","","","","","","","","","","","","","","","","","","","UNAVAILABLE","","UNAVAILABLE","","UNAVAILABLE","","UNAVAILABLE","","UNAVAILABLE","","UNAVAILABLE","","UNAVAILABLE","","","","UNAVAILABLE","","UNAVAILABLE","","UNAVAILABLE","","UNAVAILABLE","","UNAVAILABLE","","UNAVAILABLE","","UNAVAILABLE","","","","UNAVAILABLE","","UNAVAILABLE","","UNAVAILABLE","","UNAVAILABLE","","UNAVAILABLE","","UNAVAILABLE","","UNAVAILABLE","","","","","","","","","","","","","","","","","","","","","","","","","","","","","UNAVAILABLE","","UNAVAILABLE","","UNAVAILABLE","","UNAVAILABLE","","UNAVAILABLE","","UNAVAILABLE","","UNAVAILABLE","","","","UNAVAILABLE","","UNAVAILABLE","","UNAVAILABLE","","UNAVAILABLE","","UNAVAILABLE","","UNAVAILABLE","","UNAVAILABLE","","","","UNAVAILABLE","","UNAVAILABLE","","UNAVAILABLE","","UNAVAILABLE","","UNAVAILABLE","","UNAVAILABLE","","UNAVAILABLE","","","","","","","","","","","","","","","","2026.06.24 00:00:00","","","","","","","","","","","","","","","0","PREVIOUS_WEEKDAY_MISSING"
"2026.06.26","Friday","EURUSD","-3","INCOMPLETE_SETUP_M1","UNKNOWN","","false","false","480","0","480","480","0","","","","","","","","false","240","0","240","240","0","","","","","","","","","","","2026.06.26 08:00:00","","","","","","","","","UNAVAILABLE","","","","","false","360","0","360","360","0","","","","","","","","","","","","","","","","","","","","","","","","","","","","","","","","","","","","UNAVAILABLE","","UNAVAILABLE","","UNAVAILABLE","","UNAVAILABLE","","UNAVAILABLE","","UNAVAILABLE","","UNAVAILABLE","","","","UNAVAILABLE","","UNAVAILABLE","","UNAVAILABLE","","UNAVAILABLE","","UNAVAILABLE","","UNAVAILABLE","","UNAVAILABLE","","","","UNAVAILABLE","","UNAVAILABLE","","UNAVAILABLE","","UNAVAILABLE","","UNAVAILABLE","","UNAVAILABLE","","UNAVAILABLE","","","","","","","","","","","","","","","","","","","","","","","","","","","","","UNAVAILABLE","","UNAVAILABLE","","UNAVAILABLE","","UNAVAILABLE","","UNAVAILABLE","","UNAVAILABLE","","UNAVAILABLE","","","","UNAVAILABLE","","UNAVAILABLE","","UNAVAILABLE","","UNAVAILABLE","","UNAVAILABLE","","UNAVAILABLE","","UNAVAILABLE","","","","UNAVAILABLE","","UNAVAILABLE","","UNAVAILABLE","","UNAVAILABLE","","UNAVAILABLE","","UNAVAILABLE","","UNAVAILABLE","","","","","","","","","","","","","","","","2026.06.25 00:00:00","","","","","","","","","","","","","","","0","PREVIOUS_WEEKDAY_MISSING"
"2026.06.27","Saturday","EURUSD","-3","WEEKEND","UNKNOWN","","false","false","0","0","0","0","0","","","","","","","","false","0","0","0","0","0","","","","","","","","","","","","","","","","","","","","UNAVAILABLE","","","","","false","0","0","0","0","0","","","","","","","","","","","","","","","","","","","","","","","","","","","","","","","","","","","","UNAVAILABLE","","UNAVAILABLE","","UNAVAILABLE","","UNAVAILABLE","","UNAVAILABLE","","UNAVAILABLE","","UNAVAILABLE","","","","UNAVAILABLE","","UNAVAILABLE","","UNAVAILABLE","","UNAVAILABLE","","UNAVAILABLE","","UNAVAILABLE","","UNAVAILABLE","","","","UNAVAILABLE","","UNAVAILABLE","","UNAVAILABLE","","UNAVAILABLE","","UNAVAILABLE","","UNAVAILABLE","","UNAVAILABLE","","","","","","","","","","","","","","","","","","","","","","","","","","","","","UNAVAILABLE","","UNAVAILABLE","","UNAVAILABLE","","UNAVAILABLE","","UNAVAILABLE","","UNAVAILABLE","","UNAVAILABLE","","","","UNAVAILABLE","","UNAVAILABLE","","UNAVAILABLE","","UNAVAILABLE","","UNAVAILABLE","","UNAVAILABLE","","UNAVAILABLE","","","","UNAVAILABLE","","UNAVAILABLE","","UNAVAILABLE","","UNAVAILABLE","","UNAVAILABLE","","UNAVAILABLE","","UNAVAILABLE","","","","","","","","","","","","","","","","2026.06.26 00:00:00","","","","","","","","","","","","","","","0","PREVIOUS_WEEKDAY_MISSING"
"2026.06.28","Sunday","EURUSD","-3","WEEKEND","UNKNOWN","","false","false","0","0","0","0","0","","","","","","","","false","0","0","0","0","0","","","","","","","","","","","","","","","","","","","","UNAVAILABLE","","","","","false","0","0","0","0","0","","","","","","","","","","","","","","","","","","","","","","","","","","","","","","","","","","","","UNAVAILABLE","","UNAVAILABLE","","UNAVAILABLE","","UNAVAILABLE","","UNAVAILABLE","","UNAVAILABLE","","UNAVAILABLE","","","","UNAVAILABLE","","UNAVAILABLE","","UNAVAILABLE","","UNAVAILABLE","","UNAVAILABLE","","UNAVAILABLE","","UNAVAILABLE","","","","UNAVAILABLE","","UNAVAILABLE","","UNAVAILABLE","","UNAVAILABLE","","UNAVAILABLE","","UNAVAILABLE","","UNAVAILABLE","","","","","","","","","","","","","","","","","","","","","","","","","","","","","UNAVAILABLE","","UNAVAILABLE","","UNAVAILABLE","","UNAVAILABLE","","UNAVAILABLE","","UNAVAILABLE","","UNAVAILABLE","","","","UNAVAILABLE","","UNAVAILABLE","","UNAVAILABLE","","UNAVAILABLE","","UNAVAILABLE","","UNAVAILABLE","","UNAVAILABLE","","","","UNAVAILABLE","","UNAVAILABLE","","UNAVAILABLE","","UNAVAILABLE","","UNAVAILABLE","","UNAVAILABLE","","UNAVAILABLE","","","","","","","","","","","","","","","","2026.06.26 00:00:00","","","","","","","","","","","","","","","0","PREVIOUS_WEEKDAY_MISSING"
"2026.06.29","Monday","EURUSD","-3","INCOMPLETE_SETUP_M1","UNKNOWN","","false","false","480","0","480","480","0","","","","","","","","false","240","0","240","240","0","","","","","","","","","","","2026.06.29 08:00:00","","","","","","","","","UNAVAILABLE","","","","","false","360","0","360","360","0","","","","","","","","","","","","","","","","","","","","","","","","","","","","","","","","","","","","UNAVAILABLE","","UNAVAILABLE","","UNAVAILABLE","","UNAVAILABLE","","UNAVAILABLE","","UNAVAILABLE","","UNAVAILABLE","","","","UNAVAILABLE","","UNAVAILABLE","","UNAVAILABLE","","UNAVAILABLE","","UNAVAILABLE","","UNAVAILABLE","","UNAVAILABLE","","","","UNAVAILABLE","","UNAVAILABLE","","UNAVAILABLE","","UNAVAILABLE","","UNAVAILABLE","","UNAVAILABLE","","UNAVAILABLE","","","","","","","","","","","","","","","","","","","","","","","","","","","","","UNAVAILABLE","","UNAVAILABLE","","UNAVAILABLE","","UNAVAILABLE","","UNAVAILABLE","","UNAVAILABLE","","UNAVAILABLE","","","","UNAVAILABLE","","UNAVAILABLE","","UNAVAILABLE","","UNAVAILABLE","","UNAVAILABLE","","UNAVAILABLE","","UNAVAILABLE","","","","UNAVAILABLE","","UNAVAILABLE","","UNAVAILABLE","","UNAVAILABLE","","UNAVAILABLE","","UNAVAILABLE","","UNAVAILABLE","","","","","","","","","","","","","","","","2026.06.26 00:00:00","","","","","","","","","","","","","","","0","PREVIOUS_WEEKDAY_MISSING"
"2026.06.30","Tuesday","EURUSD","-3","INCOMPLETE_SETUP_M1","UNKNOWN","","false","false","480","0","480","480","0","","","","","","","","false","240","0","240","240","0","","","","","","","","","","","2026.06.30 08:00:00","","","","","","","","","UNAVAILABLE","","","","","false","360","0","360","360","0","","","","","","","","","","","","","","","","","","","","","","","","","","","","","","","","","","","","UNAVAILABLE","","UNAVAILABLE","","UNAVAILABLE","","UNAVAILABLE","","UNAVAILABLE","","UNAVAILABLE","","UNAVAILABLE","","","","UNAVAILABLE","","UNAVAILABLE","","UNAVAILABLE","","UNAVAILABLE","","UNAVAILABLE","","UNAVAILABLE","","UNAVAILABLE","","","","UNAVAILABLE","","UNAVAILABLE","","UNAVAILABLE","","UNAVAILABLE","","UNAVAILABLE","","UNAVAILABLE","","UNAVAILABLE","","","","","","","","","","","","","","","","","","","","","","","","","","","","","UNAVAILABLE","","UNAVAILABLE","","UNAVAILABLE","","UNAVAILABLE","","UNAVAILABLE","","UNAVAILABLE","","UNAVAILABLE","","","","UNAVAILABLE","","UNAVAILABLE","","UNAVAILABLE","","UNAVAILABLE","","UNAVAILABLE","","UNAVAILABLE","","UNAVAILABLE","","","","UNAVAILABLE","","UNAVAILABLE","","UNAVAILABLE","","UNAVAILABLE","","UNAVAILABLE","","UNAVAILABLE","","UNAVAILABLE","","","","","","","","","","","","","","","","2026.06.29 00:00:00","","","","","","","","","","","","","","","0","PREVIOUS_WEEKDAY_MISSING"
"2026.07.01","Wednesday","EURUSD","-3","INCOMPLETE_SETUP_M1","UNKNOWN","","false","false","480","207","273","273","0","1.14110000","1.14003000","0.00107000","107.00000000","10.70000000","2026.07.01 01:48:00","2026.07.01 03:43:00","true","240","240","0","0","0","1.14043000","1.13851000","0.00192000","192.00000000","19.20000000","2026.07.01 04:00:00","2026.07.01 06:51:00","","","","2026.07.01 08:00:00","1.13982000","","","","","","","","UNAVAILABLE","","","","","true","360","360","0","0","0","1.14116000","1.13617000","0.00499000","499.00000000","49.90000000","2026.07.01 10:45:00","2026.07.01 10:14:00","","","","","","","","","","","","","","","","","","","","","","","","","","","","","UNAVAILABLE","","UNAVAILABLE","","UNAVAILABLE","","UNAVAILABLE","","UNAVAILABLE","","UNAVAILABLE","","UNAVAILABLE","","","","UNAVAILABLE","","UNAVAILABLE","","UNAVAILABLE","","UNAVAILABLE","","UNAVAILABLE","","UNAVAILABLE","","UNAVAILABLE","","","","UNAVAILABLE","","UNAVAILABLE","","UNAVAILABLE","","UNAVAILABLE","","UNAVAILABLE","","UNAVAILABLE","","UNAVAILABLE","","","","","","","","","","","","","","","","","","","","","","","","","","","","","UNAVAILABLE","","UNAVAILABLE","","UNAVAILABLE","","UNAVAILABLE","","UNAVAILABLE","","UNAVAILABLE","","UNAVAILABLE","","","","UNAVAILABLE","","UNAVAILABLE","","UNAVAILABLE","","UNAVAILABLE","","UNAVAILABLE","","UNAVAILABLE","","UNAVAILABLE","","","","UNAVAILABLE","","UNAVAILABLE","","UNAVAILABLE","","UNAVAILABLE","","UNAVAILABLE","","UNAVAILABLE","","UNAVAILABLE","","","","","","","","","","","","","","","","2026.06.30 00:00:00","","","","","","","","","","","","","","","0","PREVIOUS_WEEKDAY_MISSING"
"2026.07.02","Thursday","EURUSD","-3","OK","INVALID","false","true","true","480","480","0","0","0","1.14046000","1.13750000","0.00296000","296.00000000","29.60000000","2026.07.02 03:50:00","2026.07.01 21:34:00","true","240","240","0","0","0","1.14213000","1.13904000","0.00309000","309.00000000","30.90000000","2026.07.02 06:02:00","2026.07.02 04:07:00","1.04391892","1.14058500","1.04222973","2026.07.02 08:00:00","1.14106000","1.20270270","-60.00000000","-6.00000000","-20.27027027","356.00000000","35.60000000","120.27027027","HIGH_ONLY","HIGH","2026.07.02 08:00:00","0.00000000","1.14046000","true","360","360","0","0","0","1.14727000","1.13953000","0.00774000","774.00000000","77.40000000","2026.07.02 09:45:00","2026.07.02 09:22:00","2.61486486","true","2026.07.02 08:00:00","1.14046000","1.14106000","true","681.00000000","68.10000000","230.06756757","93.00000000","9.30000000","31.41891892","93.00000000","9.30000000","31.41891892","0.31418919","2.30067568","false","2026.07.02 09:45:00","105.00000000","true","2026.07.02 08:51:00","2026.07.02 08:51:00","false","","","309.00000000","30.90000000","NA_GAP","","NA_GAP","","NA_GAP","","NA_GAP","","NA_GAP","","NA_GAP","","NA_GAP","","148.00000000","14.80000000","NA_GAP","","NA_GAP","","NA_GAP","","NA_GAP","","NA_GAP","","NA_GAP","","NA_GAP","","142.00000000","14.20000000","NA_GAP","","NA_GAP","","NA_GAP","","NA_GAP","","NA_GAP","","NA_GAP","","NA_GAP","","false","","","","","","","","","","","","","","","","","","","","","","","","","","","NO_BREAK","","NO_BREAK","","NO_BREAK","","NO_BREAK","","NO_BREAK","","NO_BREAK","","NO_BREAK","","","","NO_BREAK","","NO_BREAK","","NO_BREAK","","NO_BREAK","","NO_BREAK","","NO_BREAK","","NO_BREAK","","","","NO_BREAK","","NO_BREAK","","NO_BREAK","","NO_BREAK","","NO_BREAK","","NO_BREAK","","NO_BREAK","","true","2026.07.02 08:51:00","false","681.00000000","68.10000000","230.06756757","93.00000000","9.30000000","31.41891892","93.00000000","9.30000000","31.41891892","2026.07.02 09:45:00","105.00000000","2026.07.01 00:00:00","0.00499000","499.00000000","49.90000000","1.14051000","1.13822000","DOWN","","","","","","","97.01388889","97.01388889","1","INSUFFICIENT"
"2026.07.03","Friday","EURUSD","-3","OK","VALID","true","true","true","480","480","0","0","0","1.14623000","1.14207000","0.00416000","416.00000000","41.60000000","2026.07.03 03:38:00","2026.07.02 21:30:00","true","240","240","0","0","0","1.14578000","1.14403000","0.00175000","175.00000000","17.50000000","2026.07.03 05:36:00","2026.07.03 06:59:00","0.42067308","1.14490500","0.68149038","2026.07.03 08:00:00","1.14469000","0.62980769","154.00000000","15.40000000","37.01923077","262.00000000","26.20000000","62.98076923","NO_BREAK","NONE","","","","true","360","360","0","0","0","1.14574000","1.14350000","0.00224000","224.00000000","22.40000000","2026.07.03 08:24:00","2026.07.03 12:56:00","0.53846154","false","","","","","","","","","","","","","","","","","","","","","","","","","","","NO_BREAK","","NO_BREAK","","NO_BREAK","","NO_BREAK","","NO_BREAK","","NO_BREAK","","NO_BREAK","","","","NO_BREAK","","NO_BREAK","","NO_BREAK","","NO_BREAK","","NO_BREAK","","NO_BREAK","","NO_BREAK","","","","NO_BREAK","","NO_BREAK","","NO_BREAK","","NO_BREAK","","NO_BREAK","","NO_BREAK","","NO_BREAK","","false","","","","","","","","","","","","","","","","","","","","","","","","","","","NO_BREAK","","NO_BREAK","","NO_BREAK","","NO_BREAK","","NO_BREAK","","NO_BREAK","","NO_BREAK","","","","NO_BREAK","","NO_BREAK","","NO_BREAK","","NO_BREAK","","NO_BREAK","","NO_BREAK","","NO_BREAK","","","","NO_BREAK","","NO_BREAK","","NO_BREAK","","NO_BREAK","","NO_BREAK","","NO_BREAK","","NO_BREAK","","","","false","","","","","","","","","","","","2026.07.02 00:00:00","0.00947000","947.00000000","94.70000000","1.13821000","1.14400000","UP","","","","","","","99.30555556","97.01388889","2","INSUFFICIENT"
"2026.07.04","Saturday","EURUSD","-3","WEEKEND","UNKNOWN","","false","false","0","0","0","0","0","","","","","","","","false","0","0","0","0","0","","","","","","","","","","","","","","","","","","","","UNAVAILABLE","","","","","false","0","0","0","0","0","","","","","","","","","","","","","","","","","","","","","","","","","","","","","","","","","","","","UNAVAILABLE","","UNAVAILABLE","","UNAVAILABLE","","UNAVAILABLE","","UNAVAILABLE","","UNAVAILABLE","","UNAVAILABLE","","","","UNAVAILABLE","","UNAVAILABLE","","UNAVAILABLE","","UNAVAILABLE","","UNAVAILABLE","","UNAVAILABLE","","UNAVAILABLE","","","","UNAVAILABLE","","UNAVAILABLE","","UNAVAILABLE","","UNAVAILABLE","","UNAVAILABLE","","UNAVAILABLE","","UNAVAILABLE","","","","","","","","","","","","","","","","","","","","","","","","","","","","","UNAVAILABLE","","UNAVAILABLE","","UNAVAILABLE","","UNAVAILABLE","","UNAVAILABLE","","UNAVAILABLE","","UNAVAILABLE","","","","UNAVAILABLE","","UNAVAILABLE","","UNAVAILABLE","","UNAVAILABLE","","UNAVAILABLE","","UNAVAILABLE","","UNAVAILABLE","","","","UNAVAILABLE","","UNAVAILABLE","","UNAVAILABLE","","UNAVAILABLE","","UNAVAILABLE","","UNAVAILABLE","","UNAVAILABLE","","","","","","","","","","","","","","","","2026.07.03 00:00:00","0.00292000","292.00000000","29.20000000","1.14399000","1.14348000","DOWN","","","","","","","74.65277778","74.65277778","3","INSUFFICIENT"
"2026.07.05","Sunday","EURUSD","-3","WEEKEND","UNKNOWN","","false","false","0","0","0","0","0","","","","","","","","false","0","0","0","0","0","","","","","","","","","","","","","","","","","","","","UNAVAILABLE","","","","","false","0","0","0","0","0","","","","","","","","","","","","","","","","","","","","","","","","","","","","","","","","","","","","UNAVAILABLE","","UNAVAILABLE","","UNAVAILABLE","","UNAVAILABLE","","UNAVAILABLE","","UNAVAILABLE","","UNAVAILABLE","","","","UNAVAILABLE","","UNAVAILABLE","","UNAVAILABLE","","UNAVAILABLE","","UNAVAILABLE","","UNAVAILABLE","","UNAVAILABLE","","","","UNAVAILABLE","","UNAVAILABLE","","UNAVAILABLE","","UNAVAILABLE","","UNAVAILABLE","","UNAVAILABLE","","UNAVAILABLE","","","","","","","","","","","","","","","","","","","","","","","","","","","","","UNAVAILABLE","","UNAVAILABLE","","UNAVAILABLE","","UNAVAILABLE","","UNAVAILABLE","","UNAVAILABLE","","UNAVAILABLE","","","","UNAVAILABLE","","UNAVAILABLE","","UNAVAILABLE","","UNAVAILABLE","","UNAVAILABLE","","UNAVAILABLE","","UNAVAILABLE","","","","UNAVAILABLE","","UNAVAILABLE","","UNAVAILABLE","","UNAVAILABLE","","UNAVAILABLE","","UNAVAILABLE","","UNAVAILABLE","","","","","","","","","","","","","","","","2026.07.03 00:00:00","0.00292000","292.00000000","29.20000000","1.14399000","1.14348000","DOWN","","","","","","","74.65277778","74.65277778","3","INSUFFICIENT"
"2026.07.06","Monday","EURUSD","-3","OK","INVALID","false","true","true","480","480","0","0","0","1.14413000","1.14198000","0.00215000","215.00000000","21.50000000","2026.07.05 21:17:00","2026.07.06 03:36:00","true","240","240","0","0","0","1.14284000","1.14098000","0.00186000","186.00000000","18.60000000","2026.07.06 04:18:00","2026.07.06 07:07:00","0.86511628","1.14191000","-0.03255814","2026.07.06 08:00:00","1.14198000","0.00000000","215.00000000","21.50000000","100.00000000","0.00000000","0.00000000","0.00000000","LOW_ONLY","LOW","2026.07.06 08:00:00","0.00000000","1.14198000","true","360","360","0","0","0","1.14322000","1.14083000","0.00239000","239.00000000","23.90000000","2026.07.06 13:54:00","2026.07.06 10:57:00","1.11162791","false","","","","","","","","","","","","","","","","","","","","","","","","","","","NO_BREAK","","NO_BREAK","","NO_BREAK","","NO_BREAK","","NO_BREAK","","NO_BREAK","","NO_BREAK","","","","NO_BREAK","","NO_BREAK","","NO_BREAK","","NO_BREAK","","NO_BREAK","","NO_BREAK","","NO_BREAK","","","","NO_BREAK","","NO_BREAK","","NO_BREAK","","NO_BREAK","","NO_BREAK","","NO_BREAK","","NO_BREAK","","true","2026.07.06 08:00:00","1.14198000","1.14198000","false","115.00000000","11.50000000","53.48837209","124.00000000","12.40000000","57.67441860","124.00000000","12.40000000","57.67441860","0.57674419","0.53488372","false","2026.07.06 10:57:00","177.00000000","true","2026.07.06 08:00:00","2026.07.06 08:00:00","false","","","186.00000000","18.60000000","HIT_BEFORE_SL","true","NOT_REACHED","false","NOT_REACHED","false","NOT_REACHED","false","NOT_REACHED","false","NOT_REACHED","false","NOT_REACHED","false","107.50000000","10.75000000","HIT_BEFORE_SL","true","HIT_BEFORE_SL","true","SL_FIRST","false","SL_FIRST","false","SL_FIRST","false","SL_FIRST","false","SL_FIRST","false","86.00000000","8.60000000","HIT_BEFORE_SL","true","HIT_BEFORE_SL","true","SL_FIRST","false","SL_FIRST","false","SL_FIRST","false","SL_FIRST","false","SL_FIRST","false","true","2026.07.06 08:00:00","false","115.00000000","11.50000000","53.48837209","124.00000000","12.40000000","57.67441860","124.00000000","12.40000000","57.67441860","2026.07.06 10:57:00","177.00000000","2026.07.03 00:00:00","0.00292000","292.00000000","29.20000000","1.14399000","1.14348000","DOWN","","","","","","","74.65277778","74.65277778","3","INSUFFICIENT"
"2026.07.07","Tuesday","EURUSD","-3","OK","INVALID","false","true","true","480","480","0","0","0","1.14483000","1.14253000","0.00230000","230.00000000","23.00000000","2026.07.06 20:04:00","2026.07.07 03:12:00","true","240","240","0","0","0","1.14360000","1.14234000","0.00126000","126.00000000","12.60000000","2026.07.07 05:40:00","2026.07.07 07:00:00","0.54782609","1.14297000","0.19130435","2026.07.07 08:00:00","1.14340000","0.37826087","143.00000000","14.30000000","62.17391304","87.00000000","8.70000000","37.82608696","LOW_ONLY","LOW","2026.07.07 08:53:00","53.00000000","1.14253000","true","360","360","0","0","0","1.14422000","1.14179000","0.00243000","243.00000000","24.30000000","2026.07.07 09:30:00","2026.07.07 13:24:00","1.05652174","false","","","","","","","","","","","","","","","","","","","","","","","","","","","NO_BREAK","","NO_BREAK","","NO_BREAK","","NO_BREAK","","NO_BREAK","","NO_BREAK","","NO_BREAK","","","","NO_BREAK","","NO_BREAK","","NO_BREAK","","NO_BREAK","","NO_BREAK","","NO_BREAK","","NO_BREAK","","","","NO_BREAK","","NO_BREAK","","NO_BREAK","","NO_BREAK","","NO_BREAK","","NO_BREAK","","NO_BREAK","","true","2026.07.07 08:53:00","1.14253000","1.14325000","false","74.00000000","7.40000000","32.17391304","169.00000000","16.90000000","73.47826087","169.00000000","16.90000000","73.47826087","0.73478261","0.32173913","false","2026.07.07 13:24:00","271.00000000","true","2026.07.07 08:53:00","2026.07.07 08:53:00","false","","","126.00000000","12.60000000","SL_FIRST","false","SL_FIRST","false","SL_FIRST","false","SL_FIRST","false","SL_FIRST","false","SL_FIRST","false","SL_FIRST","false","115.00000000","11.50000000","SL_FIRST","false","SL_FIRST","false","SL_FIRST","false","SL_FIRST","false","SL_FIRST","false","SL_FIRST","false","SL_FIRST","false","107.00000000","10.70000000","SL_FIRST","false","SL_FIRST","false","SL_FIRST","false","SL_FIRST","false","SL_FIRST","false","SL_FIRST","false","SL_FIRST","false","true","2026.07.07 08:53:00","false","74.00000000","7.40000000","32.17391304","169.00000000","16.90000000","73.47826087","169.00000000","16.90000000","73.47826087","2026.07.07 13:24:00","271.00000000","2026.07.06 00:00:00","0.00400000","400.00000000","40.00000000","1.14338000","1.14395000","UP","","","","","","","99.30555556","74.65277778","4","INSUFFICIENT"
"2026.07.08","Wednesday","EURUSD","-3","OK","INVALID","false","true","true","480","480","0","0","0","1.14242000","1.13985000","0.00257000","257.00000000","25.70000000","2026.07.08 03:41:00","2026.07.07 22:44:00","true","240","240","0","0","0","1.14317000","1.13961000","0.00356000","356.00000000","35.60000000","2026.07.08 04:31:00","2026.07.08 06:14:00","1.38521401","1.14139000","0.59922179","2026.07.08 08:00:00","1.14084000","0.38521401","158.00000000","15.80000000","61.47859922","99.00000000","9.90000000","38.52140078","LOW_ONLY","LOW","2026.07.08 08:37:00","37.00000000","1.13985000","true","360","360","0","0","0","1.14150000","1.13912000","0.00238000","238.00000000","23.80000000","2026.07.08 13:56:00","2026.07.08 12:42:00","0.92607004","false","","","","","","","","","","","","","","","","","","","","","","","","","","","NO_BREAK","","NO_BREAK","","NO_BREAK","","NO_BREAK","","NO_BREAK","","NO_BREAK","","NO_BREAK","","","","NO_BREAK","","NO_BREAK","","NO_BREAK","","NO_BREAK","","NO_BREAK","","NO_BREAK","","NO_BREAK","","","","NO_BREAK","","NO_BREAK","","NO_BREAK","","NO_BREAK","","NO_BREAK","","NO_BREAK","","NO_BREAK","","true","2026.07.08 08:37:00","1.13985000","1.13998000","false","73.00000000","7.30000000","28.40466926","165.00000000","16.50000000","64.20233463","165.00000000","16.50000000","64.20233463","0.64202335","0.28404669","false","2026.07.08 12:42:00","245.00000000","true","2026.07.08 08:43:00","2026.07.08 08:37:00","false","","","356.00000000","35.60000000","NOT_REACHED","false","NOT_REACHED","false","NOT_REACHED","false","NOT_REACHED","false","NOT_REACHED","false","NOT_REACHED","false","NOT_REACHED","false","128.50000000","12.85000000","SL_FIRST","false","SL_FIRST","false","SL_FIRST","false","SL_FIRST","false","SL_FIRST","false","SL_FIRST","false","SL_FIRST","false","332.00000000","33.20000000","NOT_REACHED","false","NOT_REACHED","false","NOT_REACHED","false","NOT_REACHED","false","NOT_REACHED","false","NOT_REACHED","false","NOT_REACHED","false","true","2026.07.08 08:43:00","false","73.00000000","7.30000000","28.40466926","165.00000000","16.50000000","64.20233463","165.00000000","16.50000000","64.20233463","2026.07.08 12:42:00","245.00000000","2026.07.07 00:00:00","0.00445000","445.00000000","44.50000000","1.14396000","1.14114000","DOWN","","","","","","","99.30555556","74.65277778","5","INSUFFICIENT"
"2026.07.09","Thursday","EURUSD","-3","OK","VALID","true","true","true","480","480","0","0","0","1.14494000","1.14171000","0.00323000","323.00000000","32.30000000","2026.07.09 03:33:00","2026.07.08 20:17:00","true","240","240","0","0","0","1.14424000","1.14212000","0.00212000","212.00000000","21.20000000","2026.07.09 04:00:00","2026.07.09 07:52:00","0.65634675","1.14318000","0.45510836","2026.07.09 08:00:00","1.14234000","0.19504644","260.00000000","26.00000000","80.49535604","63.00000000","6.30000000","19.50464396","NO_BREAK","NONE","","","","true","360","360","0","0","0","1.14461000","1.14219000","0.00242000","242.00000000","24.20000000","2026.07.09 11:04:00","2026.07.09 08:30:00","0.74922601","false","","","","","","","","","","","","","","","","","","","","","","","","","","","NO_BREAK","","NO_BREAK","","NO_BREAK","","NO_BREAK","","NO_BREAK","","NO_BREAK","","NO_BREAK","","","","NO_BREAK","","NO_BREAK","","NO_BREAK","","NO_BREAK","","NO_BREAK","","NO_BREAK","","NO_BREAK","","","","NO_BREAK","","NO_BREAK","","NO_BREAK","","NO_BREAK","","NO_BREAK","","NO_BREAK","","NO_BREAK","","false","","","","","","","","","","","","","","","","","","","","","","","","","","","NO_BREAK","","NO_BREAK","","NO_BREAK","","NO_BREAK","","NO_BREAK","","NO_BREAK","","NO_BREAK","","","","NO_BREAK","","NO_BREAK","","NO_BREAK","","NO_BREAK","","NO_BREAK","","NO_BREAK","","NO_BREAK","","","","NO_BREAK","","NO_BREAK","","NO_BREAK","","NO_BREAK","","NO_BREAK","","NO_BREAK","","NO_BREAK","","","","false","","","","","","","","","","","","2026.07.08 00:00:00","0.00405000","405.00000000","40.50000000","1.14114000","1.14244000","UP","","","","","","","99.30555556","74.65277778","6","INSUFFICIENT"
"2026.07.10","Friday","EURUSD","-3","OK","INVALID","false","true","true","480","480","0","0","0","1.14608000","1.14304000","0.00304000","304.00000000","30.40000000","2026.07.09 23:53:00","2026.07.09 21:33:00","true","240","240","0","0","0","1.14424000","1.14266000","0.00158000","158.00000000","15.80000000","2026.07.10 04:00:00","2026.07.10 06:52:00","0.51973684","1.14345000","0.13486842","2026.07.10 08:00:00","1.14333000","0.09539474","275.00000000","27.50000000","90.46052632","29.00000000","2.90000000","9.53947368","LOW_ONLY","LOW","2026.07.10 08:14:00","14.00000000","1.14304000","true","360","360","0","0","0","1.14421000","1.14120000","0.00301000","301.00000000","30.10000000","2026.07.10 09:14:00","2026.07.10 11:33:00","0.99013158","false","","","","","","","","","","","","","","","","","","","","","","","","","","","NO_BREAK","","NO_BREAK","","NO_BREAK","","NO_BREAK","","NO_BREAK","","NO_BREAK","","NO_BREAK","","","","NO_BREAK","","NO_BREAK","","NO_BREAK","","NO_BREAK","","NO_BREAK","","NO_BREAK","","NO_BREAK","","","","NO_BREAK","","NO_BREAK","","NO_BREAK","","NO_BREAK","","NO_BREAK","","NO_BREAK","","NO_BREAK","","true","2026.07.10 08:14:00","1.14304000","1.14322000","false","184.00000000","18.40000000","60.52631579","117.00000000","11.70000000","38.48684211","117.00000000","11.70000000","38.48684211","0.38486842","0.60526316","false","2026.07.10 11:33:00","199.00000000","true","2026.07.10 08:14:00","2026.07.10 08:14:00","false","","","158.00000000","15.80000000","HIT_BEFORE_SL","true","HIT_BEFORE_SL","true","NOT_REACHED","false","NOT_REACHED","false","NOT_REACHED","false","NOT_REACHED","false","NOT_REACHED","false","152.00000000","15.20000000","HIT_BEFORE_SL","true","HIT_BEFORE_SL","true","NOT_REACHED","false","NOT_REACHED","false","NOT_REACHED","false","NOT_REACHED","false","NOT_REACHED","false","120.00000000","12.00000000","HIT_BEFORE_SL","true","HIT_BEFORE_SL","true","HIT_BEFORE_SL","true","NOT_REACHED","false","NOT_REACHED","false","NOT_REACHED","false","NOT_REACHED","false","true","2026.07.10 08:14:00","false","184.00000000","18.40000000","60.52631579","117.00000000","11.70000000","38.48684211","117.00000000","11.70000000","38.48684211","2026.07.10 11:33:00","199.00000000","2026.07.09 00:00:00","0.00396000","396.00000000","39.60000000","1.14243000","1.14583000","UP","","","","","","","99.30555556","74.65277778","7","INSUFFICIENT"
"2026.07.11","Saturday","EURUSD","-3","WEEKEND","UNKNOWN","","false","false","0","0","0","0","0","","","","","","","","false","0","0","0","0","0","","","","","","","","","","","","","","","","","","","","UNAVAILABLE","","","","","false","0","0","0","0","0","","","","","","","","","","","","","","","","","","","","","","","","","","","","","","","","","","","","UNAVAILABLE","","UNAVAILABLE","","UNAVAILABLE","","UNAVAILABLE","","UNAVAILABLE","","UNAVAILABLE","","UNAVAILABLE","","","","UNAVAILABLE","","UNAVAILABLE","","UNAVAILABLE","","UNAVAILABLE","","UNAVAILABLE","","UNAVAILABLE","","UNAVAILABLE","","","","UNAVAILABLE","","UNAVAILABLE","","UNAVAILABLE","","UNAVAILABLE","","UNAVAILABLE","","UNAVAILABLE","","UNAVAILABLE","","","","","","","","","","","","","","","","","","","","","","","","","","","","","UNAVAILABLE","","UNAVAILABLE","","UNAVAILABLE","","UNAVAILABLE","","UNAVAILABLE","","UNAVAILABLE","","UNAVAILABLE","","","","UNAVAILABLE","","UNAVAILABLE","","UNAVAILABLE","","UNAVAILABLE","","UNAVAILABLE","","UNAVAILABLE","","UNAVAILABLE","","","","UNAVAILABLE","","UNAVAILABLE","","UNAVAILABLE","","UNAVAILABLE","","UNAVAILABLE","","UNAVAILABLE","","UNAVAILABLE","","","","","","","","","","","","","","","","2026.07.10 00:00:00","0.00479000","479.00000000","47.90000000","1.14583000","1.14143000","DOWN","","","","","","","74.65277778","74.65277778","8","INSUFFICIENT"
"2026.07.12","Sunday","EURUSD","-3","WEEKEND","UNKNOWN","","false","false","0","0","0","0","0","","","","","","","","false","0","0","0","0","0","","","","","","","","","","","","","","","","","","","","UNAVAILABLE","","","","","false","0","0","0","0","0","","","","","","","","","","","","","","","","","","","","","","","","","","","","","","","","","","","","UNAVAILABLE","","UNAVAILABLE","","UNAVAILABLE","","UNAVAILABLE","","UNAVAILABLE","","UNAVAILABLE","","UNAVAILABLE","","","","UNAVAILABLE","","UNAVAILABLE","","UNAVAILABLE","","UNAVAILABLE","","UNAVAILABLE","","UNAVAILABLE","","UNAVAILABLE","","","","UNAVAILABLE","","UNAVAILABLE","","UNAVAILABLE","","UNAVAILABLE","","UNAVAILABLE","","UNAVAILABLE","","UNAVAILABLE","","","","","","","","","","","","","","","","","","","","","","","","","","","","","UNAVAILABLE","","UNAVAILABLE","","UNAVAILABLE","","UNAVAILABLE","","UNAVAILABLE","","UNAVAILABLE","","UNAVAILABLE","","","","UNAVAILABLE","","UNAVAILABLE","","UNAVAILABLE","","UNAVAILABLE","","UNAVAILABLE","","UNAVAILABLE","","UNAVAILABLE","","","","UNAVAILABLE","","UNAVAILABLE","","UNAVAILABLE","","UNAVAILABLE","","UNAVAILABLE","","UNAVAILABLE","","UNAVAILABLE","","","","","","","","","","","","","","","","2026.07.10 00:00:00","0.00479000","479.00000000","47.90000000","1.14583000","1.14143000","DOWN","","","","","","","74.65277778","74.65277778","8","INSUFFICIENT"
"2026.07.13","Monday","EURUSD","-3","OK","INVALID","false","true","true","480","480","0","0","0","1.14091000","1.13843000","0.00248000","248.00000000","24.80000000","2026.07.13 02:13:00","2026.07.12 22:24:00","true","240","240","0","0","0","1.14460000","1.14008000","0.00452000","452.00000000","45.20000000","2026.07.13 05:18:00","2026.07.13 04:02:00","1.82258065","1.14234000","1.57661290","2026.07.13 08:00:00","1.14357000","2.07258065","-266.00000000","-26.60000000","-107.25806452","514.00000000","51.40000000","207.25806452","HIGH_THEN_LOW","HIGH","2026.07.13 08:00:00","0.00000000","1.14091000","true","360","360","0","0","0","1.14375000","1.13827000","0.00548000","548.00000000","54.80000000","2026.07.13 08:06:00","2026.07.13 13:38:00","2.20967742","true","2026.07.13 08:00:00","1.14091000","1.14357000","true","284.00000000","28.40000000","114.51612903","264.00000000","26.40000000","106.45161290","264.00000000","26.40000000","106.45161290","1.06451613","1.14516129","false","2026.07.13 08:06:00","6.00000000","true","2026.07.13 11:16:00","2026.07.13 11:16:00","true","2026.07.13 13:34:00","2026.07.13 13:34:00","452.00000000","45.20000000","NA_GAP","","NA_GAP","","NA_GAP","","NA_GAP","","NA_GAP","","NA_GAP","","NA_GAP","","124.00000000","12.40000000","NA_GAP","","NA_GAP","","NA_GAP","","NA_GAP","","NA_GAP","","NA_GAP","","NA_GAP","","83.00000000","8.30000000","NA_GAP","","NA_GAP","","NA_GAP","","NA_GAP","","NA_GAP","","NA_GAP","","NA_GAP","","true","2026.07.13 13:34:00","1.13843000","1.13860000","false","16.00000000","1.60000000","6.45161290","80.00000000","8.00000000","32.25806452","80.00000000","8.00000000","32.25806452","0.32258065","0.06451613","false","2026.07.13 13:38:00","4.00000000","true","2026.07.13 13:35:00","2026.07.13 13:34:00","false","","","452.00000000","45.20000000","NOT_REACHED","false","NOT_REACHED","false","NOT_REACHED","false","NOT_REACHED","false","NOT_REACHED","false","NOT_REACHED","false","NOT_REACHED","false","124.00000000","12.40000000","NOT_REACHED","false","NOT_REACHED","false","NOT_REACHED","false","NOT_REACHED","false","NOT_REACHED","false","NOT_REACHED","false","NOT_REACHED","false","617.00000000","61.70000000","NOT_REACHED","false","NOT_REACHED","false","NOT_REACHED","false","NOT_REACHED","false","NOT_REACHED","false","NOT_REACHED","false","NOT_REACHED","false","true","2026.07.13 11:16:00","true","284.00000000","28.40000000","114.51612903","264.00000000","26.40000000","106.45161290","264.00000000","26.40000000","106.45161290","2026.07.13 08:06:00","6.00000000","2026.07.10 00:00:00","0.00479000","479.00000000","47.90000000","1.14583000","1.14143000","DOWN","","","","","","","74.65277778","74.65277778","8","INSUFFICIENT"
"2026.07.14","Tuesday","EURUSD","-3","OK","INVALID","false","true","true","480","480","0","0","0","1.13968000","1.13783000","0.00185000","185.00000000","18.50000000","2026.07.14 00:38:00","2026.07.13 21:23:00","true","240","240","0","0","0","1.14061000","1.13840000","0.00221000","221.00000000","22.10000000","2026.07.14 05:44:00","2026.07.14 04:03:00","1.19459459","1.13950500","0.90540541","2026.07.14 08:00:00","1.13920000","0.74054054","48.00000000","4.80000000","25.94594595","137.00000000","13.70000000","74.05405405","HIGH_ONLY","HIGH","2026.07.14 08:24:00","24.00000000","1.13968000","true","360","360","0","0","0","1.14625000","1.13897000","0.00728000","728.00000000","72.80000000","2026.07.14 09:30:00","2026.07.14 08:01:00","3.93513514","true","2026.07.14 08:24:00","1.13968000","1.13953000","false","657.00000000","65.70000000","355.13513514","21.00000000","2.10000000","11.35135135","18.00000000","1.80000000","9.72972973","0.11351351","3.55135135","true","2026.07.14 09:30:00","66.00000000","true","2026.07.14 08:25:00","2026.07.14 08:24:00","false","","","221.00000000","22.10000000","HIT_BEFORE_SL","true","HIT_BEFORE_SL","true","HIT_BEFORE_SL","true","HIT_BEFORE_SL","true","HIT_BEFORE_SL","true","NOT_REACHED","false","NOT_REACHED","false","92.50000000","9.25000000","HIT_BEFORE_SL","true","HIT_BEFORE_SL","true","HIT_BEFORE_SL","true","HIT_BEFORE_SL","true","HIT_BEFORE_SL","true","HIT_BEFORE_SL","true","HIT_BEFORE_SL","true","128.00000000","12.80000000","HIT_BEFORE_SL","true","HIT_BEFORE_SL","true","HIT_BEFORE_SL","true","HIT_BEFORE_SL","true","HIT_BEFORE_SL","true","HIT_BEFORE_SL","true","HIT_BEFORE_SL","true","false","","","","","","","","","","","","","","","","","","","","","","","","","","","NO_BREAK","","NO_BREAK","","NO_BREAK","","NO_BREAK","","NO_BREAK","","NO_BREAK","","NO_BREAK","","","","NO_BREAK","","NO_BREAK","","NO_BREAK","","NO_BREAK","","NO_BREAK","","NO_BREAK","","NO_BREAK","","","","NO_BREAK","","NO_BREAK","","NO_BREAK","","NO_BREAK","","NO_BREAK","","NO_BREAK","","NO_BREAK","","true","2026.07.14 08:25:00","false","657.00000000","65.70000000","355.13513514","21.00000000","2.10000000","11.35135135","18.00000000","1.80000000","9.72972973","2026.07.14 09:30:00","66.00000000","2026.07.13 00:00:00","0.00690000","690.00000000","69.00000000","1.13942000","1.13906000","DOWN","","","","","","","99.30555556","74.65277778","9","INSUFFICIENT"
"2026.07.15","Wednesday","EURUSD","-3","OK","INVALID","false","true","true","480","480","0","0","0","1.14440000","1.14198000","0.00242000","242.00000000","24.20000000","2026.07.15 03:26:00","2026.07.14 20:00:00","true","240","240","0","0","0","1.14321000","1.14107000","0.00214000","214.00000000","21.40000000","2026.07.15 04:13:00","2026.07.15 07:42:00","0.88429752","1.14214000","0.06611570","2026.07.15 08:00:00","1.14159000","-0.16115702","281.00000000","28.10000000","116.11570248","-39.00000000","-3.90000000","-16.11570248","LOW_ONLY","LOW","2026.07.15 08:00:00","0.00000000","1.14198000","true","360","360","0","0","0","1.14424000","1.14060000","0.00364000","364.00000000","36.40000000","2026.07.15 13:59:00","2026.07.15 09:09:00","1.50413223","false","","","","","","","","","","","","","","","","","","","","","","","","","","","NO_BREAK","","NO_BREAK","","NO_BREAK","","NO_BREAK","","NO_BREAK","","NO_BREAK","","NO_BREAK","","","","NO_BREAK","","NO_BREAK","","NO_BREAK","","NO_BREAK","","NO_BREAK","","NO_BREAK","","NO_BREAK","","","","NO_BREAK","","NO_BREAK","","NO_BREAK","","NO_BREAK","","NO_BREAK","","NO_BREAK","","NO_BREAK","","true","2026.07.15 08:00:00","1.14198000","1.14159000","true","138.00000000","13.80000000","57.02479339","226.00000000","22.60000000","93.38842975","226.00000000","22.60000000","93.38842975","0.93388430","0.57024793","false","2026.07.15 09:09:00","69.00000000","true","2026.07.15 09:30:00","2026.07.15 09:30:00","false","","","214.00000000","21.40000000","NA_GAP","","NA_GAP","","NA_GAP","","NA_GAP","","NA_GAP","","NA_GAP","","NA_GAP","","121.00000000","12.10000000","NA_GAP","","NA_GAP","","NA_GAP","","NA_GAP","","NA_GAP","","NA_GAP","","NA_GAP","","123.00000000","12.30000000","NA_GAP","","NA_GAP","","NA_GAP","","NA_GAP","","NA_GAP","","NA_GAP","","NA_GAP","","true","2026.07.15 09:30:00","false","138.00000000","13.80000000","57.02479339","226.00000000","22.60000000","93.38842975","226.00000000","22.60000000","93.38842975","2026.07.15 09:09:00","69.00000000","2026.07.14 00:00:00","0.00785000","785.00000000","78.50000000","1.13907000","1.14402000","UP","","","","","","","99.30555556","74.65277778","10","INSUFFICIENT"
"2026.07.16","Thursday","EURUSD","-3","OK","INVALID","false","true","true","480","480","0","0","0","1.14747000","1.14601000","0.00146000","146.00000000","14.60000000","2026.07.15 21:58:00","2026.07.15 23:16:00","true","240","240","0","0","0","1.14765000","1.14593000","0.00172000","172.00000000","17.20000000","2026.07.16 04:48:00","2026.07.16 07:58:00","1.17808219","1.14679000","0.53424658","2026.07.16 08:00:00","1.14599000","-0.01369863","148.00000000","14.80000000","101.36986301","-2.00000000","-0.20000000","-1.36986301","LOW_ONLY","LOW","2026.07.16 08:00:00","0.00000000","1.14601000","true","360","360","0","0","0","1.14708000","1.14341000","0.00367000","367.00000000","36.70000000","2026.07.16 09:07:00","2026.07.16 13:59:00","2.51369863","false","","","","","","","","","","","","","","","","","","","","","","","","","","","NO_BREAK","","NO_BREAK","","NO_BREAK","","NO_BREAK","","NO_BREAK","","NO_BREAK","","NO_BREAK","","","","NO_BREAK","","NO_BREAK","","NO_BREAK","","NO_BREAK","","NO_BREAK","","NO_BREAK","","NO_BREAK","","","","NO_BREAK","","NO_BREAK","","NO_BREAK","","NO_BREAK","","NO_BREAK","","NO_BREAK","","NO_BREAK","","true","2026.07.16 08:00:00","1.14601000","1.14599000","true","260.00000000","26.00000000","178.08219178","107.00000000","10.70000000","73.28767123","107.00000000","10.70000000","73.28767123","0.73287671","1.78082192","false","2026.07.16 13:59:00","359.00000000","true","2026.07.16 08:00:00","2026.07.16 08:00:00","false","","","172.00000000","17.20000000","NA_GAP","","NA_GAP","","NA_GAP","","NA_GAP","","NA_GAP","","NA_GAP","","NA_GAP","","73.00000000","7.30000000","NA_GAP","","NA_GAP","","NA_GAP","","NA_GAP","","NA_GAP","","NA_GAP","","NA_GAP","","164.00000000","16.40000000","NA_GAP","","NA_GAP","","NA_GAP","","NA_GAP","","NA_GAP","","NA_GAP","","NA_GAP","","true","2026.07.16 08:00:00","false","260.00000000","26.00000000","178.08219178","107.00000000","10.70000000","73.28767123","107.00000000","10.70000000","73.28767123","2026.07.16 13:59:00","359.00000000","2026.07.15 00:00:00","0.00765000","765.00000000","76.50000000","1.14403000","1.14648000","UP","","","","","","","99.30555556","74.65277778","11","INSUFFICIENT"
"2026.07.17","Friday","EURUSD","-3","OK","INVALID","false","true","true","480","480","0","0","0","1.14523000","1.14346000","0.00177000","177.00000000","17.70000000","2026.07.17 03:57:00","2026.07.17 01:51:00","true","240","240","0","0","0","1.14524000","1.14261000","0.00263000","263.00000000","26.30000000","2026.07.17 04:00:00","2026.07.17 07:59:00","1.48587571","1.14392500","0.26271186","2026.07.17 08:00:00","1.14269000","-0.43502825","254.00000000","25.40000000","143.50282486","-77.00000000","-7.70000000","-43.50282486","LOW_ONLY","LOW","2026.07.17 08:00:00","0.00000000","1.14346000","true","360","360","0","0","0","1.14446000","1.14244000","0.00202000","202.00000000","20.20000000","2026.07.17 12:21:00","2026.07.17 08:06:00","1.14124294","false","","","","","","","","","","","","","","","","","","","","","","","","","","","NO_BREAK","","NO_BREAK","","NO_BREAK","","NO_BREAK","","NO_BREAK","","NO_BREAK","","NO_BREAK","","","","NO_BREAK","","NO_BREAK","","NO_BREAK","","NO_BREAK","","NO_BREAK","","NO_BREAK","","NO_BREAK","","","","NO_BREAK","","NO_BREAK","","NO_BREAK","","NO_BREAK","","NO_BREAK","","NO_BREAK","","NO_BREAK","","true","2026.07.17 08:00:00","1.14346000","1.14269000","true","102.00000000","10.20000000","57.62711864","100.00000000","10.00000000","56.49717514","100.00000000","10.00000000","56.49717514","0.56497175","0.57627119","false","2026.07.17 08:06:00","6.00000000","true","2026.07.17 08:37:00","2026.07.17 08:37:00","false","","","263.00000000","26.30000000","NA_GAP","","NA_GAP","","NA_GAP","","NA_GAP","","NA_GAP","","NA_GAP","","NA_GAP","","88.50000000","8.85000000","NA_GAP","","NA_GAP","","NA_GAP","","NA_GAP","","NA_GAP","","NA_GAP","","NA_GAP","","178.00000000","17.80000000","NA_GAP","","NA_GAP","","NA_GAP","","NA_GAP","","NA_GAP","","NA_GAP","","NA_GAP","","true","2026.07.17 08:37:00","false","102.00000000","10.20000000","57.62711864","100.00000000","10.00000000","56.49717514","100.00000000","10.00000000","56.49717514","2026.07.17 08:06:00","6.00000000","2026.07.16 00:00:00","0.00454000","454.00000000","45.40000000","1.14648000","1.14368000","DOWN","","","","","","","99.30555556","74.65277778","12","INSUFFICIENT"
"2026.07.18","Saturday","EURUSD","-3","WEEKEND","UNKNOWN","","false","false","0","0","0","0","0","","","","","","","","false","0","0","0","0","0","","","","","","","","","","","","","","","","","","","","UNAVAILABLE","","","","","false","0","0","0","0","0","","","","","","","","","","","","","","","","","","","","","","","","","","","","","","","","","","","","UNAVAILABLE","","UNAVAILABLE","","UNAVAILABLE","","UNAVAILABLE","","UNAVAILABLE","","UNAVAILABLE","","UNAVAILABLE","","","","UNAVAILABLE","","UNAVAILABLE","","UNAVAILABLE","","UNAVAILABLE","","UNAVAILABLE","","UNAVAILABLE","","UNAVAILABLE","","","","UNAVAILABLE","","UNAVAILABLE","","UNAVAILABLE","","UNAVAILABLE","","UNAVAILABLE","","UNAVAILABLE","","UNAVAILABLE","","","","","","","","","","","","","","","","","","","","","","","","","","","","","UNAVAILABLE","","UNAVAILABLE","","UNAVAILABLE","","UNAVAILABLE","","UNAVAILABLE","","UNAVAILABLE","","UNAVAILABLE","","","","UNAVAILABLE","","UNAVAILABLE","","UNAVAILABLE","","UNAVAILABLE","","UNAVAILABLE","","UNAVAILABLE","","UNAVAILABLE","","","","UNAVAILABLE","","UNAVAILABLE","","UNAVAILABLE","","UNAVAILABLE","","UNAVAILABLE","","UNAVAILABLE","","UNAVAILABLE","","","","","","","","","","","","","","","","2026.07.17 00:00:00","0.00280000","280.00000000","28.00000000","1.14369000","1.14379000","UP","","","","","","","74.65277778","74.65277778","13","INSUFFICIENT"
"2026.07.19","Sunday","EURUSD","-3","WEEKEND","UNKNOWN","","false","false","0","0","0","0","0","","","","","","","","false","0","0","0","0","0","","","","","","","","","","","","","","","","","","","","UNAVAILABLE","","","","","false","0","0","0","0","0","","","","","","","","","","","","","","","","","","","","","","","","","","","","","","","","","","","","UNAVAILABLE","","UNAVAILABLE","","UNAVAILABLE","","UNAVAILABLE","","UNAVAILABLE","","UNAVAILABLE","","UNAVAILABLE","","","","UNAVAILABLE","","UNAVAILABLE","","UNAVAILABLE","","UNAVAILABLE","","UNAVAILABLE","","UNAVAILABLE","","UNAVAILABLE","","","","UNAVAILABLE","","UNAVAILABLE","","UNAVAILABLE","","UNAVAILABLE","","UNAVAILABLE","","UNAVAILABLE","","UNAVAILABLE","","","","","","","","","","","","","","","","","","","","","","","","","","","","","UNAVAILABLE","","UNAVAILABLE","","UNAVAILABLE","","UNAVAILABLE","","UNAVAILABLE","","UNAVAILABLE","","UNAVAILABLE","","","","UNAVAILABLE","","UNAVAILABLE","","UNAVAILABLE","","UNAVAILABLE","","UNAVAILABLE","","UNAVAILABLE","","UNAVAILABLE","","","","UNAVAILABLE","","UNAVAILABLE","","UNAVAILABLE","","UNAVAILABLE","","UNAVAILABLE","","UNAVAILABLE","","UNAVAILABLE","","","","","","","","","","","","","","","","2026.07.17 00:00:00","0.00280000","280.00000000","28.00000000","1.14369000","1.14379000","UP","","","","","","","74.65277778","74.65277778","13","INSUFFICIENT"
"2026.07.20","Monday","EURUSD","-3","OK","INVALID","false","true","true","480","480","0","0","0","1.14452000","1.14229000","0.00223000","223.00000000","22.30000000","2026.07.20 01:36:00","2026.07.19 20:23:00","true","240","240","0","0","0","1.14497000","1.14273000","0.00224000","224.00000000","22.40000000","2026.07.20 04:34:00","2026.07.20 06:57:00","1.00448430","1.14385000","0.69955157","2026.07.20 08:00:00","1.14310000","0.36322870","142.00000000","14.20000000","63.67713004","81.00000000","8.10000000","36.32286996","LOW_ONLY","LOW","2026.07.20 09:14:00","74.00000000","1.14229000","true","360","360","0","0","0","1.14406000","1.14024000","0.00382000","382.00000000","38.20000000","2026.07.20 08:31:00","2026.07.20 11:57:00","1.71300448","false","","","","","","","","","","","","","","","","","","","","","","","","","","","NO_BREAK","","NO_BREAK","","NO_BREAK","","NO_BREAK","","NO_BREAK","","NO_BREAK","","NO_BREAK","","","","NO_BREAK","","NO_BREAK","","NO_BREAK","","NO_BREAK","","NO_BREAK","","NO_BREAK","","NO_BREAK","","","","NO_BREAK","","NO_BREAK","","NO_BREAK","","NO_BREAK","","NO_BREAK","","NO_BREAK","","NO_BREAK","","true","2026.07.20 09:14:00","1.14229000","1.14234000","false","205.00000000","20.50000000","91.92825112","51.00000000","5.10000000","22.86995516","51.00000000","5.10000000","22.86995516","0.22869955","0.91928251","false","2026.07.20 11:57:00","163.00000000","true","2026.07.20 09:36:00","2026.07.20 09:14:00","false","","","224.00000000","22.40000000","HIT_BEFORE_SL","true","NOT_REACHED","false","NOT_REACHED","false","NOT_REACHED","false","NOT_REACHED","false","NOT_REACHED","false","NOT_REACHED","false","111.50000000","11.15000000","HIT_BEFORE_SL","true","HIT_BEFORE_SL","true","HIT_BEFORE_SL","true","NOT_REACHED","false","NOT_REACHED","false","NOT_REACHED","false","NOT_REACHED","false","268.00000000","26.80000000","HIT_BEFORE_SL","true","NOT_REACHED","false","NOT_REACHED","false","NOT_REACHED","false","NOT_REACHED","false","NOT_REACHED","false","NOT_REACHED","false","true","2026.07.20 09:36:00","false","205.00000000","20.50000000","91.92825112","51.00000000","5.10000000","22.86995516","51.00000000","5.10000000","22.86995516","2026.07.20 11:57:00","163.00000000","2026.07.17 00:00:00","0.00280000","280.00000000","28.00000000","1.14369000","1.14379000","UP","","","","","","","74.65277778","74.65277778","13","INSUFFICIENT"
"2026.07.21","Tuesday","EURUSD","-3","OK","INVALID","false","true","true","480","480","0","0","0","1.14241000","1.14089000","0.00152000","152.00000000","15.20000000","2026.07.21 03:49:00","2026.07.21 00:05:00","true","240","240","0","0","0","1.14289000","1.14181000","0.00108000","108.00000000","10.80000000","2026.07.21 06:38:00","2026.07.21 05:37:00","0.71052632","1.14235000","0.96052632","2026.07.21 08:00:00","1.14201000","0.73684211","40.00000000","4.00000000","26.31578947","112.00000000","11.20000000","73.68421053","LOW_ONLY","LOW","2026.07.21 10:37:00","157.00000000","1.14089000","true","360","360","0","0","0","1.14230000","1.14026000","0.00204000","204.00000000","20.40000000","2026.07.21 08:40:00","2026.07.21 11:53:00","1.34210526","false","","","","","","","","","","","","","","","","","","","","","","","","","","","NO_BREAK","","NO_BREAK","","NO_BREAK","","NO_BREAK","","NO_BREAK","","NO_BREAK","","NO_BREAK","","","","NO_BREAK","","NO_BREAK","","NO_BREAK","","NO_BREAK","","NO_BREAK","","NO_BREAK","","NO_BREAK","","","","NO_BREAK","","NO_BREAK","","NO_BREAK","","NO_BREAK","","NO_BREAK","","NO_BREAK","","NO_BREAK","","true","2026.07.21 10:37:00","1.14089000","1.14091000","false","63.00000000","6.30000000","41.44736842","108.00000000","10.80000000","71.05263158","108.00000000","10.80000000","71.05263158","0.71052632","0.41447368","false","2026.07.21 11:53:00","76.00000000","true","2026.07.21 10:48:00","2026.07.21 10:37:00","false","","","108.00000000","10.80000000","SL_FIRST","false","SL_FIRST","false","SL_FIRST","false","SL_FIRST","false","SL_FIRST","false","SL_FIRST","false","SL_FIRST","false","76.00000000","7.60000000","SL_FIRST","false","SL_FIRST","false","SL_FIRST","false","SL_FIRST","false","SL_FIRST","false","SL_FIRST","false","SL_FIRST","false","200.00000000","20.00000000","NOT_REACHED","false","NOT_REACHED","false","NOT_REACHED","false","NOT_REACHED","false","NOT_REACHED","false","NOT_REACHED","false","NOT_REACHED","false","true","2026.07.21 10:48:00","false","63.00000000","6.30000000","41.44736842","108.00000000","10.80000000","71.05263158","108.00000000","10.80000000","71.05263158","2026.07.21 11:53:00","76.00000000","2026.07.20 00:00:00","0.00473000","473.00000000","47.30000000","1.14410000","1.14113000","DOWN","","","","","","","99.30555556","74.65277778","14","INSUFFICIENT"
"2026.07.22","Wednesday","EURUSD","-3","OK","INVALID","false","true","true","480","480","0","0","0","1.14139000","1.13980000","0.00159000","159.00000000","15.90000000","2026.07.22 03:03:00","2026.07.21 20:05:00","true","240","240","0","0","0","1.14185000","1.14004000","0.00181000","181.00000000","18.10000000","2026.07.22 04:30:00","2026.07.22 07:05:00","1.13836478","1.14094500","0.72012579","2026.07.22 08:00:00","1.14035000","0.34591195","104.00000000","10.40000000","65.40880503","55.00000000","5.50000000","34.59119497","HIGH_ONLY","HIGH","2026.07.22 10:21:00","141.00000000","1.14139000","true","360","360","0","0","0","1.14218000","1.14024000","0.00194000","194.00000000","19.40000000","2026.07.22 10:32:00","2026.07.22 08:00:00","1.22012579","true","2026.07.22 10:21:00","1.14139000","1.14125000","false","79.00000000","7.90000000","49.68553459","78.00000000","7.80000000","49.05660377","78.00000000","7.80000000","49.05660377","0.49056604","0.49685535","false","2026.07.22 10:32:00","11.00000000","true","2026.07.22 10:22:00","2026.07.22 10:21:00","false","","","181.00000000","18.10000000","NOT_REACHED","false","NOT_REACHED","false","NOT_REACHED","false","NOT_REACHED","false","NOT_REACHED","false","NOT_REACHED","false","NOT_REACHED","false","79.50000000","7.95000000","HIT_BEFORE_SL","true","NOT_REACHED","false","NOT_REACHED","false","NOT_REACHED","false","NOT_REACHED","false","NOT_REACHED","false","NOT_REACHED","false","135.00000000","13.50000000","HIT_BEFORE_SL","true","NOT_REACHED","false","NOT_REACHED","false","NOT_REACHED","false","NOT_REACHED","false","NOT_REACHED","false","NOT_REACHED","false","false","","","","","","","","","","","","","","","","","","","","","","","","","","","NO_BREAK","","NO_BREAK","","NO_BREAK","","NO_BREAK","","NO_BREAK","","NO_BREAK","","NO_BREAK","","","","NO_BREAK","","NO_BREAK","","NO_BREAK","","NO_BREAK","","NO_BREAK","","NO_BREAK","","NO_BREAK","","","","NO_BREAK","","NO_BREAK","","NO_BREAK","","NO_BREAK","","NO_BREAK","","NO_BREAK","","NO_BREAK","","true","2026.07.22 10:22:00","false","79.00000000","7.90000000","49.68553459","78.00000000","7.80000000","49.05660377","78.00000000","7.80000000","49.05660377","2026.07.22 10:32:00","11.00000000","2026.07.21 00:00:00","0.00329000","329.00000000","32.90000000","1.14113000","1.14055000","DOWN","0.00510000","510.00000000","51.00000000","","","","99.30555556","74.65277778","15","INSUFFICIENT"
"2026.07.23","Thursday","EURUSD","-3","OK","INVALID","false","true","true","480","480","0","0","0","1.14359000","1.14079000","0.00280000","280.00000000","28.00000000","2026.07.23 01:32:00","2026.07.22 20:00:00","true","240","240","0","0","0","1.14277000","1.14031000","0.00246000","246.00000000","24.60000000","2026.07.23 04:19:00","2026.07.23 07:51:00","0.87857143","1.14154000","0.26785714","2026.07.23 08:00:00","1.14043000","-0.12857143","316.00000000","31.60000000","112.85714286","-36.00000000","-3.60000000","-12.85714286","LOW_ONLY","LOW","2026.07.23 08:00:00","0.00000000","1.14079000","true","360","360","0","0","0","1.14066000","1.13640000","0.00426000","426.00000000","42.60000000","2026.07.23 08:14:00","2026.07.23 11:20:00","1.52142857","false","","","","","","","","","","","","","","","","","","","","","","","","","","","NO_BREAK","","NO_BREAK","","NO_BREAK","","NO_BREAK","","NO_BREAK","","NO_BREAK","","NO_BREAK","","","","NO_BREAK","","NO_BREAK","","NO_BREAK","","NO_BREAK","","NO_BREAK","","NO_BREAK","","NO_BREAK","","","","NO_BREAK","","NO_BREAK","","NO_BREAK","","NO_BREAK","","NO_BREAK","","NO_BREAK","","NO_BREAK","","true","2026.07.23 08:00:00","1.14079000","1.14043000","true","439.00000000","43.90000000","156.78571429","0.00000000","0.00000000","0.00000000","0.00000000","0.00000000","0.00000000","0.00000000","1.56785714","false","2026.07.23 11:20:00","200.00000000","false","","","false","","","246.00000000","24.60000000","NA_GAP","","NA_GAP","","NA_GAP","","NA_GAP","","NA_GAP","","NA_GAP","","NA_GAP","","140.00000000","14.00000000","NA_GAP","","NA_GAP","","NA_GAP","","NA_GAP","","NA_GAP","","NA_GAP","","NA_GAP","","198.00000000","19.80000000","NA_GAP","","NA_GAP","","NA_GAP","","NA_GAP","","NA_GAP","","NA_GAP","","NA_GAP","","false","","false","439.00000000","43.90000000","156.78571429","0.00000000","0.00000000","0.00000000","0.00000000","0.00000000","0.00000000","2026.07.23 11:20:00","200.00000000","2026.07.22 00:00:00","0.00280000","280.00000000","28.00000000","1.14055000","1.14274000","UP","0.00493571","493.57142857","49.35714286","","","","99.30555556","74.65277778","16","INSUFFICIENT"
"2026.07.24","Friday","EURUSD","-3","OK","INVALID","false","true","true","480","480","0","0","0","1.13877000","1.13750000","0.00127000","127.00000000","12.70000000","2026.07.23 23:32:00","2026.07.23 21:00:00","true","240","240","0","0","0","1.14007000","1.13809000","0.00198000","198.00000000","19.80000000","2026.07.24 04:31:00","2026.07.24 07:57:00","1.55905512","1.13908000","1.24409449","2026.07.24 08:00:00","1.13830000","0.62992126","47.00000000","4.70000000","37.00787402","80.00000000","8.00000000","62.99212598","HIGH_THEN_LOW","HIGH","2026.07.24 08:14:00","14.00000000","1.13877000","true","360","360","0","0","0","1.13910000","1.13649000","0.00261000","261.00000000","26.10000000","2026.07.24 12:15:00","2026.07.24 10:10:00","2.05511811","true","2026.07.24 08:14:00","1.13877000","1.13858000","false","33.00000000","3.30000000","25.98425197","228.00000000","22.80000000","179.52755906","228.00000000","22.80000000","179.52755906","1.79527559","0.25984252","false","2026.07.24 12:15:00","241.00000000","true","2026.07.24 08:15:00","2026.07.24 08:14:00","true","2026.07.24 08:55:00","2026.07.24 08:55:00","198.00000000","19.80000000","SL_FIRST","false","SL_FIRST","false","SL_FIRST","false","SL_FIRST","false","SL_FIRST","false","SL_FIRST","false","SL_FIRST","false","63.50000000","6.35000000","SL_FIRST","false","SL_FIRST","false","SL_FIRST","false","SL_FIRST","false","SL_FIRST","false","SL_FIRST","false","SL_FIRST","false","68.00000000","6.80000000","SL_FIRST","false","SL_FIRST","false","SL_FIRST","false","SL_FIRST","false","SL_FIRST","false","SL_FIRST","false","SL_FIRST","false","true","2026.07.24 08:55:00","1.13750000","1.13766000","false","101.00000000","10.10000000","79.52755906","160.00000000","16.00000000","125.98425197","160.00000000","16.00000000","125.98425197","1.25984252","0.79527559","false","2026.07.24 10:10:00","75.00000000","true","2026.07.24 08:58:00","2026.07.24 08:55:00","true","2026.07.24 12:11:00","2026.07.24 12:11:00","198.00000000","19.80000000","HIT_BEFORE_SL","true","NOT_REACHED","false","NOT_REACHED","false","NOT_REACHED","false","NOT_REACHED","false","NOT_REACHED","false","NOT_REACHED","false","63.50000000","6.35000000","HIT_BEFORE_SL","true","HIT_BEFORE_SL","true","HIT_BEFORE_SL","true","SL_FIRST","false","SL_FIRST","false","SL_FIRST","false","SL_FIRST","false","257.00000000","25.70000000","NOT_REACHED","false","NOT_REACHED","false","NOT_REACHED","false","NOT_REACHED","false","NOT_REACHED","false","NOT_REACHED","false","NOT_REACHED","false","true","2026.07.24 08:15:00","true","33.00000000","3.30000000","25.98425197","228.00000000","22.80000000","179.52755906","228.00000000","22.80000000","179.52755906","2026.07.24 12:15:00","241.00000000","2026.07.23 00:00:00","0.00719000","719.00000000","71.90000000","1.14275000","1.13807000","DOWN","0.00509673","509.67346939","50.96734694","","","","99.30555556","74.65277778","17","INSUFFICIENT"
"2026.07.25","Saturday","EURUSD","-3","WEEKEND","UNKNOWN","","false","false","0","0","0","0","0","","","","","","","","false","0","0","0","0","0","","","","","","","","","","","","","","","","","","","","UNAVAILABLE","","","","","false","0","0","0","0","0","","","","","","","","","","","","","","","","","","","","","","","","","","","","","","","","","","","","UNAVAILABLE","","UNAVAILABLE","","UNAVAILABLE","","UNAVAILABLE","","UNAVAILABLE","","UNAVAILABLE","","UNAVAILABLE","","","","UNAVAILABLE","","UNAVAILABLE","","UNAVAILABLE","","UNAVAILABLE","","UNAVAILABLE","","UNAVAILABLE","","UNAVAILABLE","","","","UNAVAILABLE","","UNAVAILABLE","","UNAVAILABLE","","UNAVAILABLE","","UNAVAILABLE","","UNAVAILABLE","","UNAVAILABLE","","","","","","","","","","","","","","","","","","","","","","","","","","","","","UNAVAILABLE","","UNAVAILABLE","","UNAVAILABLE","","UNAVAILABLE","","UNAVAILABLE","","UNAVAILABLE","","UNAVAILABLE","","","","UNAVAILABLE","","UNAVAILABLE","","UNAVAILABLE","","UNAVAILABLE","","UNAVAILABLE","","UNAVAILABLE","","UNAVAILABLE","","","","UNAVAILABLE","","UNAVAILABLE","","UNAVAILABLE","","UNAVAILABLE","","UNAVAILABLE","","UNAVAILABLE","","UNAVAILABLE","","","","","","","","","","","","","","","","2026.07.24 00:00:00","0.00358000","358.00000000","35.80000000","1.13807000","1.13702000","DOWN","0.00498840","498.83965015","49.88396501","","","","74.65277778","74.65277778","18","INSUFFICIENT"
"2026.07.26","Sunday","EURUSD","-3","WEEKEND","UNKNOWN","","false","false","0","0","0","0","0","","","","","","","","false","0","0","0","0","0","","","","","","","","","","","","","","","","","","","","UNAVAILABLE","","","","","false","0","0","0","0","0","","","","","","","","","","","","","","","","","","","","","","","","","","","","","","","","","","","","UNAVAILABLE","","UNAVAILABLE","","UNAVAILABLE","","UNAVAILABLE","","UNAVAILABLE","","UNAVAILABLE","","UNAVAILABLE","","","","UNAVAILABLE","","UNAVAILABLE","","UNAVAILABLE","","UNAVAILABLE","","UNAVAILABLE","","UNAVAILABLE","","UNAVAILABLE","","","","UNAVAILABLE","","UNAVAILABLE","","UNAVAILABLE","","UNAVAILABLE","","UNAVAILABLE","","UNAVAILABLE","","UNAVAILABLE","","","","","","","","","","","","","","","","","","","","","","","","","","","","","UNAVAILABLE","","UNAVAILABLE","","UNAVAILABLE","","UNAVAILABLE","","UNAVAILABLE","","UNAVAILABLE","","UNAVAILABLE","","","","UNAVAILABLE","","UNAVAILABLE","","UNAVAILABLE","","UNAVAILABLE","","UNAVAILABLE","","UNAVAILABLE","","UNAVAILABLE","","","","UNAVAILABLE","","UNAVAILABLE","","UNAVAILABLE","","UNAVAILABLE","","UNAVAILABLE","","UNAVAILABLE","","UNAVAILABLE","","","","","","","","","","","","","","","","2026.07.24 00:00:00","0.00358000","358.00000000","35.80000000","1.13807000","1.13702000","DOWN","0.00498840","498.83965015","49.88396501","","","","74.65277778","74.65277778","18","INSUFFICIENT"
"2026.07.27","Monday","EURUSD","-3","OK","VALID","true","true","true","480","480","0","0","0","1.14184000","1.13883000","0.00301000","301.00000000","30.10000000","2026.07.27 03:41:00","2026.07.26 20:26:00","true","240","240","0","0","0","1.14101000","1.13934000","0.00167000","167.00000000","16.70000000","2026.07.27 04:15:00","2026.07.27 07:11:00","0.55481728","1.14017500","0.44684385","2026.07.27 08:00:00","1.13954000","0.23588040","230.00000000","23.00000000","76.41196013","71.00000000","7.10000000","23.58803987","LOW_ONLY","LOW","2026.07.27 08:52:00","52.00000000","1.13883000","true","360","360","0","0","0","1.13960000","1.13682000","0.00278000","278.00000000","27.80000000","2026.07.27 08:00:00","2026.07.27 12:12:00","0.92358804","false","","","","","","","","","","","","","","","","","","","","","","","","","","","NO_BREAK","","NO_BREAK","","NO_BREAK","","NO_BREAK","","NO_BREAK","","NO_BREAK","","NO_BREAK","","","","NO_BREAK","","NO_BREAK","","NO_BREAK","","NO_BREAK","","NO_BREAK","","NO_BREAK","","NO_BREAK","","","","NO_BREAK","","NO_BREAK","","NO_BREAK","","NO_BREAK","","NO_BREAK","","NO_BREAK","","NO_BREAK","","true","2026.07.27 08:52:00","1.13883000","1.13889000","false","201.00000000","20.10000000","66.77740864","21.00000000","2.10000000","6.97674419","21.00000000","2.10000000","6.97674419","0.06976744","0.66777409","false","2026.07.27 12:12:00","200.00000000","true","2026.07.27 08:52:00","2026.07.27 08:52:00","false","","","167.00000000","16.70000000","HIT_BEFORE_SL","true","HIT_BEFORE_SL","true","NOT_REACHED","false","NOT_REACHED","false","NOT_REACHED","false","NOT_REACHED","false","NOT_REACHED","false","150.50000000","15.05000000","HIT_BEFORE_SL","true","HIT_BEFORE_SL","true","NOT_REACHED","false","NOT_REACHED","false","NOT_REACHED","false","NOT_REACHED","false","NOT_REACHED","false","218.00000000","21.80000000","HIT_BEFORE_SL","true","NOT_REACHED","false","NOT_REACHED","false","NOT_REACHED","false","NOT_REACHED","false","NOT_REACHED","false","NOT_REACHED","false","true","2026.07.27 08:52:00","false","201.00000000","20.10000000","66.77740864","21.00000000","2.10000000","6.97674419","21.00000000","2.10000000","6.97674419","2026.07.27 12:12:00","200.00000000","2026.07.24 00:00:00","0.00358000","358.00000000","35.80000000","1.13807000","1.13702000","DOWN","0.00498840","498.83965015","49.88396501","","","","74.65277778","74.65277778","18","INSUFFICIENT"
"2026.07.28","Tuesday","EURUSD","-3","OK","INVALID","false","true","true","480","480","0","0","0","1.13803000","1.13616000","0.00187000","187.00000000","18.70000000","2026.07.28 00:33:00","2026.07.28 02:14:00","true","240","240","0","0","0","1.13736000","1.13533000","0.00203000","203.00000000","20.30000000","2026.07.28 04:14:00","2026.07.28 07:10:00","1.08556150","1.13634500","0.09893048","2026.07.28 08:00:00","1.13605000","-0.05882353","198.00000000","19.80000000","105.88235294","-11.00000000","-1.10000000","-5.88235294","LOW_THEN_HIGH","LOW","2026.07.28 08:00:00","0.00000000","1.13616000","true","360","360","0","0","0","1.14053000","1.13566000","0.00487000","487.00000000","48.70000000","2026.07.28 13:28:00","2026.07.28 08:11:00","2.60427807","true","2026.07.28 11:51:00","1.13803000","1.13781000","false","250.00000000","25.00000000","133.68983957","23.00000000","2.30000000","12.29946524","16.00000000","1.60000000","8.55614973","0.12299465","1.33689840","true","2026.07.28 13:28:00","97.00000000","true","2026.07.28 11:51:00","2026.07.28 11:51:00","false","","","203.00000000","20.30000000","HIT_BEFORE_SL","true","HIT_BEFORE_SL","true","NOT_REACHED","false","NOT_REACHED","false","NOT_REACHED","false","NOT_REACHED","false","NOT_REACHED","false","93.50000000","9.35000000","HIT_BEFORE_SL","true","HIT_BEFORE_SL","true","HIT_BEFORE_SL","true","HIT_BEFORE_SL","true","HIT_BEFORE_SL","true","NOT_REACHED","false","NOT_REACHED","false","270.00000000","27.00000000","HIT_BEFORE_SL","true","NOT_REACHED","false","NOT_REACHED","false","NOT_REACHED","false","NOT_REACHED","false","NOT_REACHED","false","NOT_REACHED","false","true","2026.07.28 08:00:00","1.13616000","1.13605000","true","50.00000000","5.00000000","26.73796791","437.00000000","43.70000000","233.68983957","437.00000000","43.70000000","233.68983957","2.33689840","0.26737968","false","2026.07.28 08:11:00","11.00000000","true","2026.07.28 08:18:00","2026.07.28 08:18:00","true","2026.07.28 11:51:00","2026.07.28 11:51:00","203.00000000","20.30000000","NA_GAP","","NA_GAP","","NA_GAP","","NA_GAP","","NA_GAP","","NA_GAP","","NA_GAP","","93.50000000","9.35000000","NA_GAP","","NA_GAP","","NA_GAP","","NA_GAP","","NA_GAP","","NA_GAP","","NA_GAP","","120.00000000","12.00000000","NA_GAP","","NA_GAP","","NA_GAP","","NA_GAP","","NA_GAP","","NA_GAP","","NA_GAP","","true","2026.07.28 08:18:00","true","50.00000000","5.00000000","26.73796791","437.00000000","43.70000000","233.68983957","437.00000000","43.70000000","233.68983957","2026.07.28 08:11:00","11.00000000","2026.07.27 00:00:00","0.00520000","520.00000000","52.00000000","1.14054000","1.13770000","DOWN","0.00500351","500.35110371","50.03511037","","","","99.30555556","74.65277778","19","INSUFFICIENT"
"2026.07.29","Wednesday","EURUSD","-3","OK","VALID","true","true","true","480","480","0","0","0","1.14038000","1.13820000","0.00218000","218.00000000","21.80000000","2026.07.29 01:45:00","2026.07.28 20:07:00","true","240","240","0","0","0","1.14011000","1.13832000","0.00179000","179.00000000","17.90000000","2026.07.29 04:50:00","2026.07.29 07:55:00","0.82110092","1.13921500","0.46559633","2026.07.29 08:00:00","1.13854000","0.15596330","184.00000000","18.40000000","84.40366972","34.00000000","3.40000000","15.59633028","LOW_ONLY","LOW","2026.07.29 08:44:00","44.00000000","1.13820000","true","360","360","0","0","0","1.13970000","1.13744000","0.00226000","226.00000000","22.60000000","2026.07.29 11:38:00","2026.07.29 09:16:00","1.03669725","false","","","","","","","","","","","","","","","","","","","","","","","","","","","NO_BREAK","","NO_BREAK","","NO_BREAK","","NO_BREAK","","NO_BREAK","","NO_BREAK","","NO_BREAK","","","","NO_BREAK","","NO_BREAK","","NO_BREAK","","NO_BREAK","","NO_BREAK","","NO_BREAK","","NO_BREAK","","","","NO_BREAK","","NO_BREAK","","NO_BREAK","","NO_BREAK","","NO_BREAK","","NO_BREAK","","NO_BREAK","","true","2026.07.29 08:44:00","1.13820000","1.13826000","false","76.00000000","7.60000000","34.86238532","150.00000000","15.00000000","68.80733945","150.00000000","15.00000000","68.80733945","0.68807339","0.34862385","false","2026.07.29 09:16:00","32.00000000","true","2026.07.29 08:44:00","2026.07.29 08:44:00","false","","","179.00000000","17.90000000","NOT_REACHED","false","NOT_REACHED","false","NOT_REACHED","false","NOT_REACHED","false","NOT_REACHED","false","NOT_REACHED","false","NOT_REACHED","false","109.00000000","10.90000000","HIT_BEFORE_SL","true","SL_FIRST","false","SL_FIRST","false","SL_FIRST","false","SL_FIRST","false","SL_FIRST","false","SL_FIRST","false","191.00000000","19.10000000","NOT_REACHED","false","NOT_REACHED","false","NOT_REACHED","false","NOT_REACHED","false","NOT_REACHED","false","NOT_REACHED","false","NOT_REACHED","false","true","2026.07.29 08:44:00","false","76.00000000","7.60000000","34.86238532","150.00000000","15.00000000","68.80733945","150.00000000","15.00000000","68.80733945","2026.07.29 09:16:00","32.00000000","2026.07.28 00:00:00","0.00520000","520.00000000","52.00000000","1.13770000","1.13947000","UP","0.00501755","501.75459630","50.17545963","0.00501800","501.80000000","50.18000000","99.30555556","74.65277778","20","OBSERVED_M1_PARTIAL"
"2026.07.30","Thursday","EURUSD","-3","OK","INVALID","false","true","true","480","480","0","0","0","1.14751000","1.14431000","0.00320000","320.00000000","32.00000000","2026.07.29 20:08:00","2026.07.30 03:32:00","true","240","240","0","0","0","1.14842000","1.14342000","0.00500000","500.00000000","50.00000000","2026.07.30 07:43:00","2026.07.30 04:32:00","1.56250000","1.14592000","0.50312500","2026.07.30 08:00:00","1.14727000","0.92500000","24.00000000","2.40000000","7.50000000","296.00000000","29.60000000","92.50000000","HIGH_ONLY","HIGH","2026.07.30 08:00:00","0.00000000","1.14751000","true","360","360","0","0","0","1.15370000","1.14648000","0.00722000","722.00000000","72.20000000","2026.07.30 11:04:00","2026.07.30 08:42:00","2.25625000","true","2026.07.30 08:00:00","1.14751000","1.14727000","false","619.00000000","61.90000000","193.43750000","103.00000000","10.30000000","32.18750000","103.00000000","10.30000000","32.18750000","0.32187500","1.93437500","false","2026.07.30 11:04:00","184.00000000","true","2026.07.30 08:00:00","2026.07.30 08:00:00","false","","","500.00000000","50.00000000","HIT_BEFORE_SL","true","HIT_BEFORE_SL","true","NOT_REACHED","false","NOT_REACHED","false","NOT_REACHED","false","NOT_REACHED","false","NOT_REACHED","false","160.00000000","16.00000000","HIT_BEFORE_SL","true","HIT_BEFORE_SL","true","HIT_BEFORE_SL","true","HIT_BEFORE_SL","true","HIT_BEFORE_SL","true","HIT_BEFORE_SL","true","NOT_REACHED","false","409.00000000","40.90000000","HIT_BEFORE_SL","true","HIT_BEFORE_SL","true","HIT_BEFORE_SL","true","NOT_REACHED","false","NOT_REACHED","false","NOT_REACHED","false","NOT_REACHED","false","false","","","","","","","","","","","","","","","","","","","","","","","","","","","NO_BREAK","","NO_BREAK","","NO_BREAK","","NO_BREAK","","NO_BREAK","","NO_BREAK","","NO_BREAK","","","","NO_BREAK","","NO_BREAK","","NO_BREAK","","NO_BREAK","","NO_BREAK","","NO_BREAK","","NO_BREAK","","","","NO_BREAK","","NO_BREAK","","NO_BREAK","","NO_BREAK","","NO_BREAK","","NO_BREAK","","NO_BREAK","","true","2026.07.30 08:00:00","false","619.00000000","61.90000000","193.43750000","103.00000000","10.30000000","32.18750000","103.00000000","10.30000000","32.18750000","2026.07.30 11:04:00","184.00000000","2026.07.29 00:00:00","0.01007000","1007.00000000","100.70000000","1.13946000","1.14528000","UP","0.00537844","537.84355371","53.78435537","0.00527200","527.20000000","52.72000000","99.30555556","74.65277778","20","OBSERVED_M1_PARTIAL"
"2026.07.31","Friday","EURUSD","-3","OK","INVALID","false","true","true","480","480","0","0","0","1.15310000","1.15042000","0.00268000","268.00000000","26.80000000","2026.07.30 20:01:00","2026.07.31 01:49:00","true","240","240","0","0","0","1.15262000","1.15008000","0.00254000","254.00000000","25.40000000","2026.07.31 05:58:00","2026.07.31 07:30:00","0.94776119","1.15135000","0.34701493","2026.07.31 08:00:00","1.15019000","-0.08582090","291.00000000","29.10000000","108.58208955","-23.00000000","-2.30000000","-8.58208955","LOW_ONLY","LOW","2026.07.31 08:00:00","0.00000000","1.15042000","true","360","360","0","0","0","1.15192000","1.14549000","0.00643000","643.00000000","64.30000000","2026.07.31 13:14:00","2026.07.31 10:40:00","2.39925373","false","","","","","","","","","","","","","","","","","","","","","","","","","","","NO_BREAK","","NO_BREAK","","NO_BREAK","","NO_BREAK","","NO_BREAK","","NO_BREAK","","NO_BREAK","","","","NO_BREAK","","NO_BREAK","","NO_BREAK","","NO_BREAK","","NO_BREAK","","NO_BREAK","","NO_BREAK","","","","NO_BREAK","","NO_BREAK","","NO_BREAK","","NO_BREAK","","NO_BREAK","","NO_BREAK","","NO_BREAK","","true","2026.07.31 08:00:00","1.15042000","1.15019000","true","493.00000000","49.30000000","183.95522388","150.00000000","15.00000000","55.97014925","150.00000000","15.00000000","55.97014925","0.55970149","1.83955224","false","2026.07.31 10:40:00","160.00000000","true","2026.07.31 11:53:00","2026.07.31 11:53:00","false","","","254.00000000","25.40000000","NA_GAP","","NA_GAP","","NA_GAP","","NA_GAP","","NA_GAP","","NA_GAP","","NA_GAP","","134.00000000","13.40000000","NA_GAP","","NA_GAP","","NA_GAP","","NA_GAP","","NA_GAP","","NA_GAP","","NA_GAP","","220.00000000","22.00000000","NA_GAP","","NA_GAP","","NA_GAP","","NA_GAP","","NA_GAP","","NA_GAP","","NA_GAP","","true","2026.07.31 11:53:00","false","493.00000000","49.30000000","183.95522388","150.00000000","15.00000000","55.97014925","150.00000000","15.00000000","55.97014925","2026.07.31 10:40:00","160.00000000","2026.07.30 00:00:00","0.01028000","1028.00000000","102.80000000","1.14528000","1.15119000","UP","0.00572855","572.85472844","57.28547284","0.00531250","531.25000000","53.12500000","99.30555556","74.65277778","20","OBSERVED_M1_PARTIAL"
"2026.08.01","Saturday","EURUSD","-3","WEEKEND","UNKNOWN","","false","false","0","0","0","0","0","","","","","","","","false","0","0","0","0","0","","","","","","","","","","","","","","","","","","","","UNAVAILABLE","","","","","false","0","0","0","0","0","","","","","","","","","","","","","","","","","","","","","","","","","","","","","","","","","","","","UNAVAILABLE","","UNAVAILABLE","","UNAVAILABLE","","UNAVAILABLE","","UNAVAILABLE","","UNAVAILABLE","","UNAVAILABLE","","","","UNAVAILABLE","","UNAVAILABLE","","UNAVAILABLE","","UNAVAILABLE","","UNAVAILABLE","","UNAVAILABLE","","UNAVAILABLE","","","","UNAVAILABLE","","UNAVAILABLE","","UNAVAILABLE","","UNAVAILABLE","","UNAVAILABLE","","UNAVAILABLE","","UNAVAILABLE","","","","","","","","","","","","","","","","","","","","","","","","","","","","","UNAVAILABLE","","UNAVAILABLE","","UNAVAILABLE","","UNAVAILABLE","","UNAVAILABLE","","UNAVAILABLE","","UNAVAILABLE","","","","UNAVAILABLE","","UNAVAILABLE","","UNAVAILABLE","","UNAVAILABLE","","UNAVAILABLE","","UNAVAILABLE","","UNAVAILABLE","","","","UNAVAILABLE","","UNAVAILABLE","","UNAVAILABLE","","UNAVAILABLE","","UNAVAILABLE","","UNAVAILABLE","","UNAVAILABLE","","","","","","","","","","","","","","","","2026.07.31 00:00:00","0.00926000","926.00000000","92.60000000","1.15120000","1.15401000","UP","0.00598079","598.07939070","59.80793907","0.00562950","562.95000000","56.29500000","74.65277778","74.65277778","20","OBSERVED_M1_PARTIAL"
"2026.08.02","Sunday","EURUSD","-3","WEEKEND","UNKNOWN","","false","false","0","0","0","0","0","","","","","","","","false","0","0","0","0","0","","","","","","","","","","","","","","","","","","","","UNAVAILABLE","","","","","false","0","0","0","0","0","","","","","","","","","","","","","","","","","","","","","","","","","","","","","","","","","","","","UNAVAILABLE","","UNAVAILABLE","","UNAVAILABLE","","UNAVAILABLE","","UNAVAILABLE","","UNAVAILABLE","","UNAVAILABLE","","","","UNAVAILABLE","","UNAVAILABLE","","UNAVAILABLE","","UNAVAILABLE","","UNAVAILABLE","","UNAVAILABLE","","UNAVAILABLE","","","","UNAVAILABLE","","UNAVAILABLE","","UNAVAILABLE","","UNAVAILABLE","","UNAVAILABLE","","UNAVAILABLE","","UNAVAILABLE","","","","","","","","","","","","","","","","","","","","","","","","","","","","","UNAVAILABLE","","UNAVAILABLE","","UNAVAILABLE","","UNAVAILABLE","","UNAVAILABLE","","UNAVAILABLE","","UNAVAILABLE","","","","UNAVAILABLE","","UNAVAILABLE","","UNAVAILABLE","","UNAVAILABLE","","UNAVAILABLE","","UNAVAILABLE","","UNAVAILABLE","","","","UNAVAILABLE","","UNAVAILABLE","","UNAVAILABLE","","UNAVAILABLE","","UNAVAILABLE","","UNAVAILABLE","","UNAVAILABLE","","","","","","","","","","","","","","","","2026.07.31 00:00:00","0.00926000","926.00000000","92.60000000","1.15120000","1.15401000","UP","0.00598079","598.07939070","59.80793907","0.00562950","562.95000000","56.29500000","74.65277778","74.65277778","20","OBSERVED_M1_PARTIAL"
"2026.08.03","Monday","EURUSD","-3","OK","INVALID","false","true","true","480","480","0","0","0","1.15561000","1.15235000","0.00326000","326.00000000","32.60000000","2026.08.02 21:45:00","2026.08.03 03:46:00","true","240","240","0","0","0","1.15322000","1.15171000","0.00151000","151.00000000","15.10000000","2026.08.03 04:35:00","2026.08.03 07:18:00","0.46319018","1.15246500","0.03527607","2026.08.03 08:00:00","1.15221000","-0.04294479","340.00000000","34.00000000","104.29447853","-14.00000000","-1.40000000","-4.29447853","LOW_ONLY","LOW","2026.08.03 08:00:00","0.00000000","1.15235000","true","360","360","0","0","0","1.15352000","1.15001000","0.00351000","351.00000000","35.10000000","2026.08.03 09:10:00","2026.08.03 12:32:00","1.07668712","false","","","","","","","","","","","","","","","","","","","","","","","","","","","NO_BREAK","","NO_BREAK","","NO_BREAK","","NO_BREAK","","NO_BREAK","","NO_BREAK","","NO_BREAK","","","","NO_BREAK","","NO_BREAK","","NO_BREAK","","NO_BREAK","","NO_BREAK","","NO_BREAK","","NO_BREAK","","","","NO_BREAK","","NO_BREAK","","NO_BREAK","","NO_BREAK","","NO_BREAK","","NO_BREAK","","NO_BREAK","","true","2026.08.03 08:00:00","1.15235000","1.15221000","true","234.00000000","23.40000000","71.77914110","117.00000000","11.70000000","35.88957055","117.00000000","11.70000000","35.88957055","0.35889571","0.71779141","false","2026.08.03 12:32:00","272.00000000","true","2026.08.03 08:00:00","2026.08.03 08:00:00","false","","","151.00000000","15.10000000","NA_GAP","","NA_GAP","","NA_GAP","","NA_GAP","","NA_GAP","","NA_GAP","","NA_GAP","","163.00000000","16.30000000","NA_GAP","","NA_GAP","","NA_GAP","","NA_GAP","","NA_GAP","","NA_GAP","","NA_GAP","","87.00000000","8.70000000","NA_GAP","","NA_GAP","","NA_GAP","","NA_GAP","","NA_GAP","","NA_GAP","","NA_GAP","","true","2026.08.03 08:00:00","false","234.00000000","23.40000000","71.77914110","117.00000000","11.70000000","35.88957055","117.00000000","11.70000000","35.88957055","2026.08.03 12:32:00","272.00000000","2026.07.31 00:00:00","0.00926000","926.00000000","92.60000000","1.15120000","1.15401000","UP","0.00598079","598.07939070","59.80793907","0.00562950","562.95000000","56.29500000","74.65277778","74.65277778","20","OBSERVED_M1_PARTIAL"
"2026.08.04","Tuesday","EURUSD","-3","OK","INVALID","false","true","true","480","480","0","0","0","1.15149000","1.15021000","0.00128000","128.00000000","12.80000000","2026.08.03 21:39:00","2026.08.03 22:01:00","true","240","240","0","0","0","1.15190000","1.15032000","0.00158000","158.00000000","15.80000000","2026.08.04 07:48:00","2026.08.04 06:07:00","1.23437500","1.15111000","0.70312500","2026.08.04 08:00:00","1.15137000","0.90625000","12.00000000","1.20000000","9.37500000","116.00000000","11.60000000","90.62500000","HIGH_ONLY","HIGH","2026.08.04 08:10:00","10.00000000","1.15149000","true","360","360","0","0","0","1.15309000","1.15092000","0.00217000","217.00000000","21.70000000","2026.08.04 11:15:00","2026.08.04 10:20:00","1.69531250","true","2026.08.04 08:10:00","1.15149000","1.15144000","false","160.00000000","16.00000000","125.00000000","57.00000000","5.70000000","44.53125000","57.00000000","5.70000000","44.53125000","0.44531250","1.25000000","false","2026.08.04 11:15:00","185.00000000","true","2026.08.04 08:12:00","2026.08.04 08:10:00","false","","","158.00000000","15.80000000","HIT_BEFORE_SL","true","HIT_BEFORE_SL","true","NOT_REACHED","false","NOT_REACHED","false","NOT_REACHED","false","NOT_REACHED","false","NOT_REACHED","false","64.00000000","6.40000000","HIT_BEFORE_SL","true","HIT_BEFORE_SL","true","HIT_BEFORE_SL","true","HIT_BEFORE_SL","true","HIT_BEFORE_SL","true","NOT_REACHED","false","NOT_REACHED","false","117.00000000","11.70000000","HIT_BEFORE_SL","true","HIT_BEFORE_SL","true","NOT_REACHED","false","NOT_REACHED","false","NOT_REACHED","false","NOT_REACHED","false","NOT_REACHED","false","false","","","","","","","","","","","","","","","","","","","","","","","","","","","NO_BREAK","","NO_BREAK","","NO_BREAK","","NO_BREAK","","NO_BREAK","","NO_BREAK","","NO_BREAK","","","","NO_BREAK","","NO_BREAK","","NO_BREAK","","NO_BREAK","","NO_BREAK","","NO_BREAK","","NO_BREAK","","","","NO_BREAK","","NO_BREAK","","NO_BREAK","","NO_BREAK","","NO_BREAK","","NO_BREAK","","NO_BREAK","","true","2026.08.04 08:12:00","false","160.00000000","16.00000000","125.00000000","57.00000000","5.70000000","44.53125000","57.00000000","5.70000000","44.53125000","2026.08.04 11:15:00","185.00000000","2026.08.03 00:00:00","0.00387000","387.00000000","38.70000000","1.15310000","1.15080000","DOWN","0.00583931","583.93086279","58.39308628","0.00562300","562.30000000","56.23000000","99.30555556","74.65277778","20","OBSERVED_M1_PARTIAL"
"2026.08.05","Wednesday","EURUSD","-3","OK","INVALID","false","true","true","480","480","0","0","0","1.15460000","1.15266000","0.00194000","194.00000000","19.40000000","2026.08.05 03:49:00","2026.08.04 23:00:00","true","240","240","0","0","0","1.15466000","1.15310000","0.00156000","156.00000000","15.60000000","2026.08.05 04:02:00","2026.08.05 05:45:00","0.80412371","1.15388000","0.62886598","2026.08.05 08:00:00","1.15394000","0.65979381","66.00000000","6.60000000","34.02061856","128.00000000","12.80000000","65.97938144","HIGH_ONLY","HIGH","2026.08.05 08:14:00","14.00000000","1.15460000","true","360","360","0","0","0","1.15572000","1.15394000","0.00178000","178.00000000","17.80000000","2026.08.05 09:22:00","2026.08.05 08:00:00","0.91752577","true","2026.08.05 08:14:00","1.15460000","1.15456000","false","112.00000000","11.20000000","57.73195876","61.00000000","6.10000000","31.44329897","61.00000000","6.10000000","31.44329897","0.31443299","0.57731959","false","2026.08.05 09:22:00","68.00000000","true","2026.08.05 08:14:00","2026.08.05 08:14:00","false","","","156.00000000","15.60000000","HIT_BEFORE_SL","true","NOT_REACHED","false","NOT_REACHED","false","NOT_REACHED","false","NOT_REACHED","false","NOT_REACHED","false","NOT_REACHED","false","97.00000000","9.70000000","HIT_BEFORE_SL","true","HIT_BEFORE_SL","true","NOT_REACHED","false","NOT_REACHED","false","NOT_REACHED","false","NOT_REACHED","false","NOT_REACHED","false","150.00000000","15.00000000","HIT_BEFORE_SL","true","NOT_REACHED","false","NOT_REACHED","false","NOT_REACHED","false","NOT_REACHED","false","NOT_REACHED","false","NOT_REACHED","false","false","","","","","","","","","","","","","","","","","","","","","","","","","","","NO_BREAK","","NO_BREAK","","NO_BREAK","","NO_BREAK","","NO_BREAK","","NO_BREAK","","NO_BREAK","","","","NO_BREAK","","NO_BREAK","","NO_BREAK","","NO_BREAK","","NO_BREAK","","NO_BREAK","","NO_BREAK","","","","NO_BREAK","","NO_BREAK","","NO_BREAK","","NO_BREAK","","NO_BREAK","","NO_BREAK","","NO_BREAK","","true","2026.08.05 08:14:00","false","112.00000000","11.20000000","57.73195876","61.00000000","6.10000000","31.44329897","61.00000000","6.10000000","31.44329897","2026.08.05 09:22:00","68.00000000","2026.08.04 00:00:00","0.00374000","374.00000000","37.40000000","1.15079000","1.15347000","UP","0.00568936","568.93580116","56.89358012","0.00558750","558.75000000","55.87500000","99.30555556","74.65277778","20","OBSERVED_M1_PARTIAL"
"2026.08.06","Thursday","EURUSD","-3","OK","INVALID","false","true","true","480","480","0","0","0","1.15597000","1.15430000","0.00167000","167.00000000","16.70000000","2026.08.05 21:53:00","2026.08.06 03:57:00","true","240","240","0","0","0","1.15467000","1.15363000","0.00104000","104.00000000","10.40000000","2026.08.06 04:16:00","2026.08.06 06:45:00","0.62275449","1.15415000","-0.08982036","2026.08.06 08:00:00","1.15411000","-0.11377246","186.00000000","18.60000000","111.37724551","-19.00000000","-1.90000000","-11.37724551","LOW_ONLY","LOW","2026.08.06 08:00:00","0.00000000","1.15430000","true","360","360","0","0","0","1.15468000","1.15145000","0.00323000","323.00000000","32.30000000","2026.08.06 08:28:00","2026.08.06 13:18:00","1.93413174","false","","","","","","","","","","","","","","","","","","","","","","","","","","","NO_BREAK","","NO_BREAK","","NO_BREAK","","NO_BREAK","","NO_BREAK","","NO_BREAK","","NO_BREAK","","","","NO_BREAK","","NO_BREAK","","NO_BREAK","","NO_BREAK","","NO_BREAK","","NO_BREAK","","NO_BREAK","","","","NO_BREAK","","NO_BREAK","","NO_BREAK","","NO_BREAK","","NO_BREAK","","NO_BREAK","","NO_BREAK","","true","2026.08.06 08:00:00","1.15430000","1.15411000","true","285.00000000","28.50000000","170.65868263","38.00000000","3.80000000","22.75449102","38.00000000","3.80000000","22.75449102","0.22754491","1.70658683","false","2026.08.06 13:18:00","318.00000000","true","2026.08.06 08:01:00","2026.08.06 08:01:00","false","","","104.00000000","10.40000000","NA_GAP","","NA_GAP","","NA_GAP","","NA_GAP","","NA_GAP","","NA_GAP","","NA_GAP","","83.50000000","8.35000000","NA_GAP","","NA_GAP","","NA_GAP","","NA_GAP","","NA_GAP","","NA_GAP","","NA_GAP","","37.00000000","3.70000000","NA_GAP","","NA_GAP","","NA_GAP","","NA_GAP","","NA_GAP","","NA_GAP","","NA_GAP","","true","2026.08.06 08:01:00","false","285.00000000","28.50000000","170.65868263","38.00000000","3.80000000","22.75449102","38.00000000","3.80000000","22.75449102","2026.08.06 13:18:00","318.00000000","2026.08.05 00:00:00","0.00287000","287.00000000","28.70000000","1.15346000","1.15535000","UP","0.00548798","548.79752965","54.87975296","0.00552850","552.85000000","55.28500000","99.30555556","74.65277778","20","OBSERVED_M1_PARTIAL"
"2026.08.07","Friday","EURUSD","-3","OK","INVALID","false","true","true","480","480","0","0","0","1.15257000","1.15179000","0.00078000","78.00000000","7.80000000","2026.08.06 22:44:00","2026.08.06 21:56:00","true","240","240","0","0","0","1.15312000","1.15175000","0.00137000","137.00000000","13.70000000","2026.08.07 06:55:00","2026.08.07 04:06:00","1.75641026","1.15243500","0.82692308","2026.08.07 08:00:00","1.15269000","1.15384615","-12.00000000","-1.20000000","-15.38461538","90.00000000","9.00000000","115.38461538","HIGH_ONLY","HIGH","2026.08.07 08:00:00","0.00000000","1.15257000","true","360","360","0","0","0","1.15810000","1.15247000","0.00563000","563.00000000","56.30000000","2026.08.07 09:48:00","2026.08.07 09:30:00","7.21794872","true","2026.08.07 08:00:00","1.15257000","1.15269000","true","553.00000000","55.30000000","708.97435897","10.00000000","1.00000000","12.82051282","10.00000000","1.00000000","12.82051282","0.12820513","7.08974359","false","2026.08.07 09:48:00","108.00000000","true","2026.08.07 09:30:00","2026.08.07 09:30:00","false","","","137.00000000","13.70000000","NA_GAP","","NA_GAP","","NA_GAP","","NA_GAP","","NA_GAP","","NA_GAP","","NA_GAP","","39.00000000","3.90000000","NA_GAP","","NA_GAP","","NA_GAP","","NA_GAP","","NA_GAP","","NA_GAP","","NA_GAP","","82.00000000","8.20000000","NA_GAP","","NA_GAP","","NA_GAP","","NA_GAP","","NA_GAP","","NA_GAP","","NA_GAP","","false","","","","","","","","","","","","","","","","","","","","","","","","","","","NO_BREAK","","NO_BREAK","","NO_BREAK","","NO_BREAK","","NO_BREAK","","NO_BREAK","","NO_BREAK","","","","NO_BREAK","","NO_BREAK","","NO_BREAK","","NO_BREAK","","NO_BREAK","","NO_BREAK","","NO_BREAK","","","","NO_BREAK","","NO_BREAK","","NO_BREAK","","NO_BREAK","","NO_BREAK","","NO_BREAK","","NO_BREAK","","true","2026.08.07 09:30:00","false","553.00000000","55.30000000","708.97435897","10.00000000","1.00000000","12.82051282","10.00000000","1.00000000","12.82051282","2026.08.07 09:48:00","108.00000000","2026.08.06 00:00:00","0.00395000","395.00000000","39.50000000","1.15535000","1.15215000","DOWN","0.00537812","537.81199182","53.78119918","0.00552800","552.80000000","55.28000000","99.30555556","74.65277778","20","OBSERVED_M1_PARTIAL"
"2026.08.08","Saturday","EURUSD","-3","WEEKEND","UNKNOWN","","false","false","0","0","0","0","0","","","","","","","","false","0","0","0","0","0","","","","","","","","","","","","","","","","","","","","UNAVAILABLE","","","","","false","0","0","0","0","0","","","","","","","","","","","","","","","","","","","","","","","","","","","","","","","","","","","","UNAVAILABLE","","UNAVAILABLE","","UNAVAILABLE","","UNAVAILABLE","","UNAVAILABLE","","UNAVAILABLE","","UNAVAILABLE","","","","UNAVAILABLE","","UNAVAILABLE","","UNAVAILABLE","","UNAVAILABLE","","UNAVAILABLE","","UNAVAILABLE","","UNAVAILABLE","","","","UNAVAILABLE","","UNAVAILABLE","","UNAVAILABLE","","UNAVAILABLE","","UNAVAILABLE","","UNAVAILABLE","","UNAVAILABLE","","","","","","","","","","","","","","","","","","","","","","","","","","","","","UNAVAILABLE","","UNAVAILABLE","","UNAVAILABLE","","UNAVAILABLE","","UNAVAILABLE","","UNAVAILABLE","","UNAVAILABLE","","","","UNAVAILABLE","","UNAVAILABLE","","UNAVAILABLE","","UNAVAILABLE","","UNAVAILABLE","","UNAVAILABLE","","UNAVAILABLE","","","","UNAVAILABLE","","UNAVAILABLE","","UNAVAILABLE","","UNAVAILABLE","","UNAVAILABLE","","UNAVAILABLE","","UNAVAILABLE","","","","","","","","","","","","","","","","2026.08.07 00:00:00","0.00635000","635.00000000","63.50000000","1.15215000","1.15577000","UP","0.00544754","544.75399240","54.47539924","0.00560600","560.60000000","56.06000000","74.65277778","74.65277778","20","OBSERVED_M1_PARTIAL"
"2026.08.09","Sunday","EURUSD","-3","WEEKEND","UNKNOWN","","false","false","0","0","0","0","0","","","","","","","","false","0","0","0","0","0","","","","","","","","","","","","","","","","","","","","UNAVAILABLE","","","","","false","0","0","0","0","0","","","","","","","","","","","","","","","","","","","","","","","","","","","","","","","","","","","","UNAVAILABLE","","UNAVAILABLE","","UNAVAILABLE","","UNAVAILABLE","","UNAVAILABLE","","UNAVAILABLE","","UNAVAILABLE","","","","UNAVAILABLE","","UNAVAILABLE","","UNAVAILABLE","","UNAVAILABLE","","UNAVAILABLE","","UNAVAILABLE","","UNAVAILABLE","","","","UNAVAILABLE","","UNAVAILABLE","","UNAVAILABLE","","UNAVAILABLE","","UNAVAILABLE","","UNAVAILABLE","","UNAVAILABLE","","","","","","","","","","","","","","","","","","","","","","","","","","","","","UNAVAILABLE","","UNAVAILABLE","","UNAVAILABLE","","UNAVAILABLE","","UNAVAILABLE","","UNAVAILABLE","","UNAVAILABLE","","","","UNAVAILABLE","","UNAVAILABLE","","UNAVAILABLE","","UNAVAILABLE","","UNAVAILABLE","","UNAVAILABLE","","UNAVAILABLE","","","","UNAVAILABLE","","UNAVAILABLE","","UNAVAILABLE","","UNAVAILABLE","","UNAVAILABLE","","UNAVAILABLE","","UNAVAILABLE","","","","","","","","","","","","","","","","2026.08.07 00:00:00","0.00635000","635.00000000","63.50000000","1.15215000","1.15577000","UP","0.00544754","544.75399240","54.47539924","0.00560600","560.60000000","56.06000000","74.65277778","74.65277778","20","OBSERVED_M1_PARTIAL"
"2026.08.10","Monday","EURUSD","-3","OK","INVALID","false","true","true","480","480","0","0","0","1.15593000","1.15477000","0.00116000","116.00000000","11.60000000","2026.08.09 21:13:00","2026.08.10 01:07:00","true","240","240","0","0","0","1.15658000","1.15518000","0.00140000","140.00000000","14.00000000","2026.08.10 05:15:00","2026.08.10 04:04:00","1.20689655","1.15588000","0.95689655","2026.08.10 08:00:00","1.15551000","0.63793103","42.00000000","4.20000000","36.20689655","74.00000000","7.40000000","63.79310345","LOW_ONLY","LOW","2026.08.10 09:26:00","86.00000000","1.15477000","true","360","360","0","0","0","1.15566000","1.15437000","0.00129000","129.00000000","12.90000000","2026.08.10 08:04:00","2026.08.10 10:53:00","1.11206897","false","","","","","","","","","","","","","","","","","","","","","","","","","","","NO_BREAK","","NO_BREAK","","NO_BREAK","","NO_BREAK","","NO_BREAK","","NO_BREAK","","NO_BREAK","","","","NO_BREAK","","NO_BREAK","","NO_BREAK","","NO_BREAK","","NO_BREAK","","NO_BREAK","","NO_BREAK","","","","NO_BREAK","","NO_BREAK","","NO_BREAK","","NO_BREAK","","NO_BREAK","","NO_BREAK","","NO_BREAK","","true","2026.08.10 09:26:00","1.15477000","1.15490000","false","40.00000000","4.00000000","34.48275862","81.00000000","8.10000000","69.82758621","81.00000000","8.10000000","69.82758621","0.69827586","0.34482759","false","2026.08.10 10:53:00","87.00000000","true","2026.08.10 09:27:00","2026.08.10 09:26:00","false","","","140.00000000","14.00000000","NOT_REACHED","false","NOT_REACHED","false","NOT_REACHED","false","NOT_REACHED","false","NOT_REACHED","false","NOT_REACHED","false","NOT_REACHED","false","58.00000000","5.80000000","SL_FIRST","false","SL_FIRST","false","SL_FIRST","false","SL_FIRST","false","SL_FIRST","false","SL_FIRST","false","SL_FIRST","false","181.00000000","18.10000000","NOT_REACHED","false","NOT_REACHED","false","NOT_REACHED","false","NOT_REACHED","false","NOT_REACHED","false","NOT_REACHED","false","NOT_REACHED","false","true","2026.08.10 09:27:00","false","40.00000000","4.00000000","34.48275862","81.00000000","8.10000000","69.82758621","81.00000000","8.10000000","69.82758621","2026.08.10 10:53:00","87.00000000","2026.08.07 00:00:00","0.00635000","635.00000000","63.50000000","1.15215000","1.15577000","UP","0.00544754","544.75399240","54.47539924","0.00560600","560.60000000","56.06000000","74.65277778","74.65277778","20","OBSERVED_M1_PARTIAL"
"2026.08.11","Tuesday","EURUSD","-3","OK","INVALID","false","true","true","480","480","0","0","0","1.15499000","1.15327000","0.00172000","172.00000000","17.20000000","2026.08.10 21:43:00","2026.08.11 03:33:00","true","240","240","0","0","0","1.15400000","1.15312000","0.00088000","88.00000000","8.80000000","2026.08.11 04:09:00","2026.08.11 05:12:00","0.51162791","1.15356000","0.16860465","2026.08.11 08:00:00","1.15364000","0.21511628","135.00000000","13.50000000","78.48837209","37.00000000","3.70000000","21.51162791","NO_BREAK","NONE","","","","true","360","360","0","0","0","1.15485000","1.15337000","0.00148000","148.00000000","14.80000000","2026.08.11 10:52:00","2026.08.11 09:23:00","0.86046512","false","","","","","","","","","","","","","","","","","","","","","","","","","","","NO_BREAK","","NO_BREAK","","NO_BREAK","","NO_BREAK","","NO_BREAK","","NO_BREAK","","NO_BREAK","","","","NO_BREAK","","NO_BREAK","","NO_BREAK","","NO_BREAK","","NO_BREAK","","NO_BREAK","","NO_BREAK","","","","NO_BREAK","","NO_BREAK","","NO_BREAK","","NO_BREAK","","NO_BREAK","","NO_BREAK","","NO_BREAK","","false","","","","","","","","","","","","","","","","","","","","","","","","","","","NO_BREAK","","NO_BREAK","","NO_BREAK","","NO_BREAK","","NO_BREAK","","NO_BREAK","","NO_BREAK","","","","NO_BREAK","","NO_BREAK","","NO_BREAK","","NO_BREAK","","NO_BREAK","","NO_BREAK","","NO_BREAK","","","","NO_BREAK","","NO_BREAK","","NO_BREAK","","NO_BREAK","","NO_BREAK","","NO_BREAK","","NO_BREAK","","","","false","","","","","","","","","","","","2026.08.10 00:00:00","0.00272000","272.00000000","27.20000000","1.15516000","1.15396000","DOWN","0.00525272","525.27156437","52.52715644","0.00539700","539.70000000","53.97000000","99.30555556","74.65277778","20","OBSERVED_M1_PARTIAL"
"2026.08.12","Wednesday","EURUSD","-3","OK","INVALID","false","true","true","480","480","0","0","0","1.15449000","1.15320000","0.00129000","129.00000000","12.90000000","2026.08.11 21:10:00","2026.08.12 02:23:00","true","240","240","0","0","0","1.15499000","1.15323000","0.00176000","176.00000000","17.60000000","2026.08.12 06:24:00","2026.08.12 07:49:00","1.36434109","1.15411000","0.70542636","2026.08.12 08:00:00","1.15349000","0.22480620","100.00000000","10.00000000","77.51937984","29.00000000","2.90000000","22.48062016","HIGH_THEN_LOW","HIGH","2026.08.12 08:54:00","54.00000000","1.15449000","true","360","360","0","0","0","1.15630000","1.15246000","0.00384000","384.00000000","38.40000000","2026.08.12 09:30:00","2026.08.12 13:50:00","2.97674419","true","2026.08.12 08:54:00","1.15449000","1.15440000","false","181.00000000","18.10000000","140.31007752","203.00000000","20.30000000","157.36434109","203.00000000","20.30000000","157.36434109","1.57364341","1.40310078","false","2026.08.12 09:30:00","36.00000000","true","2026.08.12 08:54:00","2026.08.12 08:54:00","true","2026.08.12 13:20:00","2026.08.12 13:20:00","176.00000000","17.60000000","HIT_BEFORE_SL","true","HIT_BEFORE_SL","true","SL_FIRST","false","SL_FIRST","false","SL_FIRST","false","SL_FIRST","false","SL_FIRST","false","64.50000000","6.45000000","AMBIGUOUS","","AMBIGUOUS","","AMBIGUOUS","","AMBIGUOUS","","AMBIGUOUS","","SL_FIRST","false","SL_FIRST","false","126.00000000","12.60000000","HIT_BEFORE_SL","true","HIT_BEFORE_SL","true","SL_FIRST","false","SL_FIRST","false","SL_FIRST","false","SL_FIRST","false","SL_FIRST","false","true","2026.08.12 13:20:00","1.15320000","1.15331000","false","74.00000000","7.40000000","57.36434109","17.00000000","1.70000000","13.17829457","17.00000000","1.70000000","13.17829457","0.13178295","0.57364341","false","2026.08.12 13:50:00","30.00000000","true","2026.08.12 13:21:00","2026.08.12 13:20:00","false","","","176.00000000","17.60000000","NOT_REACHED","false","NOT_REACHED","false","NOT_REACHED","false","NOT_REACHED","false","NOT_REACHED","false","NOT_REACHED","false","NOT_REACHED","false","64.50000000","6.45000000","HIT_BEFORE_SL","true","HIT_BEFORE_SL","true","NOT_REACHED","false","NOT_REACHED","false","NOT_REACHED","false","NOT_REACHED","false","NOT_REACHED","false","179.00000000","17.90000000","NOT_REACHED","false","NOT_REACHED","false","NOT_REACHED","false","NOT_REACHED","false","NOT_REACHED","false","NOT_REACHED","false","NOT_REACHED","false","true","2026.08.12 08:54:00","true","181.00000000","18.10000000","140.31007752","203.00000000","20.30000000","157.36434109","203.00000000","20.30000000","157.36434109","2026.08.12 09:30:00","36.00000000","2026.08.11 00:00:00","0.00173000","173.00000000","17.30000000","1.15398000","1.15383000","DOWN","0.00500109","500.10930978","50.01093098","0.00509100","509.10000000","50.91000000","99.30555556","74.65277778","20","OBSERVED_M1_PARTIAL"
"2026.08.13","Thursday","EURUSD","-3","OK","INVALID","false","true","true","480","480","0","0","0","1.15314000","1.15117000","0.00197000","197.00000000","19.70000000","2026.08.12 21:36:00","2026.08.13 03:34:00","true","240","240","0","0","0","1.15387000","1.15168000","0.00219000","219.00000000","21.90000000","2026.08.13 07:30:00","2026.08.13 04:13:00","1.11167513","1.15277500","0.81472081","2026.08.13 08:00:00","1.15359000","1.22842640","-45.00000000","-4.50000000","-22.84263959","242.00000000","24.20000000","122.84263959","HIGH_ONLY","HIGH","2026.08.13 08:00:00","0.00000000","1.15314000","true","360","360","0","0","0","1.15456000","1.15242000","0.00214000","214.00000000","21.40000000","2026.08.13 11:19:00","2026.08.13 13:20:00","1.08629442","true","2026.08.13 08:00:00","1.15314000","1.15359000","true","142.00000000","14.20000000","72.08121827","72.00000000","7.20000000","36.54822335","72.00000000","7.20000000","36.54822335","0.36548223","0.72081218","false","2026.08.13 11:19:00","199.00000000","true","2026.08.13 09:15:00","2026.08.13 09:15:00","false","","","219.00000000","21.90000000","NA_GAP","","NA_GAP","","NA_GAP","","NA_GAP","","NA_GAP","","NA_GAP","","NA_GAP","","98.50000000","9.85000000","NA_GAP","","NA_GAP","","NA_GAP","","NA_GAP","","NA_GAP","","NA_GAP","","NA_GAP","","146.00000000","14.60000000","NA_GAP","","NA_GAP","","NA_GAP","","NA_GAP","","NA_GAP","","NA_GAP","","NA_GAP","","false","","","","","","","","","","","","","","","","","","","","","","","","","","","NO_BREAK","","NO_BREAK","","NO_BREAK","","NO_BREAK","","NO_BREAK","","NO_BREAK","","NO_BREAK","","","","NO_BREAK","","NO_BREAK","","NO_BREAK","","NO_BREAK","","NO_BREAK","","NO_BREAK","","NO_BREAK","","","","NO_BREAK","","NO_BREAK","","NO_BREAK","","NO_BREAK","","NO_BREAK","","NO_BREAK","","NO_BREAK","","true","2026.08.13 09:15:00","false","142.00000000","14.20000000","72.08121827","72.00000000","7.20000000","36.54822335","72.00000000","7.20000000","36.54822335","2026.08.13 11:19:00","199.00000000","2026.08.12 00:00:00","0.00434000","434.00000000","43.40000000","1.15383000","1.15218000","DOWN","0.00495387","495.38721622","49.53872162","0.00492550","492.55000000","49.25500000","99.30555556","74.65277778","20","OBSERVED_M1_PARTIAL"
"2026.08.14","Friday","EURUSD","-3","OK","INVALID","false","true","true","480","480","0","0","0","1.15446000","1.15312000","0.00134000","134.00000000","13.40000000","2026.08.14 03:59:00","2026.08.13 20:00:00","true","240","240","0","0","0","1.15577000","1.15429000","0.00148000","148.00000000","14.80000000","2026.08.14 05:40:00","2026.08.14 04:07:00","1.10447761","1.15503000","1.42537313","2026.08.14 08:00:00","1.15556000","1.82089552","-110.00000000","-11.00000000","-82.08955224","244.00000000","24.40000000","182.08955224","HIGH_ONLY","HIGH","2026.08.14 08:00:00","0.00000000","1.15446000","true","360","360","0","0","0","1.15856000","1.15555000","0.00301000","301.00000000","30.10000000","2026.08.14 11:29:00","2026.08.14 08:00:00","2.24626866","true","2026.08.14 08:00:00","1.15446000","1.15556000","true","410.00000000","41.00000000","305.97014925","0.00000000","0.00000000","0.00000000","0.00000000","0.00000000","0.00000000","0.00000000","3.05970149","false","2026.08.14 11:29:00","209.00000000","false","","","false","","","148.00000000","14.80000000","NA_GAP","","NA_GAP","","NA_GAP","","NA_GAP","","NA_GAP","","NA_GAP","","NA_GAP","","67.00000000","6.70000000","NA_GAP","","NA_GAP","","NA_GAP","","NA_GAP","","NA_GAP","","NA_GAP","","NA_GAP","","17.00000000","1.70000000","NA_GAP","","NA_GAP","","NA_GAP","","NA_GAP","","NA_GAP","","NA_GAP","","NA_GAP","","false","","","","","","","","","","","","","","","","","","","","","","","","","","","NO_BREAK","","NO_BREAK","","NO_BREAK","","NO_BREAK","","NO_BREAK","","NO_BREAK","","NO_BREAK","","","","NO_BREAK","","NO_BREAK","","NO_BREAK","","NO_BREAK","","NO_BREAK","","NO_BREAK","","NO_BREAK","","","","NO_BREAK","","NO_BREAK","","NO_BREAK","","NO_BREAK","","NO_BREAK","","NO_BREAK","","NO_BREAK","","false","","false","410.00000000","41.00000000","305.97014925","0.00000000","0.00000000","0.00000000","0.00000000","0.00000000","0.00000000","2026.08.14 11:29:00","209.00000000","2026.08.13 00:00:00","0.00339000","339.00000000","33.90000000","1.15218000","1.15342000","UP","0.00484217","484.21670078","48.42167008","0.00486800","486.80000000","48.68000000","99.30555556","74.65277778","20","OBSERVED_M1_PARTIAL"
"2026.08.15","Saturday","EURUSD","-3","WEEKEND","UNKNOWN","","false","false","0","0","0","0","0","","","","","","","","false","0","0","0","0","0","","","","","","","","","","","","","","","","","","","","UNAVAILABLE","","","","","false","0","0","0","0","0","","","","","","","","","","","","","","","","","","","","","","","","","","","","","","","","","","","","UNAVAILABLE","","UNAVAILABLE","","UNAVAILABLE","","UNAVAILABLE","","UNAVAILABLE","","UNAVAILABLE","","UNAVAILABLE","","","","UNAVAILABLE","","UNAVAILABLE","","UNAVAILABLE","","UNAVAILABLE","","UNAVAILABLE","","UNAVAILABLE","","UNAVAILABLE","","","","UNAVAILABLE","","UNAVAILABLE","","UNAVAILABLE","","UNAVAILABLE","","UNAVAILABLE","","UNAVAILABLE","","UNAVAILABLE","","","","","","","","","","","","","","","","","","","","","","","","","","","","","UNAVAILABLE","","UNAVAILABLE","","UNAVAILABLE","","UNAVAILABLE","","UNAVAILABLE","","UNAVAILABLE","","UNAVAILABLE","","","","UNAVAILABLE","","UNAVAILABLE","","UNAVAILABLE","","UNAVAILABLE","","UNAVAILABLE","","UNAVAILABLE","","UNAVAILABLE","","","","UNAVAILABLE","","UNAVAILABLE","","UNAVAILABLE","","UNAVAILABLE","","UNAVAILABLE","","UNAVAILABLE","","UNAVAILABLE","","","","","","","","","","","","","","","","2026.08.14 00:00:00","0.00519000","519.00000000","51.90000000","1.15343000","1.15693000","UP","0.00486701","486.70122215","48.67012221","0.00498750","498.75000000","49.87500000","74.65277778","74.65277778","20","OBSERVED_M1_PARTIAL"
"2026.08.16","Sunday","EURUSD","-3","WEEKEND","UNKNOWN","","false","false","0","0","0","0","0","","","","","","","","false","0","0","0","0","0","","","","","","","","","","","","","","","","","","","","UNAVAILABLE","","","","","false","0","0","0","0","0","","","","","","","","","","","","","","","","","","","","","","","","","","","","","","","","","","","","UNAVAILABLE","","UNAVAILABLE","","UNAVAILABLE","","UNAVAILABLE","","UNAVAILABLE","","UNAVAILABLE","","UNAVAILABLE","","","","UNAVAILABLE","","UNAVAILABLE","","UNAVAILABLE","","UNAVAILABLE","","UNAVAILABLE","","UNAVAILABLE","","UNAVAILABLE","","","","UNAVAILABLE","","UNAVAILABLE","","UNAVAILABLE","","UNAVAILABLE","","UNAVAILABLE","","UNAVAILABLE","","UNAVAILABLE","","","","","","","","","","","","","","","","","","","","","","","","","","","","","UNAVAILABLE","","UNAVAILABLE","","UNAVAILABLE","","UNAVAILABLE","","UNAVAILABLE","","UNAVAILABLE","","UNAVAILABLE","","","","UNAVAILABLE","","UNAVAILABLE","","UNAVAILABLE","","UNAVAILABLE","","UNAVAILABLE","","UNAVAILABLE","","UNAVAILABLE","","","","UNAVAILABLE","","UNAVAILABLE","","UNAVAILABLE","","UNAVAILABLE","","UNAVAILABLE","","UNAVAILABLE","","UNAVAILABLE","","","","","","","","","","","","","","","","2026.08.14 00:00:00","0.00519000","519.00000000","51.90000000","1.15343000","1.15693000","UP","0.00486701","486.70122215","48.67012221","0.00498750","498.75000000","49.87500000","74.65277778","74.65277778","20","OBSERVED_M1_PARTIAL"
"2026.08.17","Monday","EURUSD","-3","OK","INVALID","false","true","true","480","480","0","0","0","1.15969000","1.15724000","0.00245000","245.00000000","24.50000000","2026.08.17 03:58:00","2026.08.16 20:54:00","true","240","240","0","0","0","1.16142000","1.15894000","0.00248000","248.00000000","24.80000000","2026.08.17 05:30:00","2026.08.17 07:58:00","1.01224490","1.16018000","1.20000000","2026.08.17 08:00:00","1.15906000","0.74285714","63.00000000","6.30000000","25.71428571","182.00000000","18.20000000","74.28571429","HIGH_ONLY","HIGH","2026.08.17 09:59:00","119.00000000","1.15969000","true","360","360","0","0","0","1.15999000","1.15815000","0.00184000","184.00000000","18.40000000","2026.08.17 10:11:00","2026.08.17 12:44:00","0.75102041","true","2026.08.17 09:59:00","1.15969000","1.15960000","false","30.00000000","3.00000000","12.24489796","154.00000000","15.40000000","62.85714286","154.00000000","15.40000000","62.85714286","0.62857143","0.12244898","false","2026.08.17 10:11:00","12.00000000","true","2026.08.17 10:00:00","2026.08.17 09:59:00","false","","","248.00000000","24.80000000","NOT_REACHED","false","NOT_REACHED","false","NOT_REACHED","false","NOT_REACHED","false","NOT_REACHED","false","NOT_REACHED","false","NOT_REACHED","false","122.50000000","12.25000000","SL_FIRST","false","SL_FIRST","false","SL_FIRST","false","SL_FIRST","false","SL_FIRST","false","SL_FIRST","false","SL_FIRST","false","75.00000000","7.50000000","SL_FIRST","false","SL_FIRST","false","SL_FIRST","false","SL_FIRST","false","SL_FIRST","false","SL_FIRST","false","SL_FIRST","false","false","","","","","","","","","","","","","","","","","","","","","","","","","","","NO_BREAK","","NO_BREAK","","NO_BREAK","","NO_BREAK","","NO_BREAK","","NO_BREAK","","NO_BREAK","","","","NO_BREAK","","NO_BREAK","","NO_BREAK","","NO_BREAK","","NO_BREAK","","NO_BREAK","","NO_BREAK","","","","NO_BREAK","","NO_BREAK","","NO_BREAK","","NO_BREAK","","NO_BREAK","","NO_BREAK","","NO_BREAK","","true","2026.08.17 10:00:00","false","30.00000000","3.00000000","12.24489796","154.00000000","15.40000000","62.85714286","154.00000000","15.40000000","62.85714286","2026.08.17 10:11:00","12.00000000","2026.08.14 00:00:00","0.00519000","519.00000000","51.90000000","1.15343000","1.15693000","UP","0.00486701","486.70122215","48.67012221","0.00498750","498.75000000","49.87500000","74.65277778","74.65277778","20","OBSERVED_M1_PARTIAL"
