Pass_25,Result_25,Profit_25,Expected Payoff_25,Profit Factor_25,Recovery Factor_25,Sharpe Ratio_25,Custom_25,Equity DD %_25,Trades_25,InpUseRangeA,InpCancelSecondEntry,InpStopLossPips,InpRiskReward,InpAutoBreakeven,InpBreakevenPips,XML_row_25,Return_pct_25,Return_DD_25,Pass_26,Result_26,Profit_26,Expected Payoff_26,Profit Factor_26,Recovery Factor_26,Sharpe Ratio_26,Custom_26,Equity DD %_26,Trades_26,XML_row_26,Return_pct_26,Return_DD_26,both_positive,sum_independent_profit,worst_period_profit,max_period_DD,min_period_PF,min_period_recovery,min_period_return_DD,total_trades,illustrative_compound_pct
0.0,23.3,-10400.0,-165.079365,0.554985,-0.819543,-5.0,0.0,12.5185,63.0,false,false,5.0,1.0,false,0.0,162,-10.4,-0.830770459719615,0.0,16.87,-329.0,-8.435897,0.969814,-0.086579,-1.793309,0.0,3.7394,39.0,214,-0.329,-0.08798202920254587,False,-10729.0,-10400.0,12.5185,0.554985,-0.819543,-0.830770459719615,102.0,-10.694784000000002
1.0,35.17,-3000.0,-49.180328,0.843994,-0.512821,-5.0,0.0,5.7579,61.0,true,false,5.0,1.0,false,0.0,337,-3.0,-0.5210232897410514,1.0,35.07,2460.0,60.0,1.243083,1.012346,20.626704,0.0,2.4057,41.0,141,2.46,1.0225713929417632,False,-540.0,-3000.0,5.7579,0.843994,-0.512821,-0.5210232897410514,102.0,-0.6138000000000088
2.0,11.95,-7340.0,-183.5,0.504723,-0.827508,-5.0,0.0,8.7363,40.0,false,true,5.0,1.0,false,0.0,213,-7.340000000000001,-0.8401726131199708,2.0,4.99,701.0,25.035714,1.095517,0.226861,4.983897,0.0,3.0407,28.0,383,0.701,0.2305390206202519,False,-6639.0,-7340.0,8.7363,0.504723,-0.827508,-0.8401726131199708,68.0,-6.690453400000007
3.0,18.64,-2940.0,-71.707317,0.784141,-0.4375,-5.0,0.0,6.5357,41.0,true,true,5.0,1.0,false,0.0,343,-2.94,-0.44983704882415043,3.0,6.05,970.0,33.448276,1.128307,0.363296,10.214512,0.0,2.6373,29.0,314,0.97,0.3678004019262124,False,-1970.0,-2940.0,6.5357,0.784141,-0.4375,-0.44983704882415043,70.0,-1.9985179999999936
4.0,32.48,-878.0,-15.403509,0.972991,-0.099682,-1.115982,0.0,8.3647,57.0,false,false,10.0,1.0,false,0.0,398,-0.878,-0.1049649120709649,4.0,26.09,5588.0,147.052632,1.329306,0.899984,8.213523,0.0,5.7102,38.0,181,5.588,0.9785996987846309,False,4710.0,-878.0,8.3647,0.972991,-0.099682,-0.1049649120709649,95.0,4.660937359999995
5.0,13.95,-18478.0,-275.791045,0.6085,-0.901454,-5.0,0.0,20.0921,67.0,true,false,10.0,1.0,false,0.0,41,-18.478,-0.9196649429377717,5.0,35.42,15621.0,422.189189,2.351298,5.207,34.012082,0.0,2.5945,37.0,127,15.620999999999999,6.020813258816727,False,-2857.0,-18478.0,20.0921,0.6085,-0.901454,-0.9196649429377717,104.0,-5.743448380000005
6.0,28.02,1650.0,41.25,1.075342,0.29517,2.917678,0.0,5.2951,40.0,false,true,10.0,1.0,false,0.0,429,1.6500000000000001,0.31160884591414706,6.0,6.72,6308.0,225.285714,1.559269,1.66,11.532162,0.0,3.6847,28.0,291,6.308,1.7119439845849052,True,7958.0,1650.0,5.2951,1.075342,0.29517,0.31160884591414706,68.0,8.062082000000004
7.0,12.51,-11650.0,-284.146341,0.603066,-0.850986,-5.0,0.0,13.4163,41.0,true,true,10.0,1.0,false,0.0,146,-11.65,-0.868346712580965,7.0,9.91,9841.0,339.344828,1.961035,3.347279,23.69643,0.0,2.6553,29.0,242,9.841,3.7061725605392986,False,-1809.0,-11650.0,13.4163,0.603066,-0.850986,-0.868346712580965,70.0,-2.9554765000000205
8.0,56.84,5237.0,88.762712,1.115778,0.471038,3.355519,0.0,10.7038,59.0,false,false,15.0,1.0,false,0.0,445,5.237,0.4892654944972814,8.0,35.1,12464.0,328.0,1.542007,2.176358,8.256113,0.0,5.0258,38.0,135,12.464,2.4800031835727645,True,17701.0,5237.0,10.7038,1.115778,0.471038,0.4892654944972814,97.0,18.353739680000004
9.0,26.88,-9183.0,-139.136364,0.840783,-0.750061,-5.0,0.0,11.8795,66.0,true,false,15.0,1.0,false,0.0,179,-9.183,-0.7730123321688623,9.0,26.79,1731.0,40.255814,1.053288,0.153894,1.022842,0.0,10.1143,43.0,175,1.7309999999999999,0.17114382606804227,False,-7452.0,-9183.0,11.8795,0.840783,-0.750061,-0.7730123321688623,109.0,-7.610957730000001
10.0,13.67,-3856.0,-96.4,0.888671,-0.286096,-3.574592,0.0,13.0097,40.0,false,true,15.0,1.0,false,0.0,307,-3.856,-0.296394228921497,10.0,7.4,10032.0,358.285714,1.605212,2.100063,7.857594,0.0,4.3862,28.0,266,10.032,2.287173407505358,False,6176.0,-3856.0,13.0097,0.888671,-0.286096,-0.296394228921497,68.0,5.789166079999997
11.0,10.65,-14624.0,-356.682927,0.641094,-0.826962,-5.0,0.0,17.1589,41.0,true,true,15.0,1.0,false,0.0,87,-14.624,-0.8522690848480964,11.0,3.48,-461.0,-15.896552,0.979793,-0.044914,-0.339469,0.0,9.5008,29.0,439,-0.461,-0.04852222970697205,False,-15085.0,-14624.0,17.1589,0.641094,-0.826962,-0.8522690848480964,70.0,-15.017583360000009
12.0,21.1,-6119.0,-98.693548,0.910256,-0.302981,-2.324112,0.0,19.1686,62.0,false,false,20.0,1.0,false,0.0,252,-6.119,-0.31921997433302374,12.0,14.12,-5887.0,-143.585366,0.869433,-0.319286,-2.178713,0.0,16.9559,41.0,229,-5.887,-0.3471947817573824,False,-12006.0,-6119.0,19.1686,0.869433,-0.319286,-0.3471947817573824,103.0,-11.645774469999992
13.0,20.46,-14307.0,-220.107692,0.811681,-0.757024,-4.826113,0.0,18.0693,65.0,true,false,20.0,1.0,false,0.0,100,-14.307,-0.791784961232588,13.0,16.69,-5243.0,-119.159091,0.887802,-0.28069,-1.98553,0.0,16.9667,44.0,217,-5.242999999999999,-0.30901707462264316,False,-19550.0,-14307.0,18.0693,0.811681,-0.757024,-0.791784961232588,109.0,-18.799883989999998
14.0,8.08,-12324.0,-308.1,0.745403,-0.605186,-5.0,0.0,19.328,40.0,false,true,20.0,1.0,false,0.0,132,-12.324,-0.6376241721854304,14.0,3.18,961.0,34.321429,1.033805,0.095101,0.406859,0.0,9.4214,28.0,450,0.9610000000000001,0.10200182563101026,False,-11363.0,-12324.0,19.328,0.745403,-0.605186,-0.6376241721854304,68.0,-11.481433640000017
15.0,5.04,-16381.0,-399.536585,0.685682,-0.684452,-5.0,0.0,23.0059,41.0,true,true,20.0,1.0,false,0.0,60,-16.381,-0.7120347389148001,15.0,2.33,-6248.0,-215.448276,0.804518,-0.376363,-3.172254,0.0,15.2271,29.0,480,-6.248,-0.41032107229873055,False,-22629.0,-16381.0,23.0059,0.685682,-0.684452,-0.7120347389148001,70.0,-21.605515119999996
16.0,23.51,-3930.0,-59.545455,0.857557,-0.339378,-5.0,0.0,10.8998,66.0,false,false,5.0,2.0,false,0.0,298,-3.93,-0.36055707444173285,16.0,27.14,1701.0,40.5,1.111402,0.296341,4.918088,0.0,5.4202,42.0,171,1.701,0.3138260580790377,False,-2229.0,-3930.0,10.8998,0.857557,-0.339378,-0.36055707444173285,108.0,-2.295849300000008
17.0,23.96,-4620.0,-66.956522,0.842697,-0.695783,-5.0,0.0,6.5085,69.0,true,false,5.0,2.0,false,0.0,280,-4.62,-0.7098409771836829,17.0,56.27,9960.0,237.142857,1.811736,3.984,39.650838,0.0,2.4488,42.0,61,9.959999999999999,4.067298268539693,False,5340.0,-4620.0,6.5085,0.842697,-0.695783,-0.7098409771836829,111.0,4.879847999999987
18.0,12.04,-1760.0,-44.0,0.892355,-0.231275,-5.0,0.0,7.1894,40.0,false,true,5.0,2.0,false,0.0,375,-1.76,-0.24480485158705872,18.0,5.07,4101.0,146.464286,1.461357,1.444014,15.142562,0.0,2.7538,28.0,373,4.101,1.4892149030430677,False,2341.0,-1760.0,7.1894,0.892355,-0.231275,-0.24480485158705872,68.0,2.2688224000000146
19.0,13.25,-2220.0,-54.146341,0.875421,-0.384749,-5.0,0.0,5.5765,41.0,true,true,5.0,2.0,false,0.0,358,-2.22,-0.3980991661436385,19.0,9.2,6540.0,225.517241,1.759582,3.253731,34.45953,0.0,1.9654,29.0,247,6.54,3.3275669074997456,False,4320.0,-2220.0,5.5765,0.875421,-0.384749,-0.3980991661436385,70.0,4.174811999999983
20.0,21.58,-4486.0,-67.969697,0.911669,-0.282707,-3.017868,0.0,15.1716,66.0,false,false,10.0,2.0,false,0.0,289,-4.486,-0.29568404123493897,20.0,16.26,-2483.0,-56.431818,0.922338,-0.19153,-1.483756,0.0,11.7341,44.0,222,-2.483,-0.21160549168662277,False,-6969.0,-4486.0,15.1716,0.911669,-0.282707,-0.29568404123493897,110.0,-6.857612619999998
21.0,21.32,-11855.0,-169.357143,0.786922,-0.749984,-5.0,0.0,15.3645,70.0,true,false,10.0,2.0,false,0.0,142,-11.855,-0.7715838458784862,21.0,35.31,5134.0,111.608696,1.167014,0.70619,3.312288,0.0,6.6174,46.0,131,5.1339999999999995,0.7758334088917097,False,-6721.0,-11855.0,15.3645,0.786922,-0.749984,-0.7715838458784862,116.0,-7.329635700000015
22.0,11.27,-6190.0,-154.75,0.808596,-0.428374,-5.0,0.0,13.8159,40.0,false,true,10.0,2.0,false,0.0,247,-6.1899999999999995,-0.4480345109620075,22.0,3.46,2615.0,93.392857,1.13769,0.410776,2.03419,0.0,5.8414,28.0,443,2.6149999999999998,0.44766665525387744,False,-3575.0,-6190.0,13.8159,0.808596,-0.428374,-0.4480345109620075,68.0,-3.7368685000000013
23.0,11.77,-12738.0,-310.682927,0.63089,-0.810924,-5.0,0.0,15.2683,41.0,true,true,10.0,2.0,false,0.0,120,-12.738,-0.8342775554580405,23.0,2.41,-951.0,-32.793103,0.954244,-0.104828,-0.911328,0.0,8.3906,29.0,469,-0.951,-0.11334111982456559,False,-13689.0,-12738.0,15.2683,0.63089,-0.810924,-0.8342775554580405,70.0,-13.56786162000001
24.0,5.53,-16266.0,-242.776119,0.788261,-0.605675,-3.921545,0.0,26.332,67.0,false,false,15.0,2.0,false,0.0,64,-16.266,-0.6177274798723985,24.0,19.32,3545.0,82.44186,1.081498,0.237076,1.180817,0.0,12.6188,43.0,201,3.5450000000000004,0.28093004089136847,False,-12721.0,-16266.0,26.332,0.788261,-0.605675,-0.6177274798723985,110.0,-13.297629700000002
25.0,4.15,-31243.0,-440.042254,0.636269,-0.942388,-5.0,0.0,32.5316,71.0,true,false,15.0,2.0,false,0.0,2,-31.243,-0.9603892830355716,25.0,36.25,14164.0,314.755556,1.338212,0.939569,4.57831,0.0,12.0061,45.0,119,14.163999999999998,1.1797336354020038,False,-17079.0,-31243.0,32.5316,0.636269,-0.942388,-0.9603892830355716,116.0,-21.504258519999997
26.0,3.52,-17545.0,-438.625,0.637463,-0.706178,-5.0,0.0,24.3292,40.0,false,true,15.0,2.0,false,0.0,47,-17.544999999999998,-0.7211498939545895,26.0,4.31,9091.0,324.678571,1.34909,1.144242,3.850348,0.0,6.8542,28.0,417,9.091000000000001,1.3263400542732926,False,-8454.0,-17545.0,24.3292,0.637463,-0.706178,-0.7211498939545895,68.0,-10.049015949999996
27.0,3.37,-23901.0,-582.95122,0.535398,-0.926001,-5.0,0.0,25.3272,41.0,true,true,15.0,2.0,false,0.0,14,-23.901,-0.9436889983890836,27.0,4.7,7769.0,267.896552,1.282396,0.559847,3.361219,0.0,11.4077,29.0,401,7.768999999999999,0.6810312332897954,False,-16132.0,-23901.0,25.3272,0.535398,-0.926001,-0.9436889983890836,70.0,-17.988868689999993
28.0,5.77,-14613.0,-218.104478,0.851269,-0.550893,-2.22664,0.0,26.0084,67.0,false,false,20.0,2.0,false,0.0,91,-14.613000000000001,-0.5618569385275527,28.0,21.06,8367.0,190.159091,1.14476,0.389743,1.509221,0.0,17.3309,44.0,194,8.366999999999999,0.48277931324974466,False,-6246.0,-14613.0,26.0084,0.851269,-0.550893,-0.5618569385275527,111.0,-7.468669710000009
29.0,4.28,-29561.0,-434.720588,0.719343,-0.939309,-5.0,0.0,30.8812,68.0,true,false,20.0,2.0,false,0.0,8,-29.561,-0.9572490706319703,29.0,28.71,15368.0,341.511111,1.278335,0.669892,2.743083,0.0,18.8966,45.0,161,15.368,0.813267995300742,False,-14193.0,-29561.0,30.8812,0.719343,-0.939309,-0.9572490706319703,113.0,-18.735934479999994
30.0,6.98,-17136.0,-428.4,0.719307,-0.824718,-4.783582,0.0,20.0479,40.0,false,true,20.0,2.0,false,0.0,52,-17.136000000000003,-0.8547528668838135,30.0,4.01,11761.0,420.035714,1.337931,0.804116,2.581979,0.0,12.13,28.0,429,11.761000000000001,0.9695795548227535,False,-5375.0,-17136.0,20.0479,0.719307,-0.824718,-0.8547528668838135,68.0,-7.3903649600000065
31.0,4.41,-20913.0,-510.073171,0.676269,-0.873924,-5.0,0.0,23.4815,41.0,true,true,20.0,2.0,false,0.0,26,-20.913,-0.89061601686434,31.0,4.62,12512.0,431.448276,1.365869,0.607084,3.096674,0.0,16.0881,29.0,405,12.512,0.7777176919586527,False,-8401.0,-20913.0,23.4815,0.676269,-0.873924,-0.89061601686434,70.0,-11.017634560000012
32.0,23.89,-1190.0,-17.5,0.960817,-0.112689,-2.310354,0.0,9.8269,68.0,false,false,5.0,3.0,false,0.0,388,-1.1900000000000002,-0.12109617478553768,32.0,17.64,-1558.0,-34.622222,0.92038,-0.215819,-3.045742,0.0,6.889,45.0,207,-1.558,-0.22615764261866744,False,-2748.0,-1558.0,9.8269,0.92038,-0.215819,-0.22615764261866744,113.0,-2.7294598000000114
33.0,23.73,-3920.0,-54.444444,0.881284,-0.374403,-5.0,0.0,10.2226,72.0,true,false,5.0,3.0,false,0.0,303,-3.92,-0.3834640893706102,33.0,38.32,3262.0,67.958333,1.169384,0.739683,5.862054,0.0,4.2196,48.0,105,3.2620000000000005,0.7730590577305907,False,-658.0,-3920.0,10.2226,0.881284,-0.374403,-0.3834640893706102,120.0,-0.7858703999999883
34.0,12.15,-270.0,-6.75,0.984447,-0.03548,-0.949741,0.0,7.0896,40.0,false,true,5.0,3.0,false,0.0,411,-0.27,-0.038083953960731214,34.0,5.05,4492.0,160.428571,1.427077,1.721732,10.85389,0.0,2.456,28.0,377,4.492,1.8289902280130292,False,4222.0,-270.0,7.0896,0.984447,-0.03548,-0.038083953960731214,68.0,4.2098715999999925
35.0,13.02,-6230.0,-151.95122,0.693707,-0.609589,-5.0,0.0,9.9785,41.0,true,true,5.0,3.0,false,0.0,241,-6.23,-0.6243423360224483,35.0,4.55,1752.0,60.413793,1.148752,0.596324,4.672903,0.0,2.8719,29.0,411,1.752,0.6100490964170061,False,-4478.0,-6230.0,9.9785,0.693707,-0.609589,-0.6243423360224483,70.0,-4.587149600000007
36.0,16.66,-10400.0,-152.941176,0.824591,-0.546448,-4.146438,0.0,18.6607,68.0,false,false,10.0,3.0,false,0.0,163,-10.4,-0.557321000819905,36.0,22.95,2973.0,66.066667,1.084295,0.179496,1.359372,0.0,13.8561,45.0,190,2.973,0.21456253924264404,False,-7427.0,-10400.0,18.6607,0.824591,-0.546448,-0.557321000819905,113.0,-7.736191999999997
37.0,15.16,-15223.0,-208.534247,0.762159,-0.768567,-5.0,0.0,19.4358,73.0,true,false,10.0,3.0,false,0.0,77,-15.223,-0.7832453513619198,37.0,51.98,18431.0,400.673913,1.580687,1.789417,8.119548,0.0,8.4854,46.0,69,18.431,2.172083814552054,False,3208.0,-15223.0,19.4358,0.762159,-0.768567,-0.7832453513619198,119.0,0.4022488699999993
38.0,10.67,-7500.0,-187.5,0.787836,-0.474383,-5.0,0.0,15.4049,40.0,false,true,10.0,3.0,false,0.0,208,-7.5,-0.4868580776246519,38.0,4.77,9091.0,324.678571,1.451144,1.428055,5.242959,0.0,5.5137,28.0,398,9.091000000000001,1.6488020748317829,False,1591.0,-7500.0,15.4049,0.787836,-0.474383,-0.4868580776246519,68.0,0.9091750000000065
39.0,6.09,-20016.0,-488.195122,0.482229,-0.912889,-5.0,0.0,21.5151,41.0,true,true,10.0,3.0,false,0.0,34,-20.016000000000002,-0.9303233542953554,39.0,5.25,8516.0,293.655172,1.409738,1.082909,5.221274,0.0,6.792,29.0,358,8.516,1.2538280329799765,False,-11500.0,-20016.0,21.5151,0.482229,-0.912889,-0.9303233542953554,70.0,-13.20456256000001
40.0,8.02,-15307.0,-221.84058,0.824225,-0.63843,-2.673726,0.0,23.5082,69.0,false,false,15.0,3.0,false,0.0,74,-15.307,-0.6511344977497214,40.0,36.27,18620.0,423.181818,1.397244,1.236306,3.408634,0.0,11.6277,44.0,116,18.62,1.6013485040033713,False,3313.0,-15307.0,23.5082,0.824225,-0.63843,-0.6511344977497214,113.0,0.46283659999999394
41.0,4.18,-30848.0,-428.444444,0.671624,-0.941694,-5.0,0.0,32.144,72.0,true,false,15.0,3.0,false,0.0,5,-30.848,-0.9596814335490294,41.0,49.22,27662.0,601.347826,1.591005,1.600255,4.983551,0.0,13.0567,46.0,73,27.662,2.1186057732811507,False,-3186.0,-30848.0,32.144,0.671624,-0.941694,-0.9596814335490294,118.0,-11.71917376
42.0,7.14,-15699.0,-392.475,0.697164,-0.762532,-5.0,0.0,19.8803,40.0,false,true,15.0,3.0,false,0.0,70,-15.699,-0.7896762121295957,42.0,6.42,19994.0,714.071429,1.720037,2.182751,4.571721,0.0,7.1211,28.0,297,19.994,2.8077122916403363,False,4295.0,-15699.0,19.8803,0.697164,-0.762532,-0.7896762121295957,68.0,1.1561419399999995
43.0,2.87,-23228.0,-566.536585,0.576139,-0.847675,-5.0,0.0,26.8884,41.0,true,true,15.0,3.0,false,0.0,20,-23.227999999999998,-0.863866946341173,43.0,6.05,18752.0,646.62069,1.643978,1.111098,5.077839,0.0,12.4435,29.0,317,18.752,1.506971511230763,False,-4476.0,-23228.0,26.8884,0.576139,-0.847675,-0.863866946341173,70.0,-8.831714560000014
44.0,7.58,2734.0,40.80597,1.026111,0.105377,0.308478,0.0,25.1451,67.0,false,false,20.0,3.0,false,0.0,435,2.734,0.10872893724821138,44.0,13.71,10771.0,234.152174,1.155729,0.362611,1.33831,0.0,23.0763,46.0,232,10.771,0.46675593574359847,True,13505.0,2734.0,25.1451,1.026111,0.105377,0.10872893724821138,113.0,13.799479139999992
45.0,4.15,-23158.0,-326.169014,0.8046,-0.670217,-2.277436,0.0,33.9054,71.0,true,false,20.0,3.0,false,0.0,23,-23.158,-0.6830180443233231,45.0,58.62,45624.0,970.723404,1.758479,2.052916,5.370687,0.0,15.969,47.0,52,45.623999999999995,2.8570355062934434,False,22466.0,-23158.0,33.9054,0.8046,-0.670217,-0.6830180443233231,118.0,11.900394079999987
46.0,6.89,-3272.0,-81.8,0.948281,-0.151006,-0.720809,0.0,20.2842,40.0,false,true,20.0,3.0,false,0.0,327,-3.272,-0.16130781593555577,46.0,4.05,16648.0,594.571429,1.417442,0.851342,2.702946,0.0,15.0597,28.0,426,16.648,1.1054669083713486,False,13376.0,-3272.0,20.2842,0.948281,-0.151006,-0.16130781593555577,68.0,12.831277440000012
47.0,2.94,-23709.0,-578.268293,0.666648,-0.873485,-3.948831,0.0,26.6343,41.0,true,true,20.0,3.0,false,0.0,17,-23.709,-0.8901679413388,47.0,5.14,19411.0,669.344828,1.497004,0.912729,3.384355,0.0,16.1514,29.0,365,19.411,1.2018153225107422,False,-4298.0,-23709.0,26.6343,0.666648,-0.873485,-0.8901679413388,70.0,-8.900153990000003
48.0,23.9,-1650.0,-23.239437,0.950907,-0.156993,-2.45522,0.0,9.8732,71.0,false,false,5.0,4.0,false,0.0,380,-1.6500000000000001,-0.16711906980512903,48.0,29.74,1293.0,28.108696,1.062743,0.163712,1.827622,0.0,7.2332,46.0,157,1.2930000000000001,0.17875905546646023,False,-357.0,-1650.0,9.8732,0.950907,-0.156993,-0.16711906980512903,117.0,-0.37833449999998825
49.0,23.74,-1109.0,-15.191781,0.968168,-0.09746,-1.302996,0.0,11.1998,73.0,true,false,5.0,4.0,false,0.0,393,-1.109,-0.09901962535045268,49.0,38.19,2536.0,51.755102,1.118521,0.369841,2.83596,0.0,6.4433,49.0,108,2.536,0.3935871370260581,False,1427.0,-1109.0,11.1998,0.968168,-0.09746,-0.09901962535045268,122.0,1.3988757599999957
50.0,12.0,-3060.0,-76.5,0.838608,-0.402102,-5.0,0.0,7.4287,40.0,false,true,5.0,4.0,false,0.0,333,-3.06,-0.41191594760859906,50.0,5.83,6883.0,245.821429,1.624705,1.841359,12.093971,0.0,3.3791,28.0,332,6.883,2.0369329111301826,False,3823.0,-3060.0,7.4287,0.838608,-0.402102,-0.41191594760859906,68.0,3.6123802000000094
51.0,13.02,-5230.0,-127.560976,0.750596,-0.506292,-5.0,0.0,10.1673,41.0,true,true,5.0,4.0,false,0.0,268,-5.2299999999999995,-0.5143941852802613,51.0,3.56,985.0,33.965517,1.076493,0.213342,1.570449,0.0,4.4254,29.0,435,0.985,0.22257874994350793,False,-4245.0,-5230.0,10.1673,0.750596,-0.506292,-0.5143941852802613,70.0,-4.296515500000009
52.0,16.7,-12746.0,-182.085714,0.80411,-0.670419,-4.059137,0.0,18.641,70.0,false,false,10.0,4.0,false,0.0,117,-12.745999999999999,-0.6837616007724907,52.0,20.47,4055.0,88.152174,1.104872,0.193565,1.180932,0.0,16.7587,46.0,197,4.055000000000001,0.24196387547960166,False,-8691.0,-12746.0,18.641,0.80411,-0.670419,-0.6837616007724907,116.0,-9.207850299999997
53.0,10.85,-11033.0,-149.094595,0.835463,-0.499253,-4.627291,0.0,21.6848,74.0,true,false,10.0,4.0,false,0.0,156,-11.033,-0.5087895668855604,53.0,46.39,17700.0,368.75,1.474353,1.264286,4.812184,0.0,11.7346,48.0,82,17.7,1.5083598929661002,False,6667.0,-11033.0,21.6848,0.835463,-0.499253,-0.5087895668855604,122.0,4.714159000000007
54.0,9.12,-14487.0,-362.175,0.624854,-0.799945,-5.0,0.0,17.7566,40.0,false,true,10.0,4.0,false,0.0,94,-14.487,-0.8158656499555096,54.0,5.2,13581.0,485.035714,1.639136,1.287787,4.856083,0.0,8.4961,28.0,361,13.581,1.598498134438154,False,-906.0,-14487.0,17.7566,0.624854,-0.799945,-0.8158656499555096,68.0,-2.8734794700000066
55.0,6.24,-19706.0,-480.634146,0.503102,-0.905274,-5.0,0.0,21.36,41.0,true,true,10.0,4.0,false,0.0,37,-19.706000000000003,-0.9225655430711612,55.0,4.81,8123.0,280.103448,1.353481,0.551834,3.488802,0.0,12.0617,29.0,394,8.123,0.6734539907309914,False,-11583.0,-19706.0,21.36,0.503102,-0.905274,-0.9225655430711612,70.0,-13.183718380000009
56.0,18.77,904.0,13.101449,1.010193,0.048615,0.137768,0.0,17.9816,69.0,false,false,15.0,4.0,false,0.0,418,0.9039999999999999,0.050273613026649455,56.0,28.48,14575.0,316.847826,1.261487,0.639339,1.97859,0.0,17.7094,46.0,164,14.575,0.8230092493252171,True,15479.0,904.0,17.9816,1.010193,0.048615,0.050273613026649455,115.0,15.610758000000002
57.0,7.86,-12134.0,-166.219178,0.873075,-0.502651,-1.883169,0.0,23.6876,73.0,true,false,15.0,4.0,false,0.0,139,-12.134,-0.5122511356152586,57.0,68.45,49132.0,1023.583333,1.968252,2.8423,6.413905,0.0,11.7945,48.0,34,49.132,4.1656704396116835,False,36998.0,-12134.0,23.6876,0.873075,-0.502651,-0.5122511356152586,121.0,31.03632312
58.0,8.88,-3829.0,-95.725,0.926138,-0.200597,-1.218196,0.0,18.1687,40.0,false,true,15.0,4.0,false,0.0,311,-3.8289999999999997,-0.2107470539994606,58.0,5.28,20962.0,748.642857,1.65823,1.365069,3.882089,0.0,11.4345,28.0,353,20.962,1.8332240150421968,False,17133.0,-3829.0,18.1687,0.926138,-0.200597,-0.2107470539994606,68.0,16.33036501999998
59.0,4.72,-20898.0,-509.707317,0.629599,-0.889845,-5.0,0.0,23.0448,41.0,true,true,15.0,4.0,false,0.0,29,-20.898,-0.9068423245157259,59.0,5.92,19589.0,675.482759,1.59402,1.168864,3.917491,0.0,12.4009,29.0,328,19.589000000000002,1.5796434129780905,False,-1309.0,-20898.0,23.0448,0.629599,-0.889845,-0.9068423245157259,70.0,-5.402709220000002
60.0,17.13,11633.0,168.594203,1.101897,0.449289,0.826999,0.0,20.3861,69.0,false,false,20.0,4.0,false,0.0,469,11.633000000000001,0.5706339123226121,60.0,10.69,12618.0,268.468085,1.164526,0.410462,1.076889,0.0,24.4455,47.0,236,12.617999999999999,0.5161686199914094,True,24251.0,11633.0,24.4455,1.101897,0.410462,0.5161686199914094,116.0,25.718851940000008
61.0,5.25,-3484.0,-49.070423,0.97129,-0.121313,-0.239682,0.0,28.1807,71.0,true,false,20.0,4.0,false,0.0,322,-3.4840000000000004,-0.1236307117992101,61.0,67.44,66638.0,1388.291667,2.022275,2.99847,4.900527,0.0,14.9344,48.0,38,66.63799999999999,4.462047353760445,False,63154.0,-3484.0,28.1807,0.97129,-0.121313,-0.1236307117992101,119.0,60.832332079999986
62.0,8.76,-4756.0,-118.9,0.929853,-0.222336,-0.652818,0.0,18.3401,40.0,false,true,20.0,4.0,false,0.0,275,-4.756,-0.2593224682526268,62.0,2.75,12851.0,458.964286,1.28456,0.624077,1.452608,0.0,16.4604,28.0,457,12.851,0.780722218172098,False,8095.0,-4756.0,18.3401,0.929853,-0.222336,-0.2593224682526268,68.0,7.483806439999996
63.0,3.71,-8621.0,-210.268293,0.878787,-0.341412,-1.164908,0.0,24.7777,41.0,true,true,20.0,4.0,false,0.0,187,-8.620999999999999,-0.3479338275949745,63.0,6.13,27852.0,960.413793,1.667242,1.351383,3.251853,0.0,15.2197,29.0,304,27.852,1.8299966490798112,False,19231.0,-8621.0,24.7777,0.878787,-0.341412,-0.3479338275949745,70.0,16.829879079999998
64.0,23.36,-7560.0,-105.0,0.791391,-0.635828,-5.0,0.0,11.6432,72.0,false,false,5.0,5.0,false,0.0,205,-7.5600000000000005,-0.6493060327057854,64.0,38.03,6743.0,146.586957,1.327203,0.974704,8.720762,0.0,6.0865,46.0,111,6.743,1.1078616610531504,False,-817.0,-7560.0,11.6432,0.791391,-0.635828,-0.6493060327057854,118.0,-1.3267707999999878
65.0,23.77,-3547.0,-47.932432,0.904463,-0.34109,-3.150079,0.0,10.2352,74.0,true,false,5.0,5.0,false,0.0,319,-3.547,-0.3465491636704705,65.0,45.21,7903.0,161.285714,1.369351,1.270783,5.75953,0.0,5.689,49.0,88,7.9030000000000005,1.389172086482686,False,4356.0,-3547.0,10.2352,0.904463,-0.34109,-0.3465491636704705,123.0,4.075680589999986
66.0,11.87,-6420.0,-160.5,0.678518,-0.663909,-5.0,0.0,9.4369,40.0,false,true,5.0,5.0,false,0.0,234,-6.419999999999999,-0.6803081520414542,66.0,6.93,11343.0,405.107143,2.029497,3.03451,17.873816,0.0,3.2481,28.0,280,11.343,3.4921954373325943,False,4923.0,-6420.0,9.4369,0.678518,-0.663909,-0.6803081520414542,68.0,4.194779399999993
67.0,13.01,-8558.0,-208.731707,0.613075,-0.842489,-5.0,0.0,9.998,41.0,true,true,5.0,5.0,false,0.0,193,-8.558,-0.8559711942388478,67.0,4.87,4062.0,140.068966,1.315446,0.879792,3.758704,0.0,4.3331,29.0,390,4.062,0.9374350926588355,False,-4496.0,-8558.0,9.998,0.613075,-0.842489,-0.8559711942388478,70.0,-4.8436259599999865
68.0,19.52,-12195.0,-174.214286,0.818891,-0.681475,-3.356096,0.0,16.93,70.0,false,false,10.0,5.0,false,0.0,136,-12.195,-0.7203189604252805,68.0,8.04,-5996.0,-124.916667,0.866587,-0.220563,-1.319551,0.0,22.4319,48.0,255,-5.9959999999999996,-0.2672979105648652,False,-18191.0,-12195.0,22.4319,0.818891,-0.681475,-0.7203189604252805,118.0,-17.459787800000004
69.0,14.85,-3121.0,-42.175676,0.954246,-0.155281,-1.138728,0.0,19.7223,74.0,true,false,10.0,5.0,false,0.0,330,-3.121,-0.15824726325022942,69.0,46.9,17564.0,358.44898,1.423341,1.336885,3.65043,0.0,10.9655,49.0,79,17.564,1.6017509461492863,False,14443.0,-3121.0,19.7223,0.954246,-0.155281,-0.15824726325022942,123.0,13.89482756
70.0,9.81,-8597.0,-214.925,0.777378,-0.499535,-4.388434,0.0,16.8742,40.0,false,true,10.0,5.0,false,0.0,190,-8.597000000000001,-0.5094760047883753,70.0,4.12,9924.0,354.428571,1.407942,0.673498,2.695869,0.0,11.8202,28.0,422,9.924,0.8395797025431041,False,1327.0,-8597.0,16.8742,0.777378,-0.499535,-0.5094760047883753,68.0,0.47383372000000534
71.0,6.25,-14636.0,-356.97561,0.630945,-0.672363,-5.0,0.0,21.36,41.0,true,true,10.0,5.0,false,0.0,84,-14.636,-0.6852059925093633,71.0,4.99,9809.0,338.241379,1.401975,0.666372,3.571591,0.0,11.9963,29.0,386,9.809,0.8176687812075389,False,-4827.0,-14636.0,21.36,0.630945,-0.672363,-0.6852059925093633,70.0,-6.262645240000008
72.0,14.88,9962.0,142.314286,1.107162,0.350257,0.916504,0.0,21.8982,70.0,false,false,15.0,5.0,false,0.0,457,9.962,0.45492323569973786,72.0,31.9,21814.0,474.217391,1.377059,0.914173,2.14204,0.0,17.9778,46.0,151,21.814,1.2133853975458622,True,31776.0,9962.0,21.8982,1.107162,0.350257,0.45492323569973786,116.0,33.94911068
73.0,13.58,-2156.0,-29.534247,0.977985,-0.103281,-0.21202,0.0,20.4838,73.0,true,false,15.0,5.0,false,0.0,366,-2.156,-0.10525390796629533,73.0,71.43,62062.0,1266.571429,2.143515,3.590304,5.816214,0.0,11.3234,49.0,28,62.062,5.480862638430153,False,59906.0,-2156.0,20.4838,0.977985,-0.103281,-0.10525390796629533,122.0,58.56794327999999
74.0,10.82,-2214.0,-55.35,0.958799,-0.123812,-0.421142,0.0,15.4598,40.0,false,true,15.0,5.0,false,0.0,363,-2.214,-0.14321013208450303,74.0,5.42,23899.0,853.535714,1.70374,1.45433,3.012499,0.0,12.0108,28.0,343,23.899,1.9897925200652746,False,21685.0,-2214.0,15.4598,0.958799,-0.123812,-0.14321013208450303,68.0,21.155876140000007
75.0,5.98,-12426.0,-303.073171,0.779759,-0.56295,-2.589961,0.0,21.6593,41.0,true,true,15.0,5.0,false,0.0,128,-12.426,-0.5737027512431149,75.0,6.01,23078.0,795.793103,1.659994,1.156212,3.324681,0.0,14.2233,29.0,320,23.078000000000003,1.6225489162149433,False,10652.0,-12426.0,21.6593,0.779759,-0.56295,-0.5737027512431149,70.0,7.784327719999995
76.0,11.09,10617.0,153.869565,1.089122,0.381235,0.603937,0.0,23.1114,69.0,false,false,20.0,5.0,false,0.0,464,10.617,0.45938368078091335,76.0,14.66,19670.0,409.791667,1.240892,0.498631,1.537903,0.0,29.0762,48.0,225,19.67,0.6764983044551902,True,30287.0,10617.0,29.0762,1.089122,0.381235,0.45938368078091335,117.0,32.37536390000002
77.0,4.15,-25603.0,-355.597222,0.807199,-0.729784,-1.307573,0.0,34.4255,72.0,true,false,20.0,5.0,false,0.0,11,-25.602999999999998,-0.7437219502984705,77.0,33.59,46001.0,938.795918,1.582726,1.135911,2.417525,0.0,27.1442,49.0,145,46.001,1.694689841660465,False,20398.0,-25603.0,34.4255,0.807199,-0.729784,-0.7437219502984705,121.0,8.62036397000001
78.0,9.27,-1841.0,-46.025,0.97386,-0.086064,-0.202401,0.0,17.8929,40.0,false,true,20.0,5.0,false,0.0,372,-1.841,-0.10288997311782885,78.0,2.34,14063.0,502.25,1.292595,0.559855,1.46286,0.0,19.4815,28.0,477,14.063,0.721864332828581,False,12222.0,-1841.0,19.4815,0.97386,-0.086064,-0.10288997311782885,68.0,11.963100169999997
79.0,4.43,-5185.0,-126.463415,0.929226,-0.214922,-0.588231,0.0,23.6728,41.0,true,true,20.0,5.0,false,0.0,271,-5.185,-0.21902774492244262,79.0,5.92,31675.0,1092.241379,1.709661,1.316282,2.755787,0.0,17.1287,29.0,325,31.674999999999997,1.8492354936451687,False,26490.0,-5185.0,23.6728,0.929226,-0.214922,-0.21902774492244262,70.0,24.84765124999999
80.0,23.3,-10400.0,-165.079365,0.554985,-0.819543,-5.0,0.0,12.5185,63.0,false,false,5.0,1.0,true,5.0,164,-10.4,-0.830770459719615,80.0,16.87,-329.0,-8.435897,0.969814,-0.086579,-1.793309,0.0,3.7394,39.0,213,-0.329,-0.08798202920254587,False,-10729.0,-10400.0,12.5185,0.554985,-0.819543,-0.830770459719615,102.0,-10.694784000000002
81.0,35.17,-3000.0,-49.180328,0.843994,-0.512821,-5.0,0.0,5.7579,61.0,true,false,5.0,1.0,true,5.0,338,-3.0,-0.5210232897410514,81.0,35.07,2460.0,60.0,1.243083,1.012346,20.626704,0.0,2.4057,41.0,140,2.46,1.0225713929417632,False,-540.0,-3000.0,5.7579,0.843994,-0.512821,-0.5210232897410514,102.0,-0.6138000000000088
82.0,11.95,-7340.0,-183.5,0.504723,-0.827508,-5.0,0.0,8.7363,40.0,false,true,5.0,1.0,true,5.0,214,-7.340000000000001,-0.8401726131199708,82.0,4.99,701.0,25.035714,1.095517,0.226861,4.983897,0.0,3.0407,28.0,382,0.701,0.2305390206202519,False,-6639.0,-7340.0,8.7363,0.504723,-0.827508,-0.8401726131199708,68.0,-6.690453400000007
83.0,18.64,-2940.0,-71.707317,0.784141,-0.4375,-5.0,0.0,6.5357,41.0,true,true,5.0,1.0,true,5.0,344,-2.94,-0.44983704882415043,83.0,6.05,970.0,33.448276,1.128307,0.363296,10.214512,0.0,2.6373,29.0,313,0.97,0.3678004019262124,False,-1970.0,-2940.0,6.5357,0.784141,-0.4375,-0.44983704882415043,70.0,-1.9985179999999936
84.0,36.67,-5998.0,-95.206349,0.778492,-0.60233,-5.0,0.0,9.7104,63.0,false,false,10.0,1.0,true,5.0,257,-5.998,-0.6176882517712968,84.0,43.78,3881.0,88.204545,1.276819,0.686903,8.18975,0.0,5.249,44.0,91,3.881,0.7393789293198705,False,-2117.0,-5998.0,9.7104,0.778492,-0.60233,-0.6176882517712968,107.0,-2.3497823799999984
85.0,20.45,-15088.0,-209.555556,0.572796,-0.875784,-5.0,0.0,16.8869,72.0,true,false,10.0,1.0,true,5.0,80,-15.088,-0.8934736393298947,85.0,67.78,9430.0,214.318182,1.79511,3.833333,28.429086,0.0,2.2384,44.0,35,9.43,4.212830593280915,False,-5658.0,-15088.0,16.8869,0.572796,-0.875784,-0.8934736393298947,116.0,-7.080798399999999
86.0,19.95,-1180.0,-29.5,0.922317,-0.259341,-3.909038,0.0,4.4308,40.0,false,true,10.0,1.0,true,5.0,392,-1.18,-0.26631759501670127,86.0,5.4,2781.0,99.321429,1.340809,0.684975,8.825739,0.0,3.9625,28.0,344,2.781,0.7018296529968455,False,1601.0,-1180.0,4.4308,0.922317,-0.259341,-0.26631759501670127,68.0,1.5681842000000001
87.0,11.45,-13260.0,-323.414634,0.405914,-0.81953,-5.0,0.0,15.8596,41.0,true,true,10.0,1.0,true,5.0,114,-13.26,-0.8360866604454085,87.0,7.04,3950.0,136.206897,1.479951,0.936019,15.985889,0.0,4.1067,29.0,274,3.95,0.9618428421847226,False,-9310.0,-13260.0,15.8596,0.405914,-0.81953,-0.8360866604454085,70.0,-9.833769999999998
88.0,60.54,3647.0,55.257576,1.146085,0.399146,3.32426,0.0,8.7771,66.0,false,false,15.0,1.0,true,5.0,440,3.6470000000000002,0.4155130965808752,88.0,52.08,6633.0,147.4,1.459763,1.193415,8.687414,0.0,5.0276,45.0,66,6.633,1.319317368127934,True,10280.0,3647.0,8.7771,1.146085,0.399146,0.4155130965808752,111.0,10.521905510000007
89.0,24.3,-11477.0,-161.647887,0.713269,-0.72287,-5.0,0.0,15.5019,71.0,true,false,15.0,1.0,true,5.0,154,-11.477,-0.7403608589914785,89.0,62.58,5925.0,118.5,1.360511,1.49659,7.339595,0.0,3.6114,50.0,44,5.925,1.6406379797308521,False,-5552.0,-11477.0,15.5019,0.713269,-0.72287,-0.7403608589914785,121.0,-6.232012249999997
90.0,27.46,1062.0,26.55,1.068129,0.144687,1.848327,0.0,7.0441,40.0,false,true,15.0,1.0,true,5.0,423,1.0619999999999998,0.15076446955608236,90.0,6.96,6171.0,220.392857,1.832906,1.412128,13.173939,0.0,4.2852,28.0,277,6.171,1.4400728087370487,True,7233.0,1062.0,7.0441,1.068129,0.144687,0.15076446955608236,68.0,7.2985360199999905
91.0,5.4,-16437.0,-400.902439,0.424616,-0.720384,-5.0,0.0,22.2779,41.0,true,true,15.0,1.0,true,5.0,59,-16.436999999999998,-0.7378164010072762,91.0,3.98,-1907.0,-65.758621,0.825318,-0.380639,-3.909942,0.0,4.9156,29.0,430,-1.907,-0.3879485718935633,False,-18344.0,-16437.0,22.2779,0.424616,-0.720384,-0.7378164010072762,70.0,-18.030546410000003
92.0,36.93,-6433.0,-89.347222,0.801051,-0.426168,-4.64785,0.0,14.7254,72.0,false,false,20.0,1.0,true,5.0,233,-6.433,-0.436864193841933,92.0,55.2,7364.0,160.086957,1.443454,1.327086,7.516078,0.0,4.9451,46.0,62,7.364,1.4891508766253463,False,931.0,-6433.0,14.7254,0.801051,-0.426168,-0.436864193841933,118.0,0.4572738799999865
93.0,22.96,-10164.0,-141.166667,0.758833,-0.543675,-5.0,0.0,18.4006,72.0,true,false,20.0,1.0,true,5.0,171,-10.164,-0.5523732921752551,93.0,65.72,8947.0,182.591837,1.5318,1.438887,8.439919,0.0,5.855,49.0,40,8.947,1.5280956447480782,False,-1217.0,-10164.0,18.4006,0.758833,-0.543675,-0.5523732921752551,121.0,-2.126373079999999
94.0,18.92,-6038.0,-150.95,0.623988,-0.626349,-5.0,0.0,9.3957,40.0,false,true,20.0,1.0,true,5.0,256,-6.038,-0.6426343965856722,94.0,7.25,8502.0,303.642857,2.129384,1.58324,13.490652,0.0,5.2416,28.0,268,8.502,1.6220238095238095,False,2464.0,-6038.0,9.3957,0.623988,-0.626349,-0.6426343965856722,68.0,1.950649240000013
95.0,3.94,-15896.0,-387.707317,0.468486,-0.633382,-5.0,0.0,24.7018,41.0,true,true,20.0,1.0,true,5.0,67,-15.895999999999999,-0.6435158571440138,95.0,4.05,25.0,0.862069,1.002102,0.004181,0.036758,0.0,5.8387,29.0,423,0.025,0.004281775052665833,False,-15871.0,-15896.0,24.7018,0.468486,-0.633382,-0.6435158571440138,70.0,-15.874973999999998
96.0,22.67,-9710.0,-142.794118,0.623205,-0.711355,-5.0,0.0,13.3132,68.0,false,false,5.0,2.0,true,5.0,174,-9.71,-0.7293513204939459,96.0,26.41,191.0,4.244444,1.013802,0.034539,0.665177,0.0,5.2492,45.0,176,0.191,0.036386496990017524,False,-9519.0,-9710.0,13.3132,0.623205,-0.711355,-0.7293513204939459,113.0,-9.537546099999993
97.0,23.89,-6310.0,-87.638889,0.731718,-0.746746,-5.0,0.0,8.2827,72.0,true,false,5.0,2.0,true,5.0,238,-6.3100000000000005,-0.7618288722276553,97.0,64.68,5370.0,116.73913,1.451261,2.533019,25.338384,0.0,2.074,46.0,41,5.37,2.5891996142719385,False,-940.0,-6310.0,8.2827,0.731718,-0.746746,-0.7618288722276553,118.0,-1.278846999999994
98.0,11.93,-5880.0,-147.0,0.605369,-0.689332,-5.0,0.0,8.3098,40.0,false,true,5.0,2.0,true,5.0,259,-5.88,-0.7075982574791211,98.0,5.13,1711.0,61.107143,1.233138,0.551935,8.580094,0.0,3.0256,28.0,367,1.711,0.5655076679005817,False,-4169.0,-5880.0,8.3098,0.605369,-0.689332,-0.7075982574791211,68.0,-4.269606800000004
99.0,13.15,-4640.0,-113.170732,0.661314,-0.592593,-5.0,0.0,7.6599,41.0,true,true,5.0,2.0,true,5.0,279,-4.64,-0.6057520333163617,99.0,5.98,2590.0,89.310345,1.341689,0.799383,18.206125,0.0,3.1737,29.0,322,2.59,0.8160821753788952,False,-2050.0,-4640.0,7.6599,0.661314,-0.592593,-0.6057520333163617,70.0,-2.1701760000000014
100.0,29.5,-5538.0,-76.916667,0.812766,-0.53559,-5.0,0.0,10.1502,72.0,false,false,10.0,2.0,true,5.0,263,-5.538,-0.5456050127091092,100.0,49.15,2493.0,53.042553,1.160352,0.467993,3.4794,0.0,4.9729,47.0,74,2.493,0.5013171388927989,False,-3045.0,-5538.0,10.1502,0.812766,-0.53559,-0.5456050127091092,119.0,-3.183062340000009
101.0,22.22,-11518.0,-155.648649,0.692591,-0.781411,-5.0,0.0,14.5079,74.0,true,false,10.0,2.0,true,5.0,153,-11.518,-0.7939122822737957,101.0,61.41,6086.0,119.333333,1.380994,1.196148,8.08482,0.0,4.7467,51.0,46,6.085999999999999,1.2821539174584449,False,-5432.0,-11518.0,14.5079,0.692591,-0.781411,-0.7939122822737957,125.0,-6.13298548000002
102.0,14.03,-5250.0,-131.25,0.656189,-0.550892,-5.0,0.0,9.2885,40.0,false,true,10.0,2.0,true,5.0,267,-5.25,-0.5652150508693545,102.0,7.12,5791.0,206.821429,1.701174,1.688338,12.583543,0.0,3.307,28.0,273,5.791,1.7511339582703358,False,541.0,-5250.0,9.2885,0.656189,-0.550892,-0.5652150508693545,68.0,0.23697249999998782
103.0,10.96,-12370.0,-301.707317,0.446532,-0.733254,-5.0,0.0,16.6043,41.0,true,true,10.0,2.0,true,5.0,131,-12.370000000000001,-0.7449877441385666,103.0,3.83,-896.0,-30.896552,0.899507,-0.151864,-1.945345,0.0,5.711,29.0,431,-0.8959999999999999,-0.15689021187182628,False,-13266.0,-12370.0,16.6043,0.446532,-0.733254,-0.7449877441385666,70.0,-13.155164799999996
104.0,36.08,-4203.0,-58.375,0.851405,-0.302265,-2.638292,0.0,13.635,72.0,false,false,15.0,2.0,true,5.0,296,-4.202999999999999,-0.30825082508250823,104.0,70.38,12008.0,255.489362,1.826599,1.698925,9.533166,0.0,6.084,47.0,31,12.008000000000001,1.9737015121630508,False,7805.0,-4203.0,13.635,0.851405,-0.302265,-0.30825082508250823,119.0,7.300303759999993
105.0,23.11,-7266.0,-98.189189,0.819599,-0.534776,-5.0,0.0,13.373,74.0,true,false,15.0,2.0,true,5.0,219,-7.266,-0.5433335825917894,105.0,85.16,13032.0,255.529412,1.786339,2.235334,9.448706,0.0,5.0036,51.0,13,13.032,2.6045247421856264,False,5766.0,-7266.0,13.373,0.819599,-0.534776,-0.5433335825917894,125.0,4.819094880000008
106.0,17.63,-6508.0,-162.7,0.584366,-0.601479,-5.0,0.0,10.6058,40.0,false,true,15.0,2.0,true,5.0,232,-6.508,-0.6136265062512964,106.0,8.29,13226.0,472.357143,2.785126,3.026545,15.086068,0.0,4.2243,28.0,250,13.225999999999999,3.1309329356343056,False,6718.0,-6508.0,10.6058,0.584366,-0.601479,-0.6136265062512964,68.0,5.857251919999995
107.0,4.57,-16636.0,-405.756098,0.419073,-0.704706,-5.0,0.0,23.2352,41.0,true,true,15.0,2.0,true,5.0,58,-16.636,-0.715982647018317,107.0,4.2,600.0,20.689655,1.054471,0.094044,0.684312,0.0,6.1051,29.0,419,0.6,0.09827848847684723,False,-16036.0,-16636.0,23.2352,0.419073,-0.704706,-0.715982647018317,70.0,-16.13581599999999
108.0,34.31,-4561.0,-62.479452,0.859761,-0.361841,-2.410547,0.0,12.3603,73.0,false,false,20.0,2.0,true,5.0,287,-4.561,-0.36900398857632905,108.0,35.34,454.0,9.08,1.023635,0.043292,0.20977,0.0,10.1638,50.0,128,0.45399999999999996,0.04466833271020681,False,-4107.0,-4561.0,12.3603,0.859761,-0.361841,-0.36900398857632905,123.0,-4.127706940000008
109.0,26.2,1616.0,21.837838,1.038208,0.109005,0.802203,0.0,14.5915,74.0,true,false,20.0,2.0,true,5.0,428,1.616,0.11074940890244321,109.0,87.4,13997.0,264.09434,1.801753,2.150738,6.533689,0.0,5.7607,53.0,9,13.997000000000002,2.4297394413873317,True,15613.0,1616.0,14.5915,1.038208,0.109005,0.11074940890244321,127.0,15.839191519999996
110.0,15.75,-8166.0,-204.15,0.495178,-0.735676,-5.0,0.0,10.8802,40.0,false,true,20.0,2.0,true,5.0,200,-8.166,-0.7505376739398173,110.0,6.73,7901.0,282.178571,2.00881,0.957929,5.093022,0.0,7.9907,28.0,285,7.901,0.9887744502984719,False,-265.0,-8166.0,10.8802,0.495178,-0.735676,-0.7505376739398173,68.0,-0.9101956600000016
111.0,2.96,-14016.0,-341.853659,0.531817,-0.516681,-5.0,0.0,26.6998,41.0,true,true,20.0,2.0,true,5.0,104,-14.016,-0.5249477524176211,111.0,3.41,-4756.0,-164.0,0.61521,-0.426624,-3.416865,0.0,10.8107,29.0,444,-4.756,-0.43993450932872064,False,-18772.0,-14016.0,26.6998,0.531817,-0.516681,-0.5249477524176211,70.0,-18.105399040000016
112.0,23.45,-6220.0,-88.857143,0.759381,-0.532534,-5.0,0.0,11.2796,70.0,false,false,5.0,3.0,true,5.0,246,-6.22,-0.5514379942551154,112.0,25.33,121.0,2.574468,1.0081,0.026889,0.318627,0.0,4.3373,47.0,182,0.121,0.027897539944204918,False,-6099.0,-6220.0,11.2796,0.759381,-0.532534,-0.5514379942551154,117.0,-6.1065262000000065
113.0,23.8,-4560.0,-62.465753,0.81071,-0.471562,-5.0,0.0,9.4415,73.0,true,false,5.0,3.0,true,5.0,288,-4.5600000000000005,-0.48297410369115085,113.0,24.79,-888.0,-17.076923,0.937806,-0.169207,-2.374008,0.0,5.1041,52.0,183,-0.8880000000000001,-0.173977782566956,False,-5448.0,-4560.0,9.4415,0.81071,-0.471562,-0.48297410369115085,125.0,-5.407507199999994
114.0,11.93,-4360.0,-109.0,0.707383,-0.489888,-5.0,0.0,8.5135,40.0,false,true,5.0,3.0,true,5.0,294,-4.36,-0.5121277970282493,114.0,5.73,3221.0,115.035714,1.438888,1.099317,12.383552,0.0,2.8236,28.0,334,3.221,1.140742314775464,False,-1139.0,-4360.0,8.5135,0.707383,-0.489888,-0.5121277970282493,68.0,-1.2794355999999896
115.0,13.1,-4650.0,-113.414634,0.661079,-0.514381,-5.0,0.0,8.8264,41.0,true,true,5.0,3.0,true,5.0,278,-4.65,-0.5268286050938096,115.0,2.44,-2158.0,-74.413793,0.735798,-0.375435,-5.0,0.0,5.6519,29.0,465,-2.158,-0.38181850351209323,False,-6808.0,-4650.0,8.8264,0.661079,-0.514381,-0.5268286050938096,70.0,-6.707653000000002
116.0,25.8,-8378.0,-116.361111,0.717036,-0.693543,-5.0,0.0,11.8804,72.0,false,false,10.0,3.0,true,5.0,197,-8.378,-0.7051951112757147,116.0,59.12,8068.0,171.659574,1.518609,1.249884,8.00407,0.0,5.6711,47.0,49,8.068,1.4226516901482957,False,-310.0,-8378.0,11.8804,0.717036,-0.693543,-0.7051951112757147,119.0,-0.9859370399999845
117.0,23.67,-8448.0,-112.64,0.780901,-0.793239,-5.0,0.0,10.4823,75.0,true,false,10.0,3.0,true,5.0,196,-8.448,-0.8059299962794425,117.0,76.09,10631.0,208.45098,1.665519,1.68746,9.321421,0.0,5.6001,51.0,20,10.631,1.8983589578757523,False,2183.0,-8448.0,10.4823,0.780901,-0.793239,-0.8059299962794425,126.0,1.284893119999997
118.0,12.74,-6140.0,-153.5,0.59843,-0.565899,-5.0,0.0,10.6352,40.0,false,true,10.0,3.0,true,5.0,251,-6.140000000000001,-0.5773281179479466,118.0,8.31,12376.0,442.0,2.498486,3.608163,16.235395,0.0,3.2227,28.0,248,12.376,3.8402581686163773,False,6236.0,-6140.0,10.6352,0.59843,-0.565899,-0.5773281179479466,68.0,5.476113599999999
119.0,11.01,-13270.0,-323.658537,0.406795,-0.790351,-5.0,0.0,16.5256,41.0,true,true,10.0,3.0,true,5.0,113,-13.270000000000001,-0.8029965629084572,119.0,6.17,2699.0,93.068966,1.302714,0.457458,3.728491,0.0,5.6178,29.0,300,2.699,0.4804371818149453,False,-10571.0,-13270.0,16.5256,0.406795,-0.790351,-0.8029965629084572,70.0,-10.929157300000004
120.0,37.04,1169.0,16.013699,1.038552,0.111866,0.625687,0.0,10.2131,73.0,false,false,15.0,3.0,true,5.0,424,1.169,0.11446083951004102,120.0,54.37,5426.0,108.52,1.327262,0.547196,2.354314,0.0,8.6953,50.0,64,5.426,0.6240152726185411,True,6595.0,1169.0,10.2131,1.038552,0.111866,0.11446083951004102,123.0,6.658429939999988
121.0,24.43,186.0,2.48,1.0046,0.016344,0.105593,0.0,11.2008,75.0,true,false,15.0,3.0,true,5.0,417,0.186,0.016605956717377333,121.0,88.23,13867.0,256.796296,1.807771,2.128473,6.84342,0.0,5.5469,54.0,8,13.866999999999999,2.499954929780598,True,14053.0,186.0,11.2008,1.0046,0.016344,0.016605956717377333,129.0,14.078792620000002
122.0,15.78,-6746.0,-168.65,0.571846,-0.623475,-5.0,0.0,10.6058,40.0,false,true,15.0,3.0,true,5.0,229,-6.746,-0.6360670576477022,122.0,7.01,9883.0,352.964286,2.281343,1.363549,5.764093,0.0,7.0219,28.0,275,9.883000000000001,1.4074538230393485,False,3137.0,-6746.0,10.6058,0.571846,-0.623475,-0.6360670576477022,68.0,2.4702928199999974
123.0,3.62,-15026.0,-366.487805,0.475477,-0.596815,-5.0,0.0,24.7805,41.0,true,true,15.0,3.0,true,5.0,81,-15.026,-0.6063638748209277,123.0,2.89,-7266.0,-250.551724,0.367018,-0.68251,-5.0,0.0,10.3239,29.0,453,-7.266,-0.7038037950774416,False,-22292.0,-15026.0,24.7805,0.367018,-0.68251,-0.7038037950774416,70.0,-21.20021084
124.0,58.6,9261.0,126.863014,1.284752,0.841144,3.935291,0.0,10.708,73.0,false,false,20.0,3.0,true,5.0,455,9.261,0.8648673888681359,124.0,63.19,10207.0,204.14,1.531366,0.9733,3.875777,0.0,10.1638,50.0,43,10.206999999999999,1.0042503787953323,True,19468.0,9261.0,10.708,1.284752,0.841144,0.8648673888681359,123.0,20.413270269999995
125.0,58.96,16942.0,225.893333,1.398335,1.671138,4.459855,0.0,9.9783,75.0,true,false,20.0,3.0,true,5.0,477,16.942,1.6978844091678942,125.0,89.15,22349.0,421.679245,2.169737,2.204913,7.426368,0.0,8.8853,53.0,5,22.349,2.515278043510067,True,39291.0,16942.0,9.9783,1.398335,1.671138,1.6978844091678942,128.0,43.07736758
126.0,15.78,-4156.0,-103.9,0.743076,-0.374414,-4.217487,0.0,10.8802,40.0,false,true,20.0,3.0,true,5.0,297,-4.156,-0.38197827245822685,126.0,7.67,15674.0,559.785714,3.001277,1.900339,7.820153,0.0,7.9907,28.0,260,15.674,1.9615302789492783,False,11518.0,-4156.0,10.8802,0.743076,-0.374414,-0.38197827245822685,68.0,10.86658856
127.0,3.49,-12496.0,-304.780488,0.583966,-0.489866,-5.0,0.0,25.1073,41.0,true,true,20.0,3.0,true,5.0,126,-12.496,-0.4977038550541078,127.0,3.46,-756.0,-26.068966,0.938835,-0.076263,-0.513723,0.0,9.5423,29.0,440,-0.756,-0.0792261823669346,False,-13252.0,-12496.0,25.1073,0.583966,-0.489866,-0.4977038550541078,70.0,-13.157530239999993
128.0,22.82,-8960.0,-122.739726,0.668394,-0.671161,-5.0,0.0,13.0908,73.0,false,false,5.0,4.0,true,5.0,186,-8.959999999999999,-0.6844501481956794,128.0,42.66,3061.0,63.770833,1.204216,0.730723,6.415215,0.0,3.9058,48.0,94,3.061,0.7837062829637974,False,-5899.0,-8960.0,13.0908,0.668394,-0.671161,-0.6844501481956794,121.0,-6.1732656
129.0,24.12,-680.0,-9.189189,0.972403,-0.076577,-1.695421,0.0,8.7402,74.0,true,false,5.0,4.0,true,5.0,408,-0.6799999999999999,-0.07780142330839111,129.0,23.67,-306.0,-5.884615,0.978715,-0.04868,-0.612193,0.0,6.0136,52.0,186,-0.306,-0.05088466143408274,False,-986.0,-680.0,8.7402,0.972403,-0.076577,-0.07780142330839111,126.0,-0.9839191999999941
130.0,11.88,-6910.0,-172.75,0.537483,-0.731992,-5.0,0.0,9.2071,40.0,false,true,5.0,4.0,true,5.0,223,-6.909999999999999,-0.7505077603154087,130.0,6.82,4711.0,168.25,1.641913,1.60785,13.815113,0.0,2.7571,28.0,282,4.711,1.7086794095245006,False,-2199.0,-6910.0,9.2071,0.537483,-0.731992,-0.7505077603154087,68.0,-2.5245300999999998
131.0,13.13,-3750.0,-91.463415,0.726875,-0.450721,-5.0,0.0,8.189,41.0,true,true,5.0,4.0,true,5.0,314,-3.75,-0.4579313713518134,131.0,2.41,-2266.0,-78.137931,0.725865,-0.394224,-5.0,0.0,5.5969,29.0,470,-2.266,-0.40486697993532134,False,-6016.0,-3750.0,8.189,0.725865,-0.450721,-0.4579313713518134,70.0,-5.931025000000001
132.0,24.91,-7066.0,-96.794521,0.773351,-0.677079,-5.0,0.0,10.135,73.0,false,false,10.0,4.0,true,5.0,222,-7.066,-0.6971879625061668,132.0,27.57,-2517.0,-50.34,0.862082,-0.185852,-1.405031,0.0,12.2754,50.0,165,-2.5170000000000003,-0.20504423481108563,False,-9583.0,-7066.0,12.2754,0.773351,-0.677079,-0.6971879625061668,123.0,-9.405148779999994
133.0,23.6,-2628.0,-34.578947,0.931949,-0.22385,-2.600213,0.0,11.5551,76.0,true,false,10.0,4.0,true,5.0,351,-2.628,-0.22743204299400266,133.0,41.18,1986.0,36.777778,1.112286,0.240902,1.162225,0.0,7.7301,54.0,95,1.986,0.25691776303023245,False,-642.0,-2628.0,11.5551,0.931949,-0.22385,-0.22743204299400266,130.0,-0.6941920800000001
134.0,12.25,-7378.0,-184.45,0.520535,-0.785061,-5.0,0.0,9.2119,40.0,false,true,10.0,4.0,true,5.0,212,-7.378,-0.8009205484210641,134.0,6.72,7170.0,256.071429,1.837323,1.122944,5.296413,0.0,5.6577,28.0,286,7.17,1.2672994326316347,False,-208.0,-7378.0,9.2119,0.520535,-0.785061,-0.8009205484210641,68.0,-0.7370025999999918
135.0,9.2,-14380.0,-350.731707,0.357462,-0.760847,-5.0,0.0,18.6024,41.0,true,true,10.0,4.0,true,5.0,98,-14.38,-0.7730185352427644,135.0,2.55,-5677.0,-195.758621,0.394776,-0.626808,-5.0,0.0,8.783,29.0,460,-5.6770000000000005,-0.6463622907890243,False,-20057.0,-14380.0,18.6024,0.357462,-0.760847,-0.7730185352427644,70.0,-19.2406474
136.0,62.33,11461.0,157.0,1.377964,1.096746,5.11186,0.0,10.0655,73.0,false,false,15.0,4.0,true,5.0,468,11.461,1.1386418955839253,136.0,71.31,12836.0,256.72,1.774186,1.294474,5.07824,0.0,8.2668,50.0,29,12.836,1.5527168916630378,True,24297.0,11461.0,10.0655,1.377964,1.096746,1.1386418955839253,123.0,25.768133960000018
137.0,54.31,12900.0,169.736842,1.317938,1.535714,3.892566,0.0,8.2677,76.0,true,false,15.0,4.0,true,5.0,473,12.9,1.560288834863384,137.0,83.3,16739.0,309.981481,1.889663,1.737132,5.9769,0.0,8.4123,54.0,15,16.739,1.989824423760446,True,29639.0,12900.0,8.4123,1.317938,1.535714,1.560288834863384,130.0,31.798331
138.0,15.81,-3736.0,-93.4,0.762884,-0.345287,-4.106583,0.0,10.6058,40.0,false,true,15.0,4.0,true,5.0,315,-3.7359999999999998,-0.3522600841049237,138.0,7.97,15793.0,564.035714,3.047582,2.178946,8.232331,0.0,7.0219,28.0,258,15.793,2.2491063672225464,False,12057.0,-3736.0,10.6058,0.762884,-0.345287,-0.3522600841049237,68.0,11.46697351999999
139.0,4.23,-17206.0,-419.658537,0.401447,-0.713972,-5.0,0.0,23.7195,41.0,true,true,15.0,4.0,true,5.0,51,-17.206,-0.7253947174265899,139.0,2.89,-5776.0,-199.172414,0.49682,-0.555866,-4.447169,0.0,9.9574,29.0,452,-5.776,-0.580071102898347,False,-22982.0,-17206.0,23.7195,0.401447,-0.713972,-0.7253947174265899,70.0,-21.988181439999998
140.0,38.68,5490.0,75.205479,1.163174,0.363817,1.188006,0.0,14.3947,73.0,false,false,20.0,4.0,true,5.0,449,5.489999999999999,0.38139037284556115,140.0,29.67,-6805.0,-130.865385,0.695648,-0.421911,-1.320545,0.0,15.2795,52.0,158,-6.805,-0.44536797670080824,False,-1315.0,-6805.0,15.2795,0.695648,-0.421911,-0.44536797670080824,125.0,-1.6885944999999958
141.0,55.38,19358.0,258.106667,1.443442,1.407036,3.167969,0.0,13.5413,75.0,true,false,20.0,4.0,true,5.0,480,19.358,1.4295525540383864,141.0,92.71,35378.0,667.509434,2.85167,3.490331,8.252691,0.0,8.5836,53.0,2,35.378,4.121580688755301,True,54736.0,19358.0,13.5413,1.443442,1.407036,1.4295525540383864,128.0,61.58447324
142.0,15.98,-734.0,-18.35,0.954624,-0.066126,-0.331706,0.0,10.8802,40.0,false,true,20.0,4.0,true,5.0,407,-0.734,-0.06746199518391206,142.0,3.22,-1891.0,-67.535714,0.802898,-0.15379,-0.507965,0.0,11.2456,28.0,447,-1.891,-0.16815465604325247,False,-2625.0,-1891.0,11.2456,0.802898,-0.15379,-0.16815465604325247,68.0,-2.611120060000005
143.0,4.24,-6908.0,-168.487805,0.770009,-0.285726,-2.220138,0.0,23.7963,41.0,true,true,20.0,4.0,true,5.0,224,-6.908,-0.29029723108214306,143.0,5.36,3274.0,112.896552,1.264887,0.330273,2.082673,0.0,9.3612,29.0,345,3.274,0.34974148613425626,False,-3634.0,-6908.0,23.7963,0.770009,-0.285726,-0.29029723108214306,70.0,-3.8601679200000016
144.0,20.36,-14420.0,-197.534247,0.466913,-0.873939,-5.0,0.0,16.2274,73.0,false,false,5.0,5.0,true,5.0,97,-14.42,-0.888620481407989,144.0,43.09,4991.0,103.979167,1.332756,0.872705,9.208473,0.0,5.1657,48.0,93,4.9910000000000005,0.9661807693052249,False,-9429.0,-14420.0,16.2274,0.466913,-0.873939,-0.888620481407989,121.0,-10.148702200000004
145.0,24.04,-2820.0,-37.6,0.888493,-0.392211,-5.0,0.0,7.0768,75.0,true,false,5.0,5.0,true,5.0,349,-2.82,-0.39848519104680075,145.0,43.22,2629.0,50.557692,1.182874,0.490119,3.610385,0.0,5.0574,52.0,92,2.629,0.5198323249100328,False,-191.0,-2820.0,7.0768,0.888493,-0.392211,-0.39848519104680075,127.0,-0.26513780000000375
146.0,11.65,-9940.0,-248.5,0.335561,-0.831104,-5.0,0.0,11.7232,40.0,false,true,5.0,5.0,true,5.0,172,-9.94,-0.8478913607206223,146.0,8.12,7661.0,273.607143,2.043875,2.614676,19.239989,0.0,2.6945,28.0,252,7.661,2.843199109296715,False,-2279.0,-9940.0,11.7232,0.335561,-0.831104,-0.8478913607206223,68.0,-3.040503399999983
147.0,13.06,-6240.0,-152.195122,0.546182,-0.66881,-5.0,0.0,9.1831,41.0,true,true,5.0,5.0,true,5.0,240,-6.239999999999999,-0.6795090982348009,147.0,2.42,-1121.0,-38.655172,0.864384,-0.190809,-2.0368,0.0,5.6736,29.0,466,-1.121,-0.1975817822899041,False,-7361.0,-6240.0,9.1831,0.546182,-0.66881,-0.6795090982348009,70.0,-7.29104960000001
148.0,25.29,-1026.0,-14.054795,0.96709,-0.098314,-0.765735,0.0,9.5734,73.0,false,false,10.0,5.0,true,5.0,396,-1.026,-0.10717195562704995,148.0,29.76,1286.0,25.72,1.070466,0.094957,0.633242,0.0,11.8664,50.0,154,1.286,0.10837322187015438,False,260.0,-1026.0,11.8664,0.96709,-0.098314,-0.10717195562704995,123.0,0.24680564000001404
149.0,29.63,1444.0,19.0,1.037297,0.148713,1.120691,0.0,9.5571,76.0,true,false,10.0,5.0,true,5.0,427,1.444,0.15109185840893158,149.0,60.34,7006.0,129.740741,1.39611,0.84983,3.990113,0.0,7.5152,54.0,48,7.005999999999999,0.932243985522674,True,8450.0,1444.0,9.5571,1.037297,0.148713,0.15109185840893158,130.0,8.551166639999996
150.0,12.3,-5358.0,-133.95,0.651807,-0.632586,-5.0,0.0,8.3023,40.0,false,true,10.0,5.0,true,5.0,265,-5.3580000000000005,-0.6453633330522868,150.0,7.42,10973.0,391.892857,2.281443,1.718559,6.836399,0.0,5.4733,28.0,262,10.972999999999999,2.004823415489741,False,5615.0,-5358.0,8.3023,0.651807,-0.632586,-0.6453633330522868,68.0,5.02706665999999
151.0,10.23,-12280.0,-299.512195,0.451296,-0.689888,-5.0,0.0,17.5197,41.0,true,true,10.0,5.0,true,5.0,135,-12.280000000000001,-0.7009252441537241,151.0,2.56,-4677.0,-161.275862,0.501386,-0.530754,-4.209065,0.0,8.4833,29.0,459,-4.677,-0.5513184727641366,False,-16957.0,-12280.0,17.5197,0.451296,-0.689888,-0.7009252441537241,70.0,-16.382664400000003
152.0,39.44,5170.0,70.821918,1.164414,0.357192,1.155995,0.0,12.0976,73.0,false,false,15.0,5.0,true,5.0,444,5.17,0.42735749239518583,152.0,38.36,4136.0,81.098039,1.236262,0.259571,0.952241,0.0,13.7521,51.0,101,4.136,0.3007540666516387,True,9306.0,4136.0,13.7521,1.164414,0.259571,0.3007540666516387,124.0,9.519831200000016
153.0,40.7,10050.0,132.236842,1.24103,0.727734,1.920562,0.0,13.4705,76.0,true,false,15.0,5.0,true,5.0,460,10.05,0.7460747559481832,153.0,92.46,24828.0,459.777778,2.319585,2.576588,6.656635,0.0,8.1969,54.0,3,24.828,3.0289499688906782,True,34878.0,10050.0,13.4705,1.24103,0.727734,0.7460747559481832,130.0,37.37321400000002
154.0,15.92,-1324.0,-33.1,0.915969,-0.122366,-0.614327,0.0,10.6058,40.0,false,true,15.0,5.0,true,5.0,386,-1.324,-0.1248373531463916,154.0,5.54,5732.0,204.714286,1.666589,0.447358,1.591043,0.0,10.8728,28.0,339,5.732,0.527187109116327,False,4408.0,-1324.0,10.8728,0.915969,-0.122366,-0.1248373531463916,68.0,4.332108319999994
155.0,5.3,-14334.0,-349.609756,0.501357,-0.631259,-5.0,0.0,22.3494,41.0,true,true,15.0,5.0,true,5.0,99,-14.334,-0.6413594995838815,155.0,2.9,-4276.0,-147.448276,0.627494,-0.41151,-3.159496,0.0,9.8163,29.0,451,-4.276,-0.4356020089035583,False,-18610.0,-14334.0,22.3494,0.501357,-0.631259,-0.6413594995838815,70.0,-17.99707816
156.0,27.75,5150.0,70.547945,1.15044,0.258236,0.839882,0.0,18.654,73.0,false,false,20.0,5.0,true,5.0,443,5.1499999999999995,0.27608019727672345,156.0,30.09,-2835.0,-54.519231,0.873205,-0.17577,-0.539252,0.0,14.994,52.0,153,-2.835,-0.18907563025210083,False,2315.0,-2835.0,18.654,0.873205,-0.17577,-0.18907563025210083,125.0,2.168997500000014
157.0,10.77,4855.0,64.733333,1.109954,0.200636,0.602538,0.0,23.4159,75.0,true,false,20.0,5.0,true,5.0,441,4.855,0.20733774913627068,157.0,92.33,38699.0,730.169811,2.965015,3.133522,6.248594,0.0,9.769,53.0,4,38.699,3.96140853720954,True,43554.0,4855.0,23.4159,1.109954,0.200636,0.20733774913627068,128.0,45.43283645
158.0,13.7,-7174.0,-179.35,0.572059,-0.562578,-2.087017,0.0,12.4405,40.0,false,true,20.0,5.0,true,5.0,221,-7.1739999999999995,-0.5766649250432057,158.0,3.28,119.0,4.25,1.012404,0.009678,0.03185,0.0,11.0426,28.0,446,0.11900000000000001,0.010776447575752088,False,-7055.0,-7174.0,12.4405,0.572059,-0.562578,-0.5766649250432057,68.0,-7.0635370600000025
159.0,4.47,-1026.0,-25.02439,0.965841,-0.042437,-0.292263,0.0,23.7963,41.0,true,true,20.0,5.0,true,5.0,397,-1.026,-0.04311594659673983,159.0,6.8,7165.0,247.068966,1.579693,0.722788,4.103607,0.0,9.1876,29.0,283,7.165000000000001,0.7798554573555663,False,6139.0,-1026.0,23.7963,0.965841,-0.042437,-0.04311594659673983,70.0,6.065487099999989
240.0,23.3,-10400.0,-165.079365,0.554985,-0.819543,-5.0,0.0,12.5185,63.0,false,false,5.0,1.0,true,10.0,167,-10.4,-0.830770459719615,240.0,16.87,-329.0,-8.435897,0.969814,-0.086579,-1.793309,0.0,3.7394,39.0,211,-0.329,-0.08798202920254587,False,-10729.0,-10400.0,12.5185,0.554985,-0.819543,-0.830770459719615,102.0,-10.694784000000002
241.0,35.17,-3000.0,-49.180328,0.843994,-0.512821,-5.0,0.0,5.7579,61.0,true,false,5.0,1.0,true,10.0,340,-3.0,-0.5210232897410514,241.0,35.07,2460.0,60.0,1.243083,1.012346,20.626704,0.0,2.4057,41.0,138,2.46,1.0225713929417632,False,-540.0,-3000.0,5.7579,0.843994,-0.512821,-0.5210232897410514,102.0,-0.6138000000000088
242.0,11.95,-7340.0,-183.5,0.504723,-0.827508,-5.0,0.0,8.7363,40.0,false,true,5.0,1.0,true,10.0,216,-7.340000000000001,-0.8401726131199708,242.0,4.99,701.0,25.035714,1.095517,0.226861,4.983897,0.0,3.0407,28.0,380,0.701,0.2305390206202519,False,-6639.0,-7340.0,8.7363,0.504723,-0.827508,-0.8401726131199708,68.0,-6.690453400000007
243.0,18.64,-2940.0,-71.707317,0.784141,-0.4375,-5.0,0.0,6.5357,41.0,true,true,5.0,1.0,true,10.0,346,-2.94,-0.44983704882415043,243.0,6.05,970.0,33.448276,1.128307,0.363296,10.214512,0.0,2.6373,29.0,311,0.97,0.3678004019262124,False,-1970.0,-2940.0,6.5357,0.784141,-0.4375,-0.44983704882415043,70.0,-1.9985179999999936
244.0,32.48,-878.0,-15.403509,0.972991,-0.099682,-1.115982,0.0,8.3647,57.0,false,false,10.0,1.0,true,10.0,400,-0.878,-0.1049649120709649,244.0,26.09,5588.0,147.052632,1.329306,0.899984,8.213523,0.0,5.7102,38.0,179,5.588,0.9785996987846309,False,4710.0,-878.0,8.3647,0.972991,-0.099682,-0.1049649120709649,95.0,4.660937359999995
245.0,13.95,-18478.0,-275.791045,0.6085,-0.901454,-5.0,0.0,20.0921,67.0,true,false,10.0,1.0,true,10.0,43,-18.478,-0.9196649429377717,245.0,35.42,15621.0,422.189189,2.351298,5.207,34.012082,0.0,2.5945,37.0,125,15.620999999999999,6.020813258816727,False,-2857.0,-18478.0,20.0921,0.6085,-0.901454,-0.9196649429377717,104.0,-5.743448380000005
246.0,28.02,1650.0,41.25,1.075342,0.29517,2.917678,0.0,5.2951,40.0,false,true,10.0,1.0,true,10.0,431,1.6500000000000001,0.31160884591414706,246.0,6.72,6308.0,225.285714,1.559269,1.66,11.532162,0.0,3.6847,28.0,289,6.308,1.7119439845849052,True,7958.0,1650.0,5.2951,1.075342,0.29517,0.31160884591414706,68.0,8.062082000000004
247.0,12.51,-11650.0,-284.146341,0.603066,-0.850986,-5.0,0.0,13.4163,41.0,true,true,10.0,1.0,true,10.0,148,-11.65,-0.868346712580965,247.0,9.91,9841.0,339.344828,1.961035,3.347279,23.69643,0.0,2.6553,29.0,240,9.841,3.7061725605392986,False,-1809.0,-11650.0,13.4163,0.603066,-0.850986,-0.868346712580965,70.0,-2.9554765000000205
248.0,60.19,8739.0,140.951613,1.244907,0.830072,5.666081,0.0,9.9858,62.0,false,false,15.0,1.0,true,10.0,454,8.738999999999999,0.8751427026377455,248.0,44.14,14110.0,361.794872,1.828197,2.898521,12.506612,0.0,4.2467,39.0,89,14.11,3.322579885558198,True,22849.0,8739.0,9.9858,1.244907,0.830072,0.8751427026377455,101.0,24.082072900000018
249.0,20.16,-16755.0,-246.397059,0.702535,-0.871521,-5.0,0.0,18.7616,68.0,true,false,15.0,1.0,true,10.0,55,-16.755,-0.8930475012792085,249.0,67.32,10496.0,223.319149,1.507617,1.991651,9.49288,0.0,4.8237,47.0,39,10.496,2.175923046623961,False,-6259.0,-16755.0,18.7616,0.702535,-0.871521,-0.8930475012792085,115.0,-8.0176048
250.0,20.57,1324.0,33.1,1.053117,0.13458,1.407133,0.0,9.4961,40.0,false,true,15.0,1.0,true,10.0,426,1.324,0.13942565895472878,250.0,8.25,11898.0,424.928571,2.010103,2.937778,12.744465,0.0,3.9259,28.0,251,11.898,3.0306426551873455,True,13222.0,1324.0,9.4961,1.053117,0.13458,0.13942565895472878,68.0,13.379529519999988
251.0,6.71,-19066.0,-465.02439,0.51444,-0.885308,-5.0,0.0,21.0169,41.0,true,true,15.0,1.0,true,10.0,40,-19.066,-0.9071747022634166,251.0,6.16,2534.0,87.37931,1.20424,0.485441,3.465157,0.0,4.9681,29.0,301,2.5340000000000003,0.510054145447958,False,-16532.0,-19066.0,21.0169,0.51444,-0.885308,-0.9071747022634166,70.0,-17.015132440000013
252.0,25.97,-461.0,-6.779412,0.989606,-0.02947,-0.227552,0.0,14.9024,68.0,false,false,20.0,1.0,true,10.0,409,-0.461,-0.030934614558728795,252.0,39.9,8835.0,210.357143,1.359249,1.172217,5.33758,0.0,6.6509,42.0,98,8.834999999999999,1.3283916462433654,False,8374.0,-461.0,14.9024,0.989606,-0.02947,-0.030934614558728795,110.0,8.333270650000003
253.0,20.96,-14191.0,-208.691176,0.763373,-0.761565,-5.0,0.0,18.3406,68.0,true,false,20.0,1.0,true,10.0,103,-14.191,-0.7737478599391515,253.0,70.91,12800.0,272.340426,1.612089,2.044728,8.199844,0.0,5.4172,47.0,30,12.8,2.3628442737945803,False,-1391.0,-14191.0,18.3406,0.763373,-0.761565,-0.7737478599391515,115.0,-3.2074479999999905
254.0,12.0,-4386.0,-109.65,0.832889,-0.411908,-3.760933,0.0,10.3029,40.0,false,true,20.0,1.0,true,10.0,293,-4.386,-0.42570538392103197,254.0,8.0,11813.0,421.892857,1.863839,2.339208,8.624361,0.0,4.8543,28.0,256,11.813,2.4335125558782935,False,7427.0,-4386.0,10.3029,0.832889,-0.411908,-0.42570538392103197,68.0,6.908881820000001
255.0,3.83,-18225.0,-444.512195,0.586697,-0.71902,-5.0,0.0,24.9478,41.0,true,true,20.0,1.0,true,10.0,46,-18.224999999999998,-0.7305253369034543,255.0,5.35,1877.0,64.724138,1.134119,0.301768,1.845951,0.0,5.8332,29.0,346,1.8769999999999998,0.32177878351505174,False,-16348.0,-18225.0,24.9478,0.586697,-0.71902,-0.7305253369034543,70.0,-16.690083250000008
256.0,23.51,-3930.0,-59.545455,0.857557,-0.339378,-5.0,0.0,10.8998,66.0,false,false,5.0,2.0,true,10.0,300,-3.93,-0.36055707444173285,256.0,27.14,1701.0,40.5,1.111402,0.296341,4.918088,0.0,5.4202,42.0,169,1.701,0.3138260580790377,False,-2229.0,-3930.0,10.8998,0.857557,-0.339378,-0.36055707444173285,108.0,-2.295849300000008
257.0,23.96,-4620.0,-66.956522,0.842697,-0.695783,-5.0,0.0,6.5085,69.0,true,false,5.0,2.0,true,10.0,282,-4.62,-0.7098409771836829,257.0,56.27,9960.0,237.142857,1.811736,3.984,39.650838,0.0,2.4488,42.0,59,9.959999999999999,4.067298268539693,False,5340.0,-4620.0,6.5085,0.842697,-0.695783,-0.7098409771836829,111.0,4.879847999999987
258.0,12.04,-1760.0,-44.0,0.892355,-0.231275,-5.0,0.0,7.1894,40.0,false,true,5.0,2.0,true,10.0,377,-1.76,-0.24480485158705872,258.0,5.07,4101.0,146.464286,1.461357,1.444014,15.142562,0.0,2.7538,28.0,371,4.101,1.4892149030430677,False,2341.0,-1760.0,7.1894,0.892355,-0.231275,-0.24480485158705872,68.0,2.2688224000000146
259.0,13.25,-2220.0,-54.146341,0.875421,-0.384749,-5.0,0.0,5.5765,41.0,true,true,5.0,2.0,true,10.0,360,-2.22,-0.3980991661436385,259.0,9.2,6540.0,225.517241,1.759582,3.253731,34.45953,0.0,1.9654,29.0,245,6.54,3.3275669074997456,False,4320.0,-2220.0,5.5765,0.875421,-0.384749,-0.3980991661436385,70.0,4.174811999999983
260.0,23.83,-1358.0,-19.681159,0.965531,-0.119986,-1.113793,0.0,10.8483,69.0,false,false,10.0,2.0,true,10.0,385,-1.358,-0.12518090392042994,260.0,32.13,3842.0,87.318182,1.176603,0.53228,3.402333,0.0,6.5404,44.0,148,3.842,0.5874258455140359,False,2484.0,-1358.0,10.8483,0.965531,-0.119986,-0.12518090392042994,113.0,2.431825639999996
261.0,20.54,-13737.0,-190.791667,0.72286,-0.837163,-5.0,0.0,16.1506,72.0,true,false,10.0,2.0,true,10.0,107,-13.736999999999998,-0.8505566356667862,261.0,57.52,8899.0,181.612245,1.466111,1.393081,7.855599,0.0,5.8918,49.0,54,8.899,1.510404290709121,False,-4838.0,-13737.0,16.1506,0.72286,-0.837163,-0.8505566356667862,121.0,-6.060455630000005
262.0,12.01,-2150.0,-53.75,0.902361,-0.249131,-2.908869,0.0,8.3941,40.0,false,true,10.0,2.0,true,10.0,369,-2.15,-0.2561322833895236,262.0,7.89,10120.0,361.428571,1.880996,2.629938,11.282059,0.0,3.3973,28.0,259,10.12,2.9788361345774583,False,7970.0,-2150.0,8.3941,0.902361,-0.249131,-0.2561322833895236,68.0,7.752420000000004
263.0,12.58,-11540.0,-281.463415,0.607216,-0.87226,-5.0,0.0,13.0217,41.0,true,true,10.0,2.0,true,10.0,152,-11.540000000000001,-0.8862130136618108,263.0,3.33,926.0,31.931034,1.083839,0.148397,1.254796,0.0,5.8536,29.0,445,0.9259999999999999,0.15819324859915265,False,-10614.0,-11540.0,13.0217,0.607216,-0.87226,-0.8862130136618108,70.0,-10.720860399999987
264.0,22.27,-2491.0,-35.585714,0.936394,-0.161669,-1.109085,0.0,15.0837,70.0,false,false,15.0,2.0,true,10.0,353,-2.491,-0.1651451566923235,264.0,64.58,18878.0,429.045455,1.852088,2.827741,9.430664,0.0,5.5645,44.0,42,18.878,3.392577949501303,False,16387.0,-2491.0,15.0837,0.936394,-0.161669,-0.1651451566923235,114.0,15.916749019999997
265.0,21.27,-12693.0,-173.876712,0.782706,-0.804934,-5.0,0.0,15.5207,73.0,true,false,15.0,2.0,true,10.0,123,-12.692999999999998,-0.8178110523365568,265.0,81.66,17335.0,353.77551,1.819196,2.364939,9.300991,0.0,6.0679,49.0,16,17.335,2.856836796914913,False,4642.0,-12693.0,15.5207,0.782706,-0.804934,-0.8178110523365568,122.0,2.4416684500000008
266.0,11.32,-6286.0,-157.15,0.748922,-0.452947,-5.0,0.0,13.6032,40.0,false,true,15.0,2.0,true,10.0,239,-6.286,-0.4620971536109151,266.0,8.3,20166.0,720.214286,2.683727,4.979259,12.297798,0.0,3.82,28.0,249,20.166,5.279057591623037,False,13880.0,-6286.0,13.6032,0.748922,-0.452947,-0.4620971536109151,68.0,12.61236524
267.0,5.04,-20705.0,-505.0,0.473637,-0.899943,-5.0,0.0,22.6447,41.0,true,true,15.0,2.0,true,10.0,32,-20.705000000000002,-0.9143419873082885,267.0,6.1,4912.0,169.37931,1.389409,0.730952,4.165259,0.0,6.0664,29.0,306,4.912,0.8097059211393908,False,-15793.0,-20705.0,22.6447,0.473637,-0.899943,-0.9143419873082885,70.0,-16.810029599999986
268.0,21.96,-6838.0,-94.972222,0.853951,-0.440224,-2.406369,0.0,14.8286,72.0,false,false,20.0,2.0,true,10.0,225,-6.837999999999999,-0.46113591303292284,268.0,31.33,5687.0,118.479167,1.191617,0.329014,1.767869,0.0,14.6421,48.0,152,5.686999999999999,0.3884005709563519,False,-1151.0,-6838.0,14.8286,0.853951,-0.440224,-0.46113591303292284,120.0,-1.5398770600000056
269.0,11.01,-4479.0,-61.356164,0.930504,-0.202899,-1.344145,0.0,21.7274,73.0,true,false,20.0,2.0,true,10.0,292,-4.479,-0.20614523596932907,269.0,85.06,21850.0,428.431373,2.014109,2.178899,7.866883,0.0,8.301,51.0,14,21.85,2.6322129863871826,False,17371.0,-4479.0,21.7274,0.930504,-0.202899,-0.20614523596932907,124.0,16.392338500000015
270.0,11.46,-10463.0,-261.575,0.605215,-0.793975,-5.0,0.0,12.9171,40.0,false,true,20.0,2.0,true,10.0,161,-10.463000000000001,-0.8100115350968872,270.0,5.81,13153.0,469.75,1.914546,1.28372,5.202044,0.0,8.6364,28.0,333,13.153,1.522972534852485,False,2690.0,-10463.0,12.9171,0.605215,-0.793975,-0.8100115350968872,68.0,1.3138016099999872
271.0,2.53,-20283.0,-494.707317,0.541565,-0.692607,-5.0,0.0,28.8238,41.0,true,true,20.0,2.0,true,10.0,33,-20.283,-0.7036893123044152,271.0,2.75,1046.0,36.068966,1.072342,0.084614,0.588203,0.0,11.2233,29.0,454,1.046,0.0931989699999109,False,-19237.0,-20283.0,28.8238,0.541565,-0.692607,-0.7036893123044152,70.0,-19.449160180000014
272.0,23.78,-2730.0,-39.565217,0.905504,-0.258523,-5.0,0.0,9.9698,69.0,false,false,5.0,3.0,true,10.0,350,-2.73,-0.2738269574113824,272.0,22.98,581.0,12.911111,1.033335,0.088164,1.259803,0.0,6.1994,45.0,187,0.581,0.09371874697551376,False,-2149.0,-2730.0,9.9698,0.905504,-0.258523,-0.2738269574113824,114.0,-2.164861299999987
273.0,23.97,-2420.0,-33.611111,0.919387,-0.268293,-4.620951,0.0,8.8026,72.0,true,false,5.0,3.0,true,10.0,355,-2.42,-0.2749187739985913,273.0,46.26,5182.0,103.64,1.329896,1.225639,10.200859,0.0,4.0658,50.0,83,5.1819999999999995,1.2745339170642922,False,2762.0,-2420.0,8.8026,0.919387,-0.268293,-0.2749187739985913,122.0,2.6365956000000024
274.0,12.09,-790.0,-19.75,0.951711,-0.103811,-2.867309,0.0,7.1241,40.0,false,true,5.0,3.0,true,10.0,404,-0.79,-0.11089120029196671,274.0,6.8,6121.0,218.607143,1.688604,2.488211,16.799323,0.0,2.3038,28.0,284,6.121,2.65691466273114,False,5331.0,-790.0,7.1241,0.951711,-0.103811,-0.11089120029196671,68.0,5.282644099999989
275.0,13.17,-3730.0,-90.97561,0.790919,-0.480051,-5.0,0.0,7.5827,41.0,true,true,5.0,3.0,true,10.0,316,-3.73,-0.49190921439592755,275.0,4.56,1332.0,45.931034,1.144814,0.25527,3.987461,0.0,5.0818,29.0,407,1.332,0.26211185013184307,False,-2398.0,-3730.0,7.5827,0.790919,-0.480051,-0.49190921439592755,70.0,-2.4476835999999946
276.0,22.87,-5678.0,-81.114286,0.856246,-0.422219,-3.616705,0.0,13.1662,70.0,false,false,10.0,3.0,true,10.0,261,-5.678,-0.43125579134450337,276.0,50.51,13318.0,295.955556,1.608017,1.800703,8.480358,0.0,6.1626,45.0,70,13.318,2.1611008340635443,False,7640.0,-5678.0,13.1662,0.856246,-0.422219,-0.43125579134450337,115.0,6.883803960000012
277.0,23.07,-7877.0,-106.445946,0.844626,-0.60831,-5.0,0.0,12.7451,74.0,true,false,10.0,3.0,true,10.0,202,-7.877000000000001,-0.6180414433782395,277.0,78.32,16404.0,334.77551,1.859208,2.60381,10.632378,0.0,5.4189,49.0,18,16.404,3.027182638542878,False,8527.0,-7877.0,12.7451,0.844626,-0.60831,-0.6180414433782395,123.0,7.234856919999988
278.0,11.82,-3320.0,-83.0,0.84957,-0.30127,-3.577134,0.0,10.8018,40.0,false,true,10.0,3.0,true,10.0,325,-3.32,-0.30735618137717785,278.0,7.65,17656.0,630.571429,2.523908,4.588358,13.419103,0.0,3.1853,28.0,261,17.656,5.542962986217939,False,14336.0,-3320.0,10.8018,0.84957,-0.30127,-0.30735618137717785,68.0,13.749820800000002
279.0,11.88,-13670.0,-333.414634,0.535034,-0.895219,-5.0,0.0,15.0295,41.0,true,true,10.0,3.0,true,10.0,109,-13.669999999999998,-0.9095445623606905,279.0,6.08,6481.0,223.482759,1.586781,1.038622,6.447429,0.0,5.6586,29.0,307,6.481000000000001,1.1453363022655783,False,-7189.0,-13670.0,15.0295,0.535034,-0.895219,-0.9095445623606905,70.0,-8.074952700000004
280.0,26.71,2172.0,30.166667,1.0507,0.179208,0.792512,0.0,11.5297,72.0,false,false,15.0,3.0,true,10.0,434,2.172,0.18838304552590268,280.0,45.85,13677.0,284.9375,1.524988,0.850242,4.224606,0.0,13.0854,48.0,84,13.677,1.0452106928332339,True,15849.0,2172.0,13.0854,1.0507,0.179208,0.18838304552590268,120.0,16.146064439999996
281.0,17.47,-5931.0,-80.148649,0.901285,-0.31906,-2.171692,0.0,18.2963,74.0,true,false,15.0,3.0,true,10.0,258,-5.931,-0.324163901991113,281.0,85.44,22602.0,434.653846,2.038934,2.566076,8.353125,0.0,7.0652,52.0,12,22.602,3.199060182301987,False,16671.0,-5931.0,18.2963,0.901285,-0.31906,-0.324163901991113,126.0,15.330475380000008
282.0,11.31,-7193.0,-179.825,0.714937,-0.518302,-4.635548,0.0,13.6032,40.0,false,true,15.0,3.0,true,10.0,220,-7.193,-0.5287726417313573,282.0,6.38,18303.0,653.678571,2.45435,1.735375,7.027106,0.0,8.5332,28.0,299,18.303,2.1449163268176066,False,11110.0,-7193.0,13.6032,0.714937,-0.518302,-0.5287726417313573,68.0,9.793465209999997
283.0,5.79,-16695.0,-407.195122,0.575687,-0.752807,-5.0,0.0,21.8278,41.0,true,true,15.0,3.0,true,10.0,56,-16.695,-0.764850328480195,283.0,2.47,66.0,2.275862,1.005047,0.005348,0.040589,0.0,11.0025,29.0,462,0.066,0.005998636673483299,False,-16629.0,-16695.0,21.8278,0.575687,-0.752807,-0.764850328480195,70.0,-16.64001869999999
284.0,47.65,12974.0,180.194444,1.277104,0.987367,3.754725,0.0,12.0828,72.0,false,false,20.0,3.0,true,10.0,474,12.974,1.0737577382725858,284.0,48.02,17430.0,363.125,1.585331,1.008389,4.417013,0.0,13.7376,48.0,75,17.43,1.268780573025856,True,30404.0,12974.0,13.7376,1.277104,0.987367,1.0737577382725858,120.0,32.66536820000001
285.0,34.92,12827.0,173.337838,1.198293,0.638954,2.376534,0.0,19.7589,74.0,true,false,20.0,3.0,true,10.0,472,12.827,0.6491758144431117,285.0,89.03,43613.0,855.156863,3.024181,4.349122,12.972377,0.0,7.446,51.0,6,43.613,5.857238785925329,True,56440.0,12827.0,19.7589,1.198293,0.638954,0.6491758144431117,125.0,62.03423951
286.0,11.56,-2463.0,-61.575,0.907067,-0.186902,-1.368672,0.0,12.9171,40.0,false,true,20.0,3.0,true,10.0,354,-2.463,-0.19067747404603202,286.0,7.14,26916.0,961.285714,2.871506,2.626976,8.870152,0.0,7.8567,28.0,272,26.916,3.4258658215281224,False,24453.0,-2463.0,12.9171,0.907067,-0.186902,-0.19067747404603202,68.0,23.790058920000014
287.0,4.44,-14783.0,-360.560976,0.666622,-0.620665,-4.80407,0.0,23.4429,41.0,true,true,20.0,3.0,true,10.0,82,-14.783,-0.6305960440047945,287.0,6.06,9056.0,312.275862,1.626323,0.732568,4.696397,0.0,10.6426,29.0,308,9.056000000000001,0.850919887997294,False,-5727.0,-14783.0,23.4429,0.666622,-0.620665,-0.6305960440047945,70.0,-7.06574848
288.0,23.71,-4610.0,-64.027778,0.849199,-0.43863,-5.0,0.0,10.1556,72.0,false,false,5.0,4.0,true,10.0,285,-4.61,-0.45393674425932495,288.0,36.19,4422.0,96.130435,1.252989,0.704252,7.072996,0.0,5.672,46.0,120,4.422000000000001,0.7796191819464036,False,-188.0,-4610.0,10.1556,0.849199,-0.43863,-0.45393674425932495,118.0,-0.39185420000000803
289.0,35.2,1061.0,14.534247,1.034595,0.115213,1.56871,0.0,9.064,73.0,true,false,5.0,4.0,true,10.0,422,1.061,0.11705648720211827,289.0,36.82,1496.0,29.333333,1.090371,0.317016,2.016151,0.0,4.5483,51.0,113,1.496,0.32891409977354175,True,2557.0,1061.0,9.064,1.034595,0.115213,0.11705648720211827,124.0,2.5728725600000057
290.0,12.01,-2500.0,-62.5,0.847561,-0.328515,-5.0,0.0,7.24,40.0,false,true,5.0,4.0,true,10.0,352,-2.5,-0.3453038674033149,290.0,7.21,9012.0,321.857143,2.013837,3.454197,17.34548,0.0,2.3374,28.0,270,9.012,3.855566013519295,False,6512.0,-2500.0,7.24,0.847561,-0.328515,-0.3453038674033149,68.0,6.286700000000001
291.0,13.23,-2110.0,-51.463415,0.881793,-0.292649,-5.0,0.0,7.0965,41.0,true,true,5.0,4.0,true,10.0,370,-2.11,-0.2973296695554146,291.0,2.4,-1405.0,-48.448276,0.850611,-0.240706,-2.820194,0.0,5.6033,29.0,472,-1.405,-0.2507450966394803,False,-3515.0,-2110.0,7.0965,0.850611,-0.292649,-0.2973296695554146,70.0,-3.485354500000004
292.0,23.09,-6075.0,-84.375,0.85606,-0.447844,-3.227561,0.0,12.6669,72.0,false,false,10.0,4.0,true,10.0,255,-6.075,-0.4795964284868437,292.0,19.89,1574.0,32.122449,1.060676,0.081962,0.645195,0.0,15.9929,49.0,198,1.574,0.09841867328627078,False,-4501.0,-6075.0,15.9929,0.85606,-0.447844,-0.4795964284868437,121.0,-4.596620499999993
293.0,21.43,-3727.0,-49.693333,0.928004,-0.237253,-2.261797,0.0,15.4616,75.0,true,false,10.0,4.0,true,10.0,317,-3.727,-0.24104879184560457,293.0,56.94,10809.0,207.865385,1.519539,1.483123,4.901195,0.0,6.5815,52.0,55,10.809000000000001,1.6423307756590444,False,7082.0,-3727.0,15.4616,0.928004,-0.237253,-0.24104879184560457,127.0,6.679148570000004
294.0,11.78,-6227.0,-155.675,0.720348,-0.567639,-5.0,0.0,10.7528,40.0,false,true,10.0,4.0,true,10.0,245,-6.227,-0.579104977308236,294.0,5.47,11420.0,407.857143,1.936526,1.140176,5.803951,0.0,8.2958,28.0,340,11.42,1.3766002073338317,False,5193.0,-6227.0,10.7528,0.720348,-0.567639,-0.579104977308236,68.0,4.481876600000012
295.0,12.01,-13370.0,-326.097561,0.545393,-0.89312,-5.0,0.0,14.7343,41.0,true,true,10.0,4.0,true,10.0,111,-13.370000000000001,-0.9074065276260156,295.0,2.46,95.0,3.275862,1.008254,0.009249,0.066097,0.0,9.3274,29.0,464,0.095,0.01018504620794648,False,-13275.0,-13370.0,14.7343,0.545393,-0.89312,-0.9074065276260156,70.0,-13.287701500000004
296.0,54.4,16954.0,235.472222,1.395752,1.398845,5.215049,0.0,11.2098,72.0,false,false,15.0,4.0,true,10.0,478,16.954,1.5124266267016362,296.0,54.44,21057.0,438.6875,1.805208,1.309026,5.733014,0.0,12.6352,48.0,63,21.057000000000002,1.6665347600354568,True,38011.0,16954.0,12.6352,1.395752,1.309026,1.5124266267016362,120.0,41.581003780000025
297.0,40.65,11293.0,150.573333,1.187526,0.660062,2.591782,0.0,16.8396,75.0,true,false,15.0,4.0,true,10.0,467,11.293000000000001,0.6706216299674577,297.0,86.95,37503.0,721.211538,2.72388,4.257834,12.110006,0.0,6.5173,52.0,11,37.503,5.754376812483698,True,48796.0,11293.0,16.8396,1.187526,0.660062,0.6706216299674577,127.0,53.031213789999995
298.0,11.46,-1193.0,-29.825,0.952721,-0.085963,-0.715775,0.0,13.6032,40.0,false,true,15.0,4.0,true,10.0,387,-1.193,-0.08769995295224654,298.0,7.16,28713.0,1025.464286,3.281526,2.722386,10.123049,0.0,7.9595,28.0,271,28.713,3.607387398705949,False,27520.0,-1193.0,13.6032,0.952721,-0.085963,-0.08769995295224654,68.0,27.177453909999993
299.0,9.7,-15885.0,-387.439024,0.597287,-0.863785,-5.0,0.0,18.1004,41.0,true,true,15.0,4.0,true,10.0,68,-15.885,-0.8776049148085124,299.0,4.78,4536.0,156.413793,1.346842,0.367585,2.634844,0.0,10.5808,29.0,395,4.536,0.4287010433993648,False,-11349.0,-15885.0,18.1004,0.597287,-0.863785,-0.8776049148085124,70.0,-12.069543599999989
300.0,27.31,7085.0,97.054795,1.147629,0.37137,1.222813,0.0,16.9308,73.0,false,false,20.0,4.0,true,10.0,452,7.085,0.4184681172773879,300.0,16.89,6468.0,129.36,1.196369,0.271388,0.973937,0.0,20.2872,50.0,208,6.468,0.31882172009937304,True,13553.0,6468.0,20.2872,1.147629,0.271388,0.31882172009937304,123.0,14.01125780000001
301.0,16.43,5075.0,67.666667,1.076932,0.248592,0.633147,0.0,20.0935,75.0,true,false,20.0,4.0,true,10.0,442,5.075,0.25256923880856996,301.0,88.94,54278.0,1043.807692,3.269147,5.376189,8.219079,0.0,8.0631,52.0,7,54.278000000000006,6.731654078456177,True,59353.0,5075.0,20.0935,1.076932,0.248592,0.25256923880856996,127.0,62.10760850000001
302.0,11.55,-3031.0,-75.775,0.885636,-0.230005,-0.989261,0.0,12.9171,40.0,false,true,20.0,4.0,true,10.0,336,-3.031,-0.23465019238064272,302.0,5.26,15411.0,550.392857,1.954596,0.923146,3.146138,0.0,13.5323,28.0,354,15.411,1.1388307974254193,False,12380.0,-3031.0,13.5323,0.885636,-0.230005,-0.23465019238064272,68.0,11.912892590000013
303.0,3.17,-13185.0,-321.585366,0.702659,-0.500474,-3.321736,0.0,25.9301,41.0,true,true,20.0,4.0,true,10.0,115,-13.184999999999999,-0.5084824200446585,303.0,5.6,8390.0,289.310345,1.553978,0.678693,2.787765,0.0,10.8945,29.0,338,8.39,0.7701133599522695,False,-4795.0,-13185.0,25.9301,0.702659,-0.500474,-0.5084824200446585,70.0,-5.901221499999998
304.0,23.39,-9450.0,-131.25,0.691176,-0.819601,-5.0,0.0,11.3395,72.0,false,false,5.0,5.0,true,10.0,176,-9.45,-0.8333700780457692,304.0,52.5,9872.0,214.608696,1.564792,1.862993,14.274301,0.0,4.601,46.0,65,9.872,2.1456205172788523,False,422.0,-9450.0,11.3395,0.691176,-0.819601,-0.8333700780457692,118.0,-0.510904000000012
305.0,24.37,-299.0,-4.040541,0.990453,-0.038736,-0.356163,0.0,7.5974,74.0,true,false,5.0,5.0,true,10.0,410,-0.299,-0.03935556901045094,305.0,45.56,5431.0,106.490196,1.328078,1.150879,5.496,0.0,4.4399,51.0,85,5.431,1.2232257483276652,False,5132.0,-299.0,7.5974,0.990453,-0.038736,-0.03935556901045094,125.0,5.11576131
306.0,11.92,-5370.0,-134.25,0.67296,-0.619377,-5.0,0.0,8.4983,40.0,false,true,5.0,5.0,true,10.0,264,-5.37,-0.6318910840991727,306.0,7.24,13472.0,481.142857,2.515581,5.163664,23.040032,0.0,2.2476,28.0,269,13.472000000000001,5.9939491012635715,False,8102.0,-5370.0,8.4983,0.67296,-0.619377,-0.6318910840991727,68.0,7.378553599999993
307.0,13.18,-4310.0,-105.121951,0.758814,-0.657012,-5.0,0.0,6.4567,41.0,true,true,5.0,5.0,true,10.0,295,-4.31,-0.6675236575959855,307.0,2.53,240.0,8.275862,1.025518,0.040241,0.339483,0.0,5.652,29.0,461,0.24,0.04246284501061571,False,-4070.0,-4310.0,6.4567,0.758814,-0.657012,-0.6675236575959855,70.0,-4.080344000000002
308.0,33.38,2935.0,40.763889,1.069542,0.216366,1.452226,0.0,11.6839,72.0,false,false,10.0,5.0,true,10.0,438,2.935,0.2512003697395562,308.0,24.09,3407.0,69.530612,1.130837,0.177411,1.186462,0.0,15.7525,49.0,184,3.4070000000000005,0.21628312966195845,True,6342.0,2935.0,15.7525,1.069542,0.177411,0.21628312966195845,121.0,6.441995449999993
309.0,35.08,3305.0,44.066667,1.063723,0.225767,1.675603,0.0,14.4085,75.0,true,false,10.0,5.0,true,10.0,439,3.305,0.22937849186244233,309.0,76.25,18651.0,358.673077,1.896467,2.559138,7.819286,0.0,6.3041,52.0,19,18.651,2.9585507844101455,True,21956.0,3305.0,14.4085,1.063723,0.225767,0.22937849186244233,127.0,22.572415550000002
310.0,11.86,-2247.0,-56.175,0.899088,-0.204831,-1.728637,0.0,10.7528,40.0,false,true,10.0,5.0,true,10.0,356,-2.247,-0.20896882672420206,310.0,6.11,17253.0,616.178571,2.414876,1.722544,7.710295,0.0,7.9135,28.0,305,17.253,2.1801983951475328,False,15006.0,-2247.0,10.7528,0.899088,-0.204831,-0.20896882672420206,68.0,14.618325090000006
311.0,12.65,-9310.0,-227.073171,0.683441,-0.721705,-5.0,0.0,12.6969,41.0,true,true,10.0,5.0,true,10.0,178,-9.31,-0.7332498483881893,311.0,4.33,3105.0,107.068966,1.269789,0.302307,2.11238,0.0,9.0793,29.0,414,3.105,0.3419867170376571,False,-6205.0,-9310.0,12.6969,0.683441,-0.721705,-0.7332498483881893,70.0,-6.494075499999996
312.0,31.44,7505.0,102.808219,1.170522,0.453529,1.354712,0.0,14.9052,73.0,false,false,15.0,5.0,true,10.0,453,7.505000000000001,0.5035155516195691,312.0,41.06,15327.0,312.795918,1.535965,0.648789,2.750896,0.0,18.7153,49.0,96,15.326999999999998,0.8189556138560429,True,22832.0,7505.0,18.7153,1.170522,0.453529,0.5035155516195691,122.0,23.982291350000008
313.0,17.11,-2245.0,-29.539474,0.963497,-0.118538,-0.346658,0.0,18.6407,76.0,true,false,15.0,5.0,true,10.0,357,-2.245,-0.12043539137478744,313.0,86.97,51180.0,984.230769,3.352563,5.810627,9.921315,0.0,6.0744,52.0,10,51.18000000000001,8.425523508494667,False,48935.0,-2245.0,18.6407,0.963497,-0.118538,-0.12043539137478744,128.0,47.78600900000001
314.0,11.37,-3291.0,-82.275,0.869576,-0.237138,-1.124882,0.0,13.6032,40.0,false,true,15.0,5.0,true,10.0,326,-3.2910000000000004,-0.24192836979534232,314.0,5.67,23142.0,826.5,2.717913,1.404674,4.997865,0.0,12.5403,28.0,335,23.142,1.8454103968804574,False,19851.0,-3291.0,13.6032,0.869576,-0.237138,-0.24192836979534232,68.0,19.08939677999999
315.0,6.74,-17523.0,-427.390244,0.555761,-0.825505,-5.0,0.0,20.8927,41.0,true,true,15.0,5.0,true,10.0,50,-17.523,-0.838714000583936,315.0,6.0,8634.0,297.724138,1.660193,0.699676,3.156072,0.0,10.2217,29.0,321,8.634,0.8446735865854017,False,-8889.0,-17523.0,20.8927,0.555761,-0.825505,-0.838714000583936,70.0,-10.401935819999997
316.0,25.17,10289.0,140.945205,1.211795,0.457961,1.312377,0.0,19.245,73.0,false,false,20.0,5.0,true,10.0,463,10.289,0.5346323720446869,316.0,38.39,16170.0,323.4,1.490922,0.678471,2.318065,0.0,19.3263,50.0,100,16.17,0.8366836901010541,True,26459.0,10289.0,19.3263,1.211795,0.457961,0.5346323720446869,123.0,28.12273129999998
317.0,5.62,-7844.0,-104.586667,0.881988,-0.291826,-0.752163,0.0,26.4557,75.0,true,false,20.0,5.0,true,10.0,203,-7.843999999999999,-0.2964956512207199,317.0,79.85,42581.0,818.865385,2.655367,2.616666,4.403551,0.0,12.0002,52.0,17,42.581,3.5483575273745442,False,34737.0,-7844.0,26.4557,0.881988,-0.291826,-0.2964956512207199,127.0,31.396946360000012
318.0,10.59,-7907.0,-197.675,0.708132,-0.47116,-1.681058,0.0,15.5418,40.0,false,true,20.0,5.0,true,10.0,201,-7.907,-0.5087570294303105,318.0,5.63,23153.0,826.892857,2.434155,1.386905,4.516391,0.0,12.9206,28.0,336,23.153000000000002,1.7919446465334428,False,15246.0,-7907.0,15.5418,0.708132,-0.47116,-0.5087570294303105,68.0,13.415292290000004
319.0,3.93,-5719.0,-139.487805,0.871028,-0.230968,-1.141882,0.0,24.3711,41.0,true,true,20.0,5.0,true,10.0,260,-5.718999999999999,-0.2346631871355827,319.0,6.59,14291.0,492.793103,1.943612,1.156043,4.422642,0.0,10.5226,29.0,293,14.291,1.3581244179195255,False,8572.0,-5719.0,24.3711,0.871028,-0.230968,-0.2346631871355827,70.0,7.754697710000014
400.0,23.3,-10400.0,-165.079365,0.554985,-0.819543,-5.0,0.0,12.5185,63.0,false,false,5.0,1.0,true,15.0,170,-10.4,-0.830770459719615,400.0,16.87,-329.0,-8.435897,0.969814,-0.086579,-1.793309,0.0,3.7394,39.0,209,-0.329,-0.08798202920254587,False,-10729.0,-10400.0,12.5185,0.554985,-0.819543,-0.830770459719615,102.0,-10.694784000000002
401.0,35.17,-3000.0,-49.180328,0.843994,-0.512821,-5.0,0.0,5.7579,61.0,true,false,5.0,1.0,true,15.0,342,-3.0,-0.5210232897410514,401.0,35.07,2460.0,60.0,1.243083,1.012346,20.626704,0.0,2.4057,41.0,136,2.46,1.0225713929417632,False,-540.0,-3000.0,5.7579,0.843994,-0.512821,-0.5210232897410514,102.0,-0.6138000000000088
402.0,11.95,-7340.0,-183.5,0.504723,-0.827508,-5.0,0.0,8.7363,40.0,false,true,5.0,1.0,true,15.0,218,-7.340000000000001,-0.8401726131199708,402.0,4.99,701.0,25.035714,1.095517,0.226861,4.983897,0.0,3.0407,28.0,378,0.701,0.2305390206202519,False,-6639.0,-7340.0,8.7363,0.504723,-0.827508,-0.8401726131199708,68.0,-6.690453400000007
403.0,18.64,-2940.0,-71.707317,0.784141,-0.4375,-5.0,0.0,6.5357,41.0,true,true,5.0,1.0,true,15.0,348,-2.94,-0.44983704882415043,403.0,6.05,970.0,33.448276,1.128307,0.363296,10.214512,0.0,2.6373,29.0,309,0.97,0.3678004019262124,False,-1970.0,-2940.0,6.5357,0.784141,-0.4375,-0.44983704882415043,70.0,-1.9985179999999936
404.0,32.48,-878.0,-15.403509,0.972991,-0.099682,-1.115982,0.0,8.3647,57.0,false,false,10.0,1.0,true,15.0,402,-0.878,-0.1049649120709649,404.0,26.09,5588.0,147.052632,1.329306,0.899984,8.213523,0.0,5.7102,38.0,177,5.588,0.9785996987846309,False,4710.0,-878.0,8.3647,0.972991,-0.099682,-0.1049649120709649,95.0,4.660937359999995
405.0,13.95,-18478.0,-275.791045,0.6085,-0.901454,-5.0,0.0,20.0921,67.0,true,false,10.0,1.0,true,15.0,45,-18.478,-0.9196649429377717,405.0,35.42,15621.0,422.189189,2.351298,5.207,34.012082,0.0,2.5945,37.0,123,15.620999999999999,6.020813258816727,False,-2857.0,-18478.0,20.0921,0.6085,-0.901454,-0.9196649429377717,104.0,-5.743448380000005
406.0,28.02,1650.0,41.25,1.075342,0.29517,2.917678,0.0,5.2951,40.0,false,true,10.0,1.0,true,15.0,433,1.6500000000000001,0.31160884591414706,406.0,6.72,6308.0,225.285714,1.559269,1.66,11.532162,0.0,3.6847,28.0,287,6.308,1.7119439845849052,True,7958.0,1650.0,5.2951,1.075342,0.29517,0.31160884591414706,68.0,8.062082000000004
407.0,12.51,-11650.0,-284.146341,0.603066,-0.850986,-5.0,0.0,13.4163,41.0,true,true,10.0,1.0,true,15.0,150,-11.65,-0.868346712580965,407.0,9.91,9841.0,339.344828,1.961035,3.347279,23.69643,0.0,2.6553,29.0,238,9.841,3.7061725605392986,False,-1809.0,-11650.0,13.4163,0.603066,-0.850986,-0.868346712580965,70.0,-2.9554765000000205
408.0,56.84,5237.0,88.762712,1.115778,0.471038,3.355519,0.0,10.7038,59.0,false,false,15.0,1.0,true,15.0,448,5.237,0.4892654944972814,408.0,35.1,12464.0,328.0,1.542007,2.176358,8.256113,0.0,5.0258,38.0,132,12.464,2.4800031835727645,True,17701.0,5237.0,10.7038,1.115778,0.471038,0.4892654944972814,97.0,18.353739680000004
409.0,26.88,-9183.0,-139.136364,0.840783,-0.750061,-5.0,0.0,11.8795,66.0,true,false,15.0,1.0,true,15.0,182,-9.183,-0.7730123321688623,409.0,26.79,1731.0,40.255814,1.053288,0.153894,1.022842,0.0,10.1143,43.0,172,1.7309999999999999,0.17114382606804227,False,-7452.0,-9183.0,11.8795,0.840783,-0.750061,-0.7730123321688623,109.0,-7.610957730000001
410.0,13.67,-3856.0,-96.4,0.888671,-0.286096,-3.574592,0.0,13.0097,40.0,false,true,15.0,1.0,true,15.0,310,-3.856,-0.296394228921497,410.0,7.4,10032.0,358.285714,1.605212,2.100063,7.857594,0.0,4.3862,28.0,263,10.032,2.287173407505358,False,6176.0,-3856.0,13.0097,0.888671,-0.286096,-0.296394228921497,68.0,5.789166079999997
411.0,10.65,-14624.0,-356.682927,0.641094,-0.826962,-5.0,0.0,17.1589,41.0,true,true,15.0,1.0,true,15.0,90,-14.624,-0.8522690848480964,411.0,3.48,-461.0,-15.896552,0.979793,-0.044914,-0.339469,0.0,9.5008,29.0,436,-0.461,-0.04852222970697205,False,-15085.0,-14624.0,17.1589,0.641094,-0.826962,-0.8522690848480964,70.0,-15.017583360000009
412.0,25.32,-818.0,-12.584615,0.985051,-0.067783,-0.319702,0.0,11.7378,65.0,false,false,20.0,1.0,true,15.0,403,-0.818,-0.06968937961117075,412.0,23.9,2549.0,62.170732,1.073539,0.275985,1.169459,0.0,8.5538,41.0,185,2.549,0.29799621220977807,False,1731.0,-818.0,11.7378,0.985051,-0.067783,-0.06968937961117075,106.0,1.710149180000009
413.0,24.81,-8346.0,-124.567164,0.869815,-0.652592,-3.040384,0.0,12.5876,67.0,true,false,20.0,1.0,true,15.0,198,-8.346,-0.6630334615017954,413.0,17.79,-3085.0,-70.113636,0.920586,-0.245211,-1.374726,0.0,11.6392,44.0,203,-3.085,-0.26505258093339745,False,-11431.0,-8346.0,12.5876,0.869815,-0.652592,-0.6630334615017954,111.0,-11.173525900000003
414.0,11.58,-6814.0,-170.35,0.80371,-0.516447,-4.527431,0.0,12.7232,40.0,false,true,20.0,1.0,true,15.0,226,-6.814000000000001,-0.535557092555332,414.0,7.31,11387.0,406.678571,1.632541,1.967686,6.373087,0.0,5.2819,28.0,267,11.387,2.1558530074405042,False,4573.0,-6814.0,12.7232,0.80371,-0.516447,-0.535557092555332,68.0,3.797089819999999
415.0,8.28,-12441.0,-303.439024,0.719,-0.622579,-5.0,0.0,19.5873,41.0,true,true,20.0,1.0,true,15.0,127,-12.441,-0.6351564534162443,415.0,2.37,-4178.0,-144.068966,0.850732,-0.310609,-2.426784,0.0,12.3378,29.0,474,-4.178,-0.3386341162930182,False,-16619.0,-12441.0,19.5873,0.719,-0.622579,-0.6351564534162443,70.0,-16.099215020000003
416.0,23.51,-3930.0,-59.545455,0.857557,-0.339378,-5.0,0.0,10.8998,66.0,false,false,5.0,2.0,true,15.0,302,-3.93,-0.36055707444173285,416.0,27.14,1701.0,40.5,1.111402,0.296341,4.918088,0.0,5.4202,42.0,167,1.701,0.3138260580790377,False,-2229.0,-3930.0,10.8998,0.857557,-0.339378,-0.36055707444173285,108.0,-2.295849300000008
417.0,23.96,-4620.0,-66.956522,0.842697,-0.695783,-5.0,0.0,6.5085,69.0,true,false,5.0,2.0,true,15.0,284,-4.62,-0.7098409771836829,417.0,56.27,9960.0,237.142857,1.811736,3.984,39.650838,0.0,2.4488,42.0,57,9.959999999999999,4.067298268539693,False,5340.0,-4620.0,6.5085,0.842697,-0.695783,-0.7098409771836829,111.0,4.879847999999987
418.0,12.04,-1760.0,-44.0,0.892355,-0.231275,-5.0,0.0,7.1894,40.0,false,true,5.0,2.0,true,15.0,379,-1.76,-0.24480485158705872,418.0,5.07,4101.0,146.464286,1.461357,1.444014,15.142562,0.0,2.7538,28.0,369,4.101,1.4892149030430677,False,2341.0,-1760.0,7.1894,0.892355,-0.231275,-0.24480485158705872,68.0,2.2688224000000146
419.0,13.25,-2220.0,-54.146341,0.875421,-0.384749,-5.0,0.0,5.5765,41.0,true,true,5.0,2.0,true,15.0,362,-2.22,-0.3980991661436385,419.0,9.2,6540.0,225.517241,1.759582,3.253731,34.45953,0.0,1.9654,29.0,243,6.54,3.3275669074997456,False,4320.0,-2220.0,5.5765,0.875421,-0.384749,-0.3980991661436385,70.0,4.174811999999983
420.0,18.75,-9046.0,-133.029412,0.815674,-0.501831,-5.0,0.0,17.4417,68.0,false,false,10.0,2.0,true,15.0,184,-9.046,-0.5186421048406978,420.0,16.66,-1364.0,-31.0,0.952742,-0.138407,-0.89931,0.0,9.0837,44.0,218,-1.3639999999999999,-0.15015907614738486,False,-10410.0,-9046.0,17.4417,0.815674,-0.501831,-0.5186421048406978,112.0,-10.286612559999996
421.0,22.78,-10795.0,-152.042254,0.794682,-0.801589,-5.0,0.0,13.2549,71.0,true,false,10.0,2.0,true,15.0,160,-10.795,-0.8144158009490831,421.0,35.92,5242.0,113.956522,1.195386,0.83738,3.898598,0.0,5.693,46.0,122,5.242,0.9207799051466714,False,-5553.0,-10795.0,13.2549,0.794682,-0.801589,-0.8144158009490831,117.0,-6.11887390000001
422.0,11.33,-7650.0,-191.25,0.740854,-0.55036,-5.0,0.0,13.5504,40.0,false,true,10.0,2.0,true,15.0,204,-7.6499999999999995,-0.5645589798087141,422.0,4.5,5724.0,204.428571,1.360385,1.344609,5.029282,0.0,3.8707,28.0,412,5.724,1.4788022838246313,False,-1926.0,-7650.0,13.5504,0.740854,-0.55036,-0.5645589798087141,68.0,-2.363886000000004
423.0,12.25,-12658.0,-308.731707,0.609682,-0.882214,-5.0,0.0,14.122,41.0,true,true,10.0,2.0,true,15.0,124,-12.658,-0.896331964311004,423.0,2.41,-951.0,-32.793103,0.949635,-0.102017,-0.991512,0.0,8.6218,29.0,471,-0.951,-0.11030179312904496,False,-13609.0,-12658.0,14.122,0.609682,-0.882214,-0.896331964311004,70.0,-13.488622420000008
424.0,13.43,-9510.0,-137.826087,0.818067,-0.459976,-3.269026,0.0,20.3334,69.0,false,false,15.0,2.0,true,15.0,175,-9.51,-0.4677033845790669,424.0,36.1,9672.0,219.818182,1.308409,1.167411,3.856834,0.0,7.1747,44.0,121,9.672,1.3480703025910492,False,162.0,-9510.0,20.3334,0.818067,-0.459976,-0.4677033845790669,113.0,-0.7578072000000047
425.0,22.19,-8181.0,-113.625,0.869862,-0.558544,-3.351687,0.0,14.4163,72.0,true,false,15.0,2.0,true,15.0,199,-8.181,-0.567482641177001,425.0,43.87,14340.0,311.73913,1.433154,1.389535,5.558948,0.0,8.4318,46.0,90,14.34,1.7007044759126164,False,6159.0,-8181.0,14.4163,0.869862,-0.558544,-0.567482641177001,118.0,4.9858446
426.0,6.55,-13326.0,-333.15,0.620082,-0.63828,-5.0,0.0,20.4646,40.0,false,true,15.0,2.0,true,15.0,112,-13.325999999999999,-0.6511732455068752,426.0,7.97,15270.0,545.357143,1.904996,3.11315,7.664687,0.0,4.2309,28.0,257,15.27,3.609161171381975,False,1944.0,-13326.0,20.4646,0.620082,-0.63828,-0.6511732455068752,68.0,-0.09088019999998753
427.0,9.46,-16343.0,-398.609756,0.600279,-0.876535,-5.0,0.0,18.3514,41.0,true,true,15.0,2.0,true,15.0,63,-16.343,-0.8905587584598449,427.0,4.66,6357.0,219.206897,1.274969,0.506978,3.255797,0.0,10.5684,29.0,402,6.357,0.6015101623708413,False,-9986.0,-16343.0,18.3514,0.600279,-0.876535,-0.8905587584598449,70.0,-11.02492451
428.0,20.23,-9374.0,-133.914286,0.836619,-0.556717,-2.529562,0.0,16.4172,70.0,false,false,20.0,2.0,true,15.0,177,-9.374,-0.5709865263260483,428.0,16.47,1222.0,25.458333,1.029133,0.063048,0.283503,0.0,17.6425,48.0,219,1.222,0.06926456001133627,False,-8152.0,-9374.0,17.6425,0.836619,-0.556717,-0.5709865263260483,118.0,-8.266550280000018
429.0,10.88,-763.0,-10.597222,0.988896,-0.034198,-0.182546,0.0,21.9596,72.0,true,false,20.0,2.0,true,15.0,405,-0.763,-0.03474562378185395,429.0,56.6,23519.0,479.979592,1.593614,1.667068,5.672456,0.0,11.6873,49.0,56,23.519000000000002,2.0123552916413545,False,22756.0,-763.0,21.9596,0.988896,-0.034198,-0.03474562378185395,121.0,22.576550030000007
430.0,11.35,-11040.0,-276.0,0.6844,-0.807254,-5.0,0.0,13.4052,40.0,false,true,20.0,2.0,true,15.0,155,-11.04,-0.8235610061767075,430.0,5.18,12727.0,454.535714,1.680261,1.015479,4.185879,0.0,10.7489,28.0,362,12.727,1.184028133111295,False,1687.0,-11040.0,13.4052,0.6844,-0.807254,-0.8235610061767075,68.0,0.28193919999999206
431.0,3.4,-16678.0,-406.780488,0.625643,-0.649455,-5.0,0.0,25.2756,41.0,true,true,20.0,2.0,true,15.0,57,-16.678,-0.6598458592476539,431.0,2.25,-1156.0,-39.862069,0.959514,-0.070496,-0.415375,0.0,14.3742,29.0,481,-1.1560000000000001,-0.08042186695607409,False,-17834.0,-16678.0,25.2756,0.625643,-0.649455,-0.6598458592476539,70.0,-17.641202320000005
432.0,23.89,-1190.0,-17.5,0.960817,-0.112689,-2.310354,0.0,9.8269,68.0,false,false,5.0,3.0,true,15.0,391,-1.1900000000000002,-0.12109617478553768,432.0,17.64,-1558.0,-34.622222,0.92038,-0.215819,-3.045742,0.0,6.889,45.0,204,-1.558,-0.22615764261866744,False,-2748.0,-1558.0,9.8269,0.92038,-0.215819,-0.22615764261866744,113.0,-2.7294598000000114
433.0,23.73,-3920.0,-54.444444,0.881284,-0.374403,-5.0,0.0,10.2226,72.0,true,false,5.0,3.0,true,15.0,306,-3.92,-0.3834640893706102,433.0,38.32,3262.0,67.958333,1.169384,0.739683,5.862054,0.0,4.2196,48.0,102,3.2620000000000005,0.7730590577305907,False,-658.0,-3920.0,10.2226,0.881284,-0.374403,-0.3834640893706102,120.0,-0.7858703999999883
434.0,12.15,-270.0,-6.75,0.984447,-0.03548,-0.949741,0.0,7.0896,40.0,false,true,5.0,3.0,true,15.0,414,-0.27,-0.038083953960731214,434.0,5.05,4492.0,160.428571,1.427077,1.721732,10.85389,0.0,2.456,28.0,374,4.492,1.8289902280130292,False,4222.0,-270.0,7.0896,0.984447,-0.03548,-0.038083953960731214,68.0,4.2098715999999925
435.0,13.02,-6230.0,-151.95122,0.693707,-0.609589,-5.0,0.0,9.9785,41.0,true,true,5.0,3.0,true,15.0,244,-6.23,-0.6243423360224483,435.0,4.55,1752.0,60.413793,1.148752,0.596324,4.672903,0.0,2.8719,29.0,408,1.752,0.6100490964170061,False,-4478.0,-6230.0,9.9785,0.693707,-0.609589,-0.6243423360224483,70.0,-4.587149600000007
436.0,9.65,-15406.0,-220.085714,0.687035,-0.6782,-5.0,0.0,22.3407,70.0,false,false,10.0,3.0,true,15.0,73,-15.406,-0.6895934326140184,436.0,33.45,6112.0,135.822222,1.209962,0.587466,3.100699,0.0,8.9292,45.0,147,6.112,0.6844958114948708,False,-9294.0,-15406.0,22.3407,0.687035,-0.6782,-0.6895934326140184,115.0,-10.235614719999997
437.0,22.94,-4925.0,-67.465753,0.908299,-0.367894,-3.087676,0.0,13.1762,73.0,true,false,10.0,3.0,true,15.0,274,-4.925,-0.37377999726780103,437.0,57.7,17637.0,383.413043,1.657386,2.127503,9.760406,0.0,6.8806,46.0,53,17.637,2.5632938987878964,False,12712.0,-4925.0,13.1762,0.908299,-0.367894,-0.37377999726780103,119.0,11.843377749999995
438.0,8.77,-10830.0,-270.75,0.633874,-0.584458,-5.0,0.0,18.1631,40.0,false,true,10.0,3.0,true,15.0,159,-10.83,-0.5962638536373196,438.0,6.87,13260.0,473.571429,1.829683,3.11487,8.548902,0.0,3.6225,28.0,281,13.26,3.660455486542443,False,2430.0,-10830.0,18.1631,0.633874,-0.584458,-0.5962638536373196,68.0,0.9939420000000032
439.0,11.82,-13808.0,-336.780488,0.574484,-0.896158,-5.0,0.0,15.1654,41.0,true,true,10.0,3.0,true,15.0,106,-13.808000000000002,-0.9104936236432933,439.0,5.13,7614.0,262.551724,1.403241,0.904276,5.794743,0.0,7.2722,29.0,366,7.614,1.0470009075657984,False,-6194.0,-13808.0,15.1654,0.574484,-0.896158,-0.9104936236432933,70.0,-7.245341119999993
440.0,19.03,-6625.0,-93.309859,0.881859,-0.375014,-1.905441,0.0,17.3194,71.0,false,false,15.0,3.0,true,15.0,230,-6.625,-0.3825190249084841,440.0,34.59,8882.0,185.041667,1.251986,0.50229,2.161027,0.0,14.9323,48.0,142,8.882,0.5948179449917294,False,2257.0,-6625.0,17.3194,0.881859,-0.375014,-0.3825190249084841,119.0,1.6685674999999955
441.0,17.54,-1588.0,-21.753425,0.975434,-0.084974,-0.485668,0.0,18.3937,73.0,true,false,15.0,3.0,true,15.0,383,-1.5879999999999999,-0.08633390780538988,441.0,72.77,32487.0,649.74,1.960046,2.753602,7.806601,0.0,9.0552,50.0,24,32.487,3.587662337662338,False,30899.0,-1588.0,18.3937,0.975434,-0.084974,-0.08633390780538988,123.0,30.383106439999995
442.0,6.55,-12832.0,-320.8,0.636209,-0.614618,-5.0,0.0,20.4646,40.0,false,true,15.0,3.0,true,15.0,116,-12.831999999999999,-0.6270340001759135,442.0,5.31,13407.0,478.821429,1.766947,1.086995,4.554886,0.0,10.1016,28.0,349,13.407,1.3272154906153482,False,575.0,-12832.0,20.4646,0.636209,-0.614618,-0.6270340001759135,68.0,-1.1453862400000014
443.0,8.06,-13952.0,-340.292683,0.659749,-0.697705,-5.0,0.0,19.6821,41.0,true,true,15.0,3.0,true,15.0,105,-13.952,-0.7088674480873485,443.0,2.67,2580.0,88.965517,1.108944,0.147639,0.962061,0.0,14.5862,29.0,458,2.58,0.17687951625509044,False,-11372.0,-13952.0,19.6821,0.659749,-0.697705,-0.7088674480873485,70.0,-11.731961599999996
444.0,44.14,14559.0,207.985714,1.253752,0.864651,3.258446,0.0,15.801,70.0,false,false,20.0,3.0,true,15.0,475,14.559,0.9213973799126637,444.0,27.23,8389.0,174.770833,1.197203,0.432824,1.553685,0.0,16.4767,48.0,166,8.389000000000001,0.5091432143572439,True,22948.0,8389.0,16.4767,1.197203,0.432824,0.5091432143572439,118.0,24.169354509999998
445.0,43.04,20503.0,280.863014,1.297347,1.116052,3.238986,0.0,18.0817,73.0,true,false,20.0,3.0,true,15.0,481,20.503,1.1339088691881847,445.0,71.79,48513.0,990.061224,2.209348,3.438687,8.394975,0.0,10.0542,49.0,25,48.513,4.825147699468879,True,69016.0,20503.0,18.0817,1.297347,1.116052,1.1339088691881847,122.0,78.96262039000001
446.0,12.24,992.0,24.8,1.028358,0.076202,0.389526,0.0,12.7602,40.0,false,true,20.0,3.0,true,15.0,421,0.992,0.07774172818607859,446.0,6.62,26310.0,939.642857,2.406275,2.099258,7.262707,0.0,9.7631,28.0,292,26.31,2.6948407780315677,True,27302.0,992.0,12.7602,1.028358,0.076202,0.07774172818607859,68.0,27.562995200000007
447.0,5.91,-9158.0,-223.365854,0.794894,-0.414708,-2.604744,0.0,21.7352,41.0,true,true,20.0,3.0,true,15.0,183,-9.158,-0.42134417902756816,447.0,5.11,12590.0,434.137931,1.440934,0.767777,3.598607,0.0,13.0324,29.0,368,12.590000000000002,0.966053835057242,False,3432.0,-9158.0,21.7352,0.794894,-0.414708,-0.42134417902756816,70.0,2.2790078000000102
448.0,23.86,-2080.0,-29.295775,0.935101,-0.197907,-3.284936,0.0,9.9132,71.0,false,false,5.0,4.0,true,15.0,371,-2.08,-0.20982124843642821,448.0,33.51,1793.0,38.978261,1.089168,0.242363,2.538449,0.0,6.7753,46.0,146,1.7930000000000001,0.2646377282186767,False,-287.0,-2080.0,9.9132,0.935101,-0.197907,-0.20982124843642821,117.0,-0.32429440000000254
449.0,24.48,61.0,0.835616,1.001812,0.005975,0.080484,0.0,10.0482,73.0,true,false,5.0,4.0,true,15.0,416,0.061,0.006070739037837623,449.0,21.25,26.0,0.530612,1.001293,0.004439,0.03241,0.0,5.609,49.0,191,0.026,0.00463540738099483,True,87.0,26.0,10.0482,1.001293,0.004439,0.00463540738099483,122.0,0.08701585999999484
450.0,12.05,-1500.0,-37.5,0.913793,-0.197109,-4.335411,0.0,7.1718,40.0,false,true,5.0,4.0,true,15.0,384,-1.5,-0.20915251401321844,450.0,6.46,7383.0,263.678571,1.70194,2.280111,13.003723,0.0,2.9271,28.0,294,7.383000000000001,2.522291688018859,False,5883.0,-1500.0,7.1718,0.913793,-0.197109,-0.20915251401321844,68.0,5.772255000000004
451.0,13.07,-4610.0,-112.439024,0.773464,-0.474768,-5.0,0.0,9.5571,41.0,true,true,5.0,4.0,true,15.0,286,-4.61,-0.4823638969980434,451.0,2.46,-25.0,-0.862069,0.997914,-0.005429,-0.04533,0.0,4.4139,29.0,463,-0.025,-0.005663925326808492,False,-4635.0,-4610.0,9.5571,0.773464,-0.474768,-0.4823638969980434,70.0,-4.633847499999999
452.0,16.51,-15803.0,-219.486111,0.695704,-0.818681,-5.0,0.0,18.7226,72.0,false,false,10.0,4.0,true,15.0,69,-15.803,-0.8440601198551484,452.0,18.47,-1731.0,-35.326531,0.947778,-0.096156,-0.569747,0.0,15.5099,49.0,202,-1.7309999999999999,-0.11160613543607631,False,-17534.0,-15803.0,18.7226,0.695704,-0.818681,-0.8440601198551484,121.0,-17.26045007
453.0,24.35,1245.0,16.824324,1.022729,0.084757,0.635246,0.0,14.4577,74.0,true,false,10.0,4.0,true,15.0,425,1.2449999999999999,0.0861132821956466,453.0,47.21,12636.0,252.72,1.41038,1.241257,4.362705,0.0,8.9824,50.0,76,12.636,1.406750979693623,True,13881.0,1245.0,14.4577,1.022729,0.084757,0.0861132821956466,124.0,14.03831820000001
454.0,10.28,-13737.0,-343.425,0.538671,-0.837112,-5.0,0.0,16.0851,40.0,false,true,10.0,4.0,true,15.0,108,-13.736999999999998,-0.854020180166738,454.0,4.24,7024.0,250.857143,1.423388,0.599727,3.196905,0.0,9.8639,28.0,418,7.024,0.7120915662162026,False,-6713.0,-13737.0,16.0851,0.538671,-0.837112,-0.854020180166738,68.0,-7.6778868799999955
455.0,11.28,-12508.0,-305.073171,0.614664,-0.763241,-5.0,0.0,16.1299,41.0,true,true,10.0,4.0,true,15.0,125,-12.508,-0.7754542805597059,455.0,2.38,71.0,2.448276,1.003651,0.004997,0.037701,0.0,12.46,29.0,473,0.07100000000000001,0.005698234349919743,False,-12437.0,-12508.0,16.1299,0.614664,-0.763241,-0.7754542805597059,70.0,-12.445880679999998
456.0,40.5,9855.0,138.802817,1.17574,0.567423,2.51628,0.0,16.5408,71.0,false,false,15.0,4.0,true,15.0,456,9.855,0.5957994776552524,456.0,37.12,11366.0,236.791667,1.317114,0.642764,2.368043,0.0,14.3997,48.0,112,11.366,0.789321999763884,True,21221.0,9855.0,16.5408,1.17574,0.567423,0.5957994776552524,119.0,22.341119300000003
457.0,46.01,18676.0,252.378378,1.288299,1.134629,3.745856,0.0,16.0802,74.0,true,false,15.0,4.0,true,15.0,479,18.676000000000002,1.1614283404435268,457.0,73.87,48393.0,967.86,2.409477,4.101797,8.86248,0.0,8.1209,50.0,23,48.393,5.9590685761430375,True,67069.0,18676.0,16.0802,1.288299,1.134629,1.1614283404435268,124.0,76.10687668
458.0,6.61,-5302.0,-132.55,0.849687,-0.253952,-2.566556,0.0,20.4646,40.0,false,true,15.0,4.0,true,15.0,266,-5.302,-0.25908153592056526,458.0,6.38,23817.0,850.607143,2.362451,1.931004,7.514599,0.0,9.4146,28.0,298,23.817,2.529794149512459,False,18515.0,-5302.0,20.4646,0.849687,-0.253952,-0.25908153592056526,68.0,17.252222659999994
459.0,8.07,-11612.0,-283.219512,0.717497,-0.580687,-4.368293,0.0,19.6821,41.0,true,true,15.0,4.0,true,15.0,151,-11.612,-0.5899776954694875,459.0,5.25,11560.0,398.62069,1.488134,0.661516,3.57756,0.0,13.5691,29.0,355,11.559999999999999,0.8519356479059037,False,-52.0,-11612.0,19.6821,0.717497,-0.580687,-0.5899776954694875,70.0,-1.3943472000000012
460.0,32.09,10154.0,141.027778,1.167073,0.55733,1.362809,0.0,14.1922,72.0,false,false,20.0,4.0,true,15.0,461,10.154,0.7154634235706938,460.0,5.91,-2573.0,-51.46,0.943698,-0.091893,-0.314742,0.0,25.1441,50.0,329,-2.573,-0.10233016890642337,False,7581.0,-2573.0,25.1441,0.943698,-0.091893,-0.10233016890642337,122.0,7.319737579999996
461.0,28.88,14563.0,196.797297,1.201361,0.710945,1.621206,0.0,19.5333,74.0,true,false,20.0,4.0,true,15.0,476,14.563,0.7455473473504222,461.0,75.19,58617.0,1149.352941,2.362584,4.149582,6.257588,0.0,10.79,51.0,22,58.617,5.432530120481928,True,73180.0,14563.0,19.5333,1.201361,0.710945,0.7455473473504222,125.0,81.71639370999999
462.0,11.46,-3636.0,-90.9,0.896351,-0.245394,-0.900517,0.0,13.3269,40.0,false,true,20.0,4.0,true,15.0,318,-3.636,-0.2728316412669113,462.0,4.84,14805.0,528.75,1.723218,0.779991,2.670702,0.0,15.6449,28.0,391,14.804999999999998,0.9463147735044646,False,11169.0,-3636.0,15.6449,0.896351,-0.245394,-0.2728316412669113,68.0,10.630690200000004
463.0,5.96,-5590.0,-136.341463,0.874804,-0.253136,-1.277828,0.0,21.7352,41.0,true,true,20.0,4.0,true,15.0,262,-5.59,-0.2571864993190769,463.0,3.7,9403.0,324.241379,1.31629,0.421678,1.879345,0.0,17.625,29.0,432,9.403,0.5335035460992908,False,3813.0,-5590.0,21.7352,0.874804,-0.253136,-0.2571864993190769,70.0,3.287372300000002
464.0,23.31,-9000.0,-125.0,0.724349,-0.755668,-5.0,0.0,11.7132,72.0,false,false,5.0,5.0,true,15.0,185,-9.0,-0.7683638971416863,464.0,39.4,7243.0,157.456522,1.360205,1.128545,9.379895,0.0,5.6466,46.0,99,7.242999999999999,1.2827188042361775,False,-1757.0,-9000.0,11.7132,0.724349,-0.755668,-0.7683638971416863,118.0,-2.4088699999999963
465.0,24.13,-739.0,-9.986486,0.978467,-0.080074,-0.803845,0.0,9.0837,74.0,true,false,5.0,5.0,true,15.0,406,-0.739,-0.08135451412970485,465.0,40.11,4461.0,91.040816,1.221896,0.780031,4.240807,0.0,5.3291,49.0,97,4.460999999999999,0.8371019496725525,False,3722.0,-739.0,9.0837,0.978467,-0.080074,-0.08135451412970485,123.0,3.6890332100000034
466.0,11.87,-6380.0,-159.5,0.633964,-0.659091,-5.0,0.0,9.4883,40.0,false,true,5.0,5.0,true,15.0,237,-6.38,-0.6724070697595986,466.0,6.97,11843.0,422.964286,2.125975,3.657505,18.699423,0.0,2.8137,28.0,276,11.843,4.209048583715393,False,5463.0,-6380.0,9.4883,0.633964,-0.659091,-0.6724070697595986,68.0,4.707416600000003
467.0,13.09,-6810.0,-166.097561,0.665685,-0.762598,-5.0,0.0,8.7894,41.0,true,true,5.0,5.0,true,15.0,227,-6.81,-0.7747969144651511,467.0,4.62,2620.0,90.344828,1.218607,0.626345,3.400035,0.0,3.9257,29.0,406,2.62,0.6673968973686222,False,-4190.0,-6810.0,8.7894,0.665685,-0.762598,-0.7747969144651511,70.0,-4.368422000000005
468.0,21.63,-6793.0,-94.347222,0.869197,-0.427555,-2.801382,0.0,15.1156,72.0,false,false,10.0,5.0,true,15.0,228,-6.793,-0.4494032655005425,468.0,14.16,-4294.0,-87.632653,0.872736,-0.193467,-1.136769,0.0,18.8251,49.0,226,-4.294,-0.22809971792978523,False,-11087.0,-6793.0,18.8251,0.869197,-0.427555,-0.4494032655005425,121.0,-10.795308580000007
469.0,45.43,10217.0,138.067568,1.186187,0.805186,4.416595,0.0,12.4892,74.0,true,false,10.0,5.0,true,15.0,462,10.217,0.8180668097236012,469.0,60.75,18072.0,361.44,1.577639,1.884856,5.075323,0.0,8.0165,50.0,47,18.072,2.2543504022952656,True,28289.0,10217.0,12.4892,1.186187,0.805186,0.8180668097236012,124.0,30.13541624
470.0,10.29,-9757.0,-243.925,0.672331,-0.594576,-5.0,0.0,16.0851,40.0,false,true,10.0,5.0,true,15.0,173,-9.757,-0.6065862195447961,470.0,5.32,12857.0,459.178571,1.774985,1.097763,5.222881,0.0,9.402,28.0,348,12.857,1.3674750053180176,False,3100.0,-9757.0,16.0851,0.672331,-0.594576,-0.6065862195447961,68.0,1.84554251000002
471.0,11.31,-7438.0,-181.414634,0.770856,-0.453869,-5.0,0.0,16.1299,41.0,true,true,10.0,5.0,true,15.0,211,-7.438000000000001,-0.46113119114191664,471.0,4.44,5071.0,174.862069,1.260787,0.356912,2.44195,0.0,11.9366,29.0,413,5.071,0.4248278404235712,False,-2367.0,-7438.0,16.1299,0.770856,-0.453869,-0.46113119114191664,70.0,-2.7441809799999994
472.0,13.69,-40.0,-0.547945,0.999322,-0.001805,-0.005887,0.0,20.5425,73.0,false,false,15.0,5.0,true,15.0,415,-0.04,-0.0019471826700742363,472.0,12.86,5636.0,115.020408,1.1472,0.210999,0.842964,0.0,21.6796,49.0,233,5.636,0.25996789608664367,False,5596.0,-40.0,21.6796,0.999322,-0.001805,-0.0019471826700742363,122.0,5.593745600000011
473.0,20.09,6500.0,86.666667,1.096097,0.321178,0.932668,0.0,19.2259,75.0,true,false,15.0,5.0,true,15.0,450,6.5,0.3380856032747492,473.0,75.4,58519.0,1147.431373,2.609256,4.335062,7.512699,0.0,9.1434,51.0,21,58.519,6.400135616947744,True,65019.0,6500.0,19.2259,1.096097,0.321178,0.3380856032747492,126.0,68.82273499999998
474.0,6.55,-13430.0,-335.75,0.620321,-0.643261,-3.92979,0.0,20.4646,40.0,false,true,15.0,5.0,true,15.0,110,-13.43,-0.6562551918923408,474.0,5.28,18246.0,651.642857,1.993412,0.999124,3.682739,0.0,14.0611,28.0,350,18.246000000000002,1.2976225188641004,False,4816.0,-13430.0,20.4646,0.620321,-0.643261,-0.6562551918923408,68.0,2.3655622000000154
475.0,8.07,-11700.0,-285.365854,0.715356,-0.585088,-3.681436,0.0,19.6821,41.0,true,true,15.0,5.0,true,15.0,145,-11.700000000000001,-0.5944487630893046,475.0,4.88,12137.0,418.517241,1.50211,0.530556,2.616569,0.0,16.975,29.0,387,12.137,0.7149926362297496,False,437.0,-11700.0,19.6821,0.715356,-0.585088,-0.5944487630893046,70.0,-0.9830290000000019
476.0,20.04,7080.0,98.333333,1.114766,0.312804,0.719139,0.0,18.5739,72.0,false,false,20.0,5.0,true,15.0,451,7.08,0.3811800429635134,476.0,10.38,7129.0,142.58,1.155996,0.254607,0.839214,0.0,23.891,50.0,237,7.1290000000000004,0.29839688585659874,True,14209.0,7080.0,23.891,1.114766,0.254607,0.29839688585659874,122.0,14.7137332
477.0,4.32,-14780.0,-197.066667,0.798649,-0.465879,-1.185023,0.0,31.2254,75.0,true,false,20.0,5.0,true,15.0,83,-14.78,-0.47333260742856775,477.0,62.49,52920.0,1037.647059,2.18067,1.911021,4.251316,0.0,18.458,51.0,45,52.92,2.86704951782425,False,38140.0,-14780.0,31.2254,0.798649,-0.465879,-0.47333260742856775,126.0,30.318424
478.0,9.29,-6582.0,-164.55,0.815465,-0.32966,-1.179508,0.0,17.6092,40.0,false,true,20.0,5.0,true,15.0,231,-6.582000000000001,-0.37378188674102175,478.0,5.35,22547.0,805.25,2.101412,1.187872,3.91336,0.0,14.9263,28.0,347,22.547,1.5105551945224203,False,15965.0,-6582.0,17.6092,0.815465,-0.32966,-0.37378188674102175,68.0,14.480956460000005
479.0,3.7,-6164.0,-150.341463,0.862374,-0.244545,-1.057992,0.0,24.8091,41.0,true,true,20.0,5.0,true,15.0,250,-6.164,-0.24845721932677928,479.0,5.62,19304.0,665.655172,1.649332,0.865689,3.566532,0.0,16.5756,29.0,337,19.304,1.1646033929390187,False,13140.0,-6164.0,24.8091,0.862374,-0.244545,-0.24845721932677928,70.0,11.950101439999994
